patent_id,source_application_number,requested_application_number,applicationNumber,appReferenceNumber,seq,legalStatusCode,legalStatusName,legalStatusDate,legalStatusComment
1,10-2006-0029021,1020060029021,1020060029021,,1,PA0109,특허출원,20060330,특허를 받고자 하는 자는 특허가 담은 발명에 대한 서류를 작성한 특허출원서를 특허청장에게 제출하여야한다.
1,10-2006-0029021,1020060029021,1020060029021,,2,PB0701,심사전치후 등록결정,20080423,심사관이 거절결정한 출원에 대하여 출원인이 거절결정불복심판을 청구하고 심판청구일로부터 30일 이내에 특허출원서에 첨부된 명세서 또는 도면을 보정한 때에는 곧바로 심판절차에 따라 심판하는 것이 아니라 심사관이 보정된 출원을 다시 심사 해야 한다. 심사관은 심사전치된 출원에 대한 심사결과 그 출원에 대한 거절사유가 해소된 때에는 원결정을 취소하고 특허결정을 하여야 한다. 이 경우 그 특허거절결정의 심판청구는 소멸된 것으로 본다.
1,10-2006-0029021,1020060029021,1020060029021,,3,PB0901,심사전치에 의한 심사,20080421,심사관이 거절결정한 출원에 대하여 출원인이 거절결정불복심판을 청구하고 심판청구일로부터 30일 이내에 특허출원서에 첨부된 명세서 또는 도면을 보정한 때에는 곧바로 심판절차에 따라 심판하는 것이 아니라 심사관이 보정된 출원을 다시 심사 해야 한다. 심사전치에 의한 심사 결과 그 출원에 대한 거절사유가 해소된 때에는 특허거절결정을 취소하고 특허결정을 하여야한다
1,10-2006-0029021,1020060029021,1020060029021,,4,PE0601,특허거절결정,20080220,심사관은 특허출원이 특허법 제62조 각호의 어느 하나에 해당 할 경우 거절이유 통지 후 거절결정을 해야한다. 다만 거절결정전에 출원인은 심사관의 거절이유통지에 대응하여 의견서를 제출할수 있고 지정한 의견서 제출기간 이내에 보정서를 제출하여 명세서 또는 도면을 보정 할수 있다. 출원인이 의견서를 제출한 경우 제출된 의견서를 반영하여 거절이유가 유지될수 있는지 여부를 다시 심사한다. 만약 의견서 제출기간 이내에 보정서도 같이 제출한 경우에는 해당 보정서에 의한 보정사항을 반영하여 심사한다. 심사관은 의견서 및 보정사항을 반영하여 다시 심사한 후에도 거절이유통지에서 지적한 거절이유가 해소되지 않았다고 인정하는 경우 거절결정을 해야 한다.
1,10-2006-0029021,1020060029021,1020060029021,,5,PG1601,등록공고,20080729,특허권은 설정등록에 의해 발생하며 등록이 있는 때는 그 특허에 관하여 특허공보에 게재하여 등록공고를 하여야 한다. 비밀취급을 요하는 특허발명에 대하여는 비밀취급의 해제시까지 등록공고를 보류하며 그 비밀취급이 해제된 때에는 지체없이 등록공고를 하여야 하며 등록공고가 있는 날부터 3월간 출원서류 및 그 부속물건을 공중의 열람에 제공해야 한다.
1,10-2006-0029021,1020060029021,1020060029021,,6,PJ0201,거절결정불복심판,20080319,특허거절결정 또는 특허권의 존속기간의 연장등록거절결정을 받은 자가 불복이 있는 때에는 그 결정등본을 송달받은 날부터 30일 이내에 심판을 청구할 수 있다.
1,10-2006-0029021,1020060029021,1020060029021,,7,PR1001,연차료납부,20110721,"특허법 제87조 1항에 따른 특허권의 설정등록을 받으려는 자는 설정등록을 받으려는 날부터 3년분의 특허료를 납부해야 하는데, 그 다음 연도분부터는 특허료를 해당 권리의 설정등록일에 해당하는 날을 기준으로 일정기간 내에 매년 1년분씩 납부함으로써 특허권을 유지한다. 연차료의 납부기간의 종류는 아래와 같다.정상납부기간(정상납부만료일 이전), 추가납부기간(추가납부안내서 발송 이후 6개월), 회복납부기간(권리소멸 시점부터 3개월 이내)"
1,10-2006-0029021,1020060029021,1020060029021,,8,PR1001,연차료납부,20121016,"특허법 제87조 1항에 따른 특허권의 설정등록을 받으려는 자는 설정등록을 받으려는 날부터 3년분의 특허료를 납부해야 하는데, 그 다음 연도분부터는 특허료를 해당 권리의 설정등록일에 해당하는 날을 기준으로 일정기간 내에 매년 1년분씩 납부함으로써 특허권을 유지한다. 연차료의 납부기간의 종류는 아래와 같다.정상납부기간(정상납부만료일 이전), 추가납부기간(추가납부안내서 발송 이후 6개월), 회복납부기간(권리소멸 시점부터 3개월 이내)"
1,10-2006-0029021,1020060029021,1020060029021,,9,PR1001,연차료납부,20130704,"특허법 제87조 1항에 따른 특허권의 설정등록을 받으려는 자는 설정등록을 받으려는 날부터 3년분의 특허료를 납부해야 하는데, 그 다음 연도분부터는 특허료를 해당 권리의 설정등록일에 해당하는 날을 기준으로 일정기간 내에 매년 1년분씩 납부함으로써 특허권을 유지한다. 연차료의 납부기간의 종류는 아래와 같다.정상납부기간(정상납부만료일 이전), 추가납부기간(추가납부안내서 발송 이후 6개월), 회복납부기간(권리소멸 시점부터 3개월 이내)"
1,10-2006-0029021,1020060029021,1020060029021,,10,PR1002,등록료납부,20080723,"특허권의 설정등록을 받으려는 자는 설정등록받으려는 날 부터 3년분의 특허료를 납부한다.특허권의 설정등록을 받고자 하는자 또는 특허권자는 특허료 납부기간이 경과한 후에도 6개월 이내 특허료를 추가 납부할 수 있으며 특허료 추가 납부할 때에는 납부하여야 할 특허료의 2배 이내의 범위에서 납부해야한다. 추가납부기간 이내에 특허료를 납부하지 못한 경우에는 특허권리를 소멸하게 되는데, 이때 특허권자는 추가납부기간 만료일부터 3개월 이내에 특허료의 3배를 납부하고 그 소멸한 권리의 회복을 신청 할 수 있다."
1,10-2006-0029021,1020060029021,1020060029021,,11,PA0201,심사청구,20060330,"특허출원 이후 3년 이내에 특허청장에게 그 특허출원에 관하여 출원심사의 청구를 할 수 있고, 다만, 제34조 및 제35조에 따른 정당한 권리자의 특허출원, 분할출원 또는 변경출원에 관하여는 그 기간이 지난 후에도 정당한 권리자가 특허출원을 한 날, 분할출원을 한 날 또는 변경출원을 한 날부터 각각 30일 이내에 출원심사 청구를 할 수 있다. 심사청구가 있을 시에 한하여 특허출원을 심사한다."
1,10-2006-0029021,1020060029021,1020060029021,,12,PE0902,거절이유통지,20070226,심사관은 특허법 제62조(특허거절결정)에 따라 특허거절결정을 하고자 할 때에는 출원인에게 거절이유를 통지하고 기간을 정하여 의견서를 제출할 기회를 주어야 한다. 다만 특허법 제51조(보정각하)에 따라 보정각하결정을 할때는 그러지 아니한다. 심사관이 행하는 거절이유통지는 2종류로 구분되며 그 종류에 따라 출원인이 할 수 있는 명세서 또는 도면의 보정 범위가 다르게 제한된다. 하나는 거절이유통지에 대한 보정에 따라 발생한 거절이유만을 통지하는 거절이유통지(최후거절이유통지)와 다른 하나는 출원인이 처음으로 받거나 최후거절이유통지가 아닌 거절이유통지(최초거절이유통지)를 말한다.
1,10-2006-0029021,1020060029021,1020060029021,,13,PE0902,거절이유통지,20070831,심사관은 특허법 제62조(특허거절결정)에 따라 특허거절결정을 하고자 할 때에는 출원인에게 거절이유를 통지하고 기간을 정하여 의견서를 제출할 기회를 주어야 한다. 다만 특허법 제51조(보정각하)에 따라 보정각하결정을 할때는 그러지 아니한다. 심사관이 행하는 거절이유통지는 2종류로 구분되며 그 종류에 따라 출원인이 할 수 있는 명세서 또는 도면의 보정 범위가 다르게 제한된다. 하나는 거절이유통지에 대한 보정에 따라 발생한 거절이유만을 통지하는 거절이유통지(최후거절이유통지)와 다른 하나는 출원인이 처음으로 받거나 최후거절이유통지가 아닌 거절이유통지(최초거절이유통지)를 말한다.
1,10-2006-0029021,1020060029021,1020060029021,,14,PG1501,출원공개,20071005,"출원인의 신청에 의하여 조기공개신청  또는 특허출원 이후 1년 6개월 경과 후 심사여부와 관계없이 출원공개를 해야하며 이는  발명의 공개를 통해 제3자의 중복연구, 중복투자 및 중복출원을 방지하는 한편 기술이용의 기회를 제공한다."
1,10-2006-0029021,1020060029021,1020060029021,,15,PR0701,설정등록,20080723,"특허권은 설정등록에 의해 발생하며, 특허결정이 된 후 출원인이 특허료를 납부하거나 보전한 경우 또는 추가납부하거나 특허료가 면제된 경우에 특허청장은 특허권을 설정하기 위한 등록을 해야 한다."
1,10-2006-0029021,1020060029021,1020060029021,,16,PR1001,연차료납부,20160615,"특허법 제87조 1항에 따른 특허권의 설정등록을 받으려는 자는 설정등록을 받으려는 날부터 3년분의 특허료를 납부해야 하는데, 그 다음 연도분부터는 특허료를 해당 권리의 설정등록일에 해당하는 날을 기준으로 일정기간 내에 매년 1년분씩 납부함으로써 특허권을 유지한다. 연차료의 납부기간의 종류는 아래와 같다.정상납부기간(정상납부만료일 이전), 추가납부기간(추가납부안내서 발송 이후 6개월), 회복납부기간(권리소멸 시점부터 3개월 이내)"
1,10-2006-0029021,1020060029021,1020060029021,,17,PR1001,연차료납부,20190701,"특허법 제87조 1항에 따른 특허권의 설정등록을 받으려는 자는 설정등록을 받으려는 날부터 3년분의 특허료를 납부해야 하는데, 그 다음 연도분부터는 특허료를 해당 권리의 설정등록일에 해당하는 날을 기준으로 일정기간 내에 매년 1년분씩 납부함으로써 특허권을 유지한다. 연차료의 납부기간의 종류는 아래와 같다.정상납부기간(정상납부만료일 이전), 추가납부기간(추가납부안내서 발송 이후 6개월), 회복납부기간(권리소멸 시점부터 3개월 이내)"
1,10-2006-0029021,1020060029021,1020060029021,,18,PR1001,연차료납부,20250602,"특허법 제87조 1항에 따른 특허권의 설정등록을 받으려는 자는 설정등록을 받으려는 날부터 3년분의 특허료를 납부해야 하는데, 그 다음 연도분부터는 특허료를 해당 권리의 설정등록일에 해당하는 날을 기준으로 일정기간 내에 매년 1년분씩 납부함으로써 특허권을 유지한다. 연차료의 납부기간의 종류는 아래와 같다.정상납부기간(정상납부만료일 이전), 추가납부기간(추가납부안내서 발송 이후 6개월), 회복납부기간(권리소멸 시점부터 3개월 이내)"
2,10-2006-0048644,1020060048644,1020060048644,,1,PA0107,특허분할출원,20071024,하나의 특허출원에 2이상의 발명이 포함되는 경우 해당 출원발명을 분할하여 새로운 특허로 출원할 수 있다.
2,10-2006-0048644,1020060048644,1020060048644,,2,PA0109,특허출원,20060530,특허를 받고자 하는 자는 특허가 담은 발명에 대한 서류를 작성한 특허출원서를 특허청장에게 제출하여야한다.
2,10-2006-0048644,1020060048644,1020060048644,,3,PE0701,등록결정,20080130,심사관은 특허출원에 대해 거절이유를 발견할 수 없는 경우 특허결정을 해야 한다. 특허결정이 있는 경우 특허청장은 그 특허결정의 등본을 출원인에게 송달해야 한다. 특허결정은 그 결정 등본이 송달된 때에 확정된다.
2,10-2006-0048644,1020060048644,1020060048644,,4,PG1601,등록공고,20080211,특허권은 설정등록에 의해 발생하며 등록이 있는 때는 그 특허에 관하여 특허공보에 게재하여 등록공고를 하여야 한다. 비밀취급을 요하는 특허발명에 대하여는 비밀취급의 해제시까지 등록공고를 보류하며 그 비밀취급이 해제된 때에는 지체없이 등록공고를 하여야 하며 등록공고가 있는 날부터 3월간 출원서류 및 그 부속물건을 공중의 열람에 제공해야 한다.
2,10-2006-0048644,1020060048644,1020060048644,,5,PR1001,연차료납부,20110124,"특허법 제87조 1항에 따른 특허권의 설정등록을 받으려는 자는 설정등록을 받으려는 날부터 3년분의 특허료를 납부해야 하는데, 그 다음 연도분부터는 특허료를 해당 권리의 설정등록일에 해당하는 날을 기준으로 일정기간 내에 매년 1년분씩 납부함으로써 특허권을 유지한다. 연차료의 납부기간의 종류는 아래와 같다.정상납부기간(정상납부만료일 이전), 추가납부기간(추가납부안내서 발송 이후 6개월), 회복납부기간(권리소멸 시점부터 3개월 이내)"
2,10-2006-0048644,1020060048644,1020060048644,,6,PR1001,연차료납부,20140114,"특허법 제87조 1항에 따른 특허권의 설정등록을 받으려는 자는 설정등록을 받으려는 날부터 3년분의 특허료를 납부해야 하는데, 그 다음 연도분부터는 특허료를 해당 권리의 설정등록일에 해당하는 날을 기준으로 일정기간 내에 매년 1년분씩 납부함으로써 특허권을 유지한다. 연차료의 납부기간의 종류는 아래와 같다.정상납부기간(정상납부만료일 이전), 추가납부기간(추가납부안내서 발송 이후 6개월), 회복납부기간(권리소멸 시점부터 3개월 이내)"
2,10-2006-0048644,1020060048644,1020060048644,,7,PR1002,등록료납부,20080130,"특허권의 설정등록을 받으려는 자는 설정등록받으려는 날 부터 3년분의 특허료를 납부한다.특허권의 설정등록을 받고자 하는자 또는 특허권자는 특허료 납부기간이 경과한 후에도 6개월 이내 특허료를 추가 납부할 수 있으며 특허료 추가 납부할 때에는 납부하여야 할 특허료의 2배 이내의 범위에서 납부해야한다. 추가납부기간 이내에 특허료를 납부하지 못한 경우에는 특허권리를 소멸하게 되는데, 이때 특허권자는 추가납부기간 만료일부터 3개월 이내에 특허료의 3배를 납부하고 그 소멸한 권리의 회복을 신청 할 수 있다."
2,10-2006-0048644,1020060048644,1020060048644,,8,PA0201,심사청구,20060530,"특허출원 이후 3년 이내에 특허청장에게 그 특허출원에 관하여 출원심사의 청구를 할 수 있고, 다만, 제34조 및 제35조에 따른 정당한 권리자의 특허출원, 분할출원 또는 변경출원에 관하여는 그 기간이 지난 후에도 정당한 권리자가 특허출원을 한 날, 분할출원을 한 날 또는 변경출원을 한 날부터 각각 30일 이내에 출원심사 청구를 할 수 있다. 심사청구가 있을 시에 한하여 특허출원을 심사한다."
2,10-2006-0048644,1020060048644,1020060048644,,9,PE0902,거절이유통지,20070824,심사관은 특허법 제62조(특허거절결정)에 따라 특허거절결정을 하고자 할 때에는 출원인에게 거절이유를 통지하고 기간을 정하여 의견서를 제출할 기회를 주어야 한다. 다만 특허법 제51조(보정각하)에 따라 보정각하결정을 할때는 그러지 아니한다. 심사관이 행하는 거절이유통지는 2종류로 구분되며 그 종류에 따라 출원인이 할 수 있는 명세서 또는 도면의 보정 범위가 다르게 제한된다. 하나는 거절이유통지에 대한 보정에 따라 발생한 거절이유만을 통지하는 거절이유통지(최후거절이유통지)와 다른 하나는 출원인이 처음으로 받거나 최후거절이유통지가 아닌 거절이유통지(최초거절이유통지)를 말한다.
2,10-2006-0048644,1020060048644,1020060048644,,10,PG1501,출원공개,20071205,"출원인의 신청에 의하여 조기공개신청  또는 특허출원 이후 1년 6개월 경과 후 심사여부와 관계없이 출원공개를 해야하며 이는  발명의 공개를 통해 제3자의 중복연구, 중복투자 및 중복출원을 방지하는 한편 기술이용의 기회를 제공한다."
2,10-2006-0048644,1020060048644,1020060048644,,11,PR0701,설정등록,20080130,"특허권은 설정등록에 의해 발생하며, 특허결정이 된 후 출원인이 특허료를 납부하거나 보전한 경우 또는 추가납부하거나 특허료가 면제된 경우에 특허청장은 특허권을 설정하기 위한 등록을 해야 한다."
2,10-2006-0048644,1020060048644,1020060048644,,12,PR1001,연차료납부,20161221,"특허법 제87조 1항에 따른 특허권의 설정등록을 받으려는 자는 설정등록을 받으려는 날부터 3년분의 특허료를 납부해야 하는데, 그 다음 연도분부터는 특허료를 해당 권리의 설정등록일에 해당하는 날을 기준으로 일정기간 내에 매년 1년분씩 납부함으로써 특허권을 유지한다. 연차료의 납부기간의 종류는 아래와 같다.정상납부기간(정상납부만료일 이전), 추가납부기간(추가납부안내서 발송 이후 6개월), 회복납부기간(권리소멸 시점부터 3개월 이내)"
2,10-2006-0048644,1020060048644,1020060048644,,13,PR1001,연차료납부,20191226,"특허법 제87조 1항에 따른 특허권의 설정등록을 받으려는 자는 설정등록을 받으려는 날부터 3년분의 특허료를 납부해야 하는데, 그 다음 연도분부터는 특허료를 해당 권리의 설정등록일에 해당하는 날을 기준으로 일정기간 내에 매년 1년분씩 납부함으로써 특허권을 유지한다. 연차료의 납부기간의 종류는 아래와 같다.정상납부기간(정상납부만료일 이전), 추가납부기간(추가납부안내서 발송 이후 6개월), 회복납부기간(권리소멸 시점부터 3개월 이내)"
3,10-2006-0049273,1020060049273,1020060049273,,1,PA0109,특허출원,20060601,특허를 받고자 하는 자는 특허가 담은 발명에 대한 서류를 작성한 특허출원서를 특허청장에게 제출하여야한다.
3,10-2006-0049273,1020060049273,1020060049273,,2,PE0701,등록결정,20070914,심사관은 특허출원에 대해 거절이유를 발견할 수 없는 경우 특허결정을 해야 한다. 특허결정이 있는 경우 특허청장은 그 특허결정의 등본을 출원인에게 송달해야 한다. 특허결정은 그 결정 등본이 송달된 때에 확정된다.
3,10-2006-0049273,1020060049273,1020060049273,,3,PG1601,등록공고,20071009,특허권은 설정등록에 의해 발생하며 등록이 있는 때는 그 특허에 관하여 특허공보에 게재하여 등록공고를 하여야 한다. 비밀취급을 요하는 특허발명에 대하여는 비밀취급의 해제시까지 등록공고를 보류하며 그 비밀취급이 해제된 때에는 지체없이 등록공고를 하여야 하며 등록공고가 있는 날부터 3월간 출원서류 및 그 부속물건을 공중의 열람에 제공해야 한다.
3,10-2006-0049273,1020060049273,1020060049273,,4,PR1001,연차료납부,20100929,"특허법 제87조 1항에 따른 특허권의 설정등록을 받으려는 자는 설정등록을 받으려는 날부터 3년분의 특허료를 납부해야 하는데, 그 다음 연도분부터는 특허료를 해당 권리의 설정등록일에 해당하는 날을 기준으로 일정기간 내에 매년 1년분씩 납부함으로써 특허권을 유지한다. 연차료의 납부기간의 종류는 아래와 같다.정상납부기간(정상납부만료일 이전), 추가납부기간(추가납부안내서 발송 이후 6개월), 회복납부기간(권리소멸 시점부터 3개월 이내)"
3,10-2006-0049273,1020060049273,1020060049273,,5,PR1001,연차료납부,20130808,"특허법 제87조 1항에 따른 특허권의 설정등록을 받으려는 자는 설정등록을 받으려는 날부터 3년분의 특허료를 납부해야 하는데, 그 다음 연도분부터는 특허료를 해당 권리의 설정등록일에 해당하는 날을 기준으로 일정기간 내에 매년 1년분씩 납부함으로써 특허권을 유지한다. 연차료의 납부기간의 종류는 아래와 같다.정상납부기간(정상납부만료일 이전), 추가납부기간(추가납부안내서 발송 이후 6개월), 회복납부기간(권리소멸 시점부터 3개월 이내)"
3,10-2006-0049273,1020060049273,1020060049273,,6,PR1002,등록료납부,20071001,"특허권의 설정등록을 받으려는 자는 설정등록받으려는 날 부터 3년분의 특허료를 납부한다.특허권의 설정등록을 받고자 하는자 또는 특허권자는 특허료 납부기간이 경과한 후에도 6개월 이내 특허료를 추가 납부할 수 있으며 특허료 추가 납부할 때에는 납부하여야 할 특허료의 2배 이내의 범위에서 납부해야한다. 추가납부기간 이내에 특허료를 납부하지 못한 경우에는 특허권리를 소멸하게 되는데, 이때 특허권자는 추가납부기간 만료일부터 3개월 이내에 특허료의 3배를 납부하고 그 소멸한 권리의 회복을 신청 할 수 있다."
3,10-2006-0049273,1020060049273,1020060049273,,7,PA0201,심사청구,20060601,"특허출원 이후 3년 이내에 특허청장에게 그 특허출원에 관하여 출원심사의 청구를 할 수 있고, 다만, 제34조 및 제35조에 따른 정당한 권리자의 특허출원, 분할출원 또는 변경출원에 관하여는 그 기간이 지난 후에도 정당한 권리자가 특허출원을 한 날, 분할출원을 한 날 또는 변경출원을 한 날부터 각각 30일 이내에 출원심사 청구를 할 수 있다. 심사청구가 있을 시에 한하여 특허출원을 심사한다."
3,10-2006-0049273,1020060049273,1020060049273,,8,PE0902,거절이유통지,20070423,심사관은 특허법 제62조(특허거절결정)에 따라 특허거절결정을 하고자 할 때에는 출원인에게 거절이유를 통지하고 기간을 정하여 의견서를 제출할 기회를 주어야 한다. 다만 특허법 제51조(보정각하)에 따라 보정각하결정을 할때는 그러지 아니한다. 심사관이 행하는 거절이유통지는 2종류로 구분되며 그 종류에 따라 출원인이 할 수 있는 명세서 또는 도면의 보정 범위가 다르게 제한된다. 하나는 거절이유통지에 대한 보정에 따라 발생한 거절이유만을 통지하는 거절이유통지(최후거절이유통지)와 다른 하나는 출원인이 처음으로 받거나 최후거절이유통지가 아닌 거절이유통지(최초거절이유통지)를 말한다.
3,10-2006-0049273,1020060049273,1020060049273,,9,PR0701,설정등록,20071001,"특허권은 설정등록에 의해 발생하며, 특허결정이 된 후 출원인이 특허료를 납부하거나 보전한 경우 또는 추가납부하거나 특허료가 면제된 경우에 특허청장은 특허권을 설정하기 위한 등록을 해야 한다."
3,10-2006-0049273,1020060049273,1020060049273,,10,PR1001,연차료납부,20160804,"특허법 제87조 1항에 따른 특허권의 설정등록을 받으려는 자는 설정등록을 받으려는 날부터 3년분의 특허료를 납부해야 하는데, 그 다음 연도분부터는 특허료를 해당 권리의 설정등록일에 해당하는 날을 기준으로 일정기간 내에 매년 1년분씩 납부함으로써 특허권을 유지한다. 연차료의 납부기간의 종류는 아래와 같다.정상납부기간(정상납부만료일 이전), 추가납부기간(추가납부안내서 발송 이후 6개월), 회복납부기간(권리소멸 시점부터 3개월 이내)"
3,10-2006-0049273,1020060049273,1020060049273,,11,PR1001,연차료납부,20190926,"특허법 제87조 1항에 따른 특허권의 설정등록을 받으려는 자는 설정등록을 받으려는 날부터 3년분의 특허료를 납부해야 하는데, 그 다음 연도분부터는 특허료를 해당 권리의 설정등록일에 해당하는 날을 기준으로 일정기간 내에 매년 1년분씩 납부함으로써 특허권을 유지한다. 연차료의 납부기간의 종류는 아래와 같다.정상납부기간(정상납부만료일 이전), 추가납부기간(추가납부안내서 발송 이후 6개월), 회복납부기간(권리소멸 시점부터 3개월 이내)"
4,10-2006-0052946,1020060052946,1020060052946,,1,PA0109,특허출원,20060613,특허를 받고자 하는 자는 특허가 담은 발명에 대한 서류를 작성한 특허출원서를 특허청장에게 제출하여야한다.
4,10-2006-0052946,1020060052946,1020060052946,,2,PE0701,등록결정,20080829,심사관은 특허출원에 대해 거절이유를 발견할 수 없는 경우 특허결정을 해야 한다. 특허결정이 있는 경우 특허청장은 그 특허결정의 등본을 출원인에게 송달해야 한다. 특허결정은 그 결정 등본이 송달된 때에 확정된다.
4,10-2006-0052946,1020060052946,1020060052946,,3,PG1601,등록공고,20081009,특허권은 설정등록에 의해 발생하며 등록이 있는 때는 그 특허에 관하여 특허공보에 게재하여 등록공고를 하여야 한다. 비밀취급을 요하는 특허발명에 대하여는 비밀취급의 해제시까지 등록공고를 보류하며 그 비밀취급이 해제된 때에는 지체없이 등록공고를 하여야 하며 등록공고가 있는 날부터 3월간 출원서류 및 그 부속물건을 공중의 열람에 제공해야 한다.
4,10-2006-0052946,1020060052946,1020060052946,,4,PR1001,연차료납부,20110929,"특허법 제87조 1항에 따른 특허권의 설정등록을 받으려는 자는 설정등록을 받으려는 날부터 3년분의 특허료를 납부해야 하는데, 그 다음 연도분부터는 특허료를 해당 권리의 설정등록일에 해당하는 날을 기준으로 일정기간 내에 매년 1년분씩 납부함으로써 특허권을 유지한다. 연차료의 납부기간의 종류는 아래와 같다.정상납부기간(정상납부만료일 이전), 추가납부기간(추가납부안내서 발송 이후 6개월), 회복납부기간(권리소멸 시점부터 3개월 이내)"
4,10-2006-0052946,1020060052946,1020060052946,,5,PR1002,등록료납부,20080930,"특허권의 설정등록을 받으려는 자는 설정등록받으려는 날 부터 3년분의 특허료를 납부한다.특허권의 설정등록을 받고자 하는자 또는 특허권자는 특허료 납부기간이 경과한 후에도 6개월 이내 특허료를 추가 납부할 수 있으며 특허료 추가 납부할 때에는 납부하여야 할 특허료의 2배 이내의 범위에서 납부해야한다. 추가납부기간 이내에 특허료를 납부하지 못한 경우에는 특허권리를 소멸하게 되는데, 이때 특허권자는 추가납부기간 만료일부터 3개월 이내에 특허료의 3배를 납부하고 그 소멸한 권리의 회복을 신청 할 수 있다."
4,10-2006-0052946,1020060052946,1020060052946,,6,PA0201,심사청구,20060613,"특허출원 이후 3년 이내에 특허청장에게 그 특허출원에 관하여 출원심사의 청구를 할 수 있고, 다만, 제34조 및 제35조에 따른 정당한 권리자의 특허출원, 분할출원 또는 변경출원에 관하여는 그 기간이 지난 후에도 정당한 권리자가 특허출원을 한 날, 분할출원을 한 날 또는 변경출원을 한 날부터 각각 30일 이내에 출원심사 청구를 할 수 있다. 심사청구가 있을 시에 한하여 특허출원을 심사한다."
4,10-2006-0052946,1020060052946,1020060052946,,7,PE0902,거절이유통지,20070823,심사관은 특허법 제62조(특허거절결정)에 따라 특허거절결정을 하고자 할 때에는 출원인에게 거절이유를 통지하고 기간을 정하여 의견서를 제출할 기회를 주어야 한다. 다만 특허법 제51조(보정각하)에 따라 보정각하결정을 할때는 그러지 아니한다. 심사관이 행하는 거절이유통지는 2종류로 구분되며 그 종류에 따라 출원인이 할 수 있는 명세서 또는 도면의 보정 범위가 다르게 제한된다. 하나는 거절이유통지에 대한 보정에 따라 발생한 거절이유만을 통지하는 거절이유통지(최후거절이유통지)와 다른 하나는 출원인이 처음으로 받거나 최후거절이유통지가 아닌 거절이유통지(최초거절이유통지)를 말한다.
4,10-2006-0052946,1020060052946,1020060052946,,8,PE0902,거절이유통지,20080222,심사관은 특허법 제62조(특허거절결정)에 따라 특허거절결정을 하고자 할 때에는 출원인에게 거절이유를 통지하고 기간을 정하여 의견서를 제출할 기회를 주어야 한다. 다만 특허법 제51조(보정각하)에 따라 보정각하결정을 할때는 그러지 아니한다. 심사관이 행하는 거절이유통지는 2종류로 구분되며 그 종류에 따라 출원인이 할 수 있는 명세서 또는 도면의 보정 범위가 다르게 제한된다. 하나는 거절이유통지에 대한 보정에 따라 발생한 거절이유만을 통지하는 거절이유통지(최후거절이유통지)와 다른 하나는 출원인이 처음으로 받거나 최후거절이유통지가 아닌 거절이유통지(최초거절이유통지)를 말한다.
4,10-2006-0052946,1020060052946,1020060052946,,9,PG1501,출원공개,20071218,"출원인의 신청에 의하여 조기공개신청  또는 특허출원 이후 1년 6개월 경과 후 심사여부와 관계없이 출원공개를 해야하며 이는  발명의 공개를 통해 제3자의 중복연구, 중복투자 및 중복출원을 방지하는 한편 기술이용의 기회를 제공한다."
4,10-2006-0052946,1020060052946,1020060052946,,10,PR0701,설정등록,20080930,"특허권은 설정등록에 의해 발생하며, 특허결정이 된 후 출원인이 특허료를 납부하거나 보전한 경우 또는 추가납부하거나 특허료가 면제된 경우에 특허청장은 특허권을 설정하기 위한 등록을 해야 한다."
4,10-2006-0052946,1020060052946,1020060052946,,11,PR1001,연차료납부,20140801,"특허법 제87조 1항에 따른 특허권의 설정등록을 받으려는 자는 설정등록을 받으려는 날부터 3년분의 특허료를 납부해야 하는데, 그 다음 연도분부터는 특허료를 해당 권리의 설정등록일에 해당하는 날을 기준으로 일정기간 내에 매년 1년분씩 납부함으로써 특허권을 유지한다. 연차료의 납부기간의 종류는 아래와 같다.정상납부기간(정상납부만료일 이전), 추가납부기간(추가납부안내서 발송 이후 6개월), 회복납부기간(권리소멸 시점부터 3개월 이내)"
4,10-2006-0052946,1020060052946,1020060052946,,12,PR1001,연차료납부,20170823,"특허법 제87조 1항에 따른 특허권의 설정등록을 받으려는 자는 설정등록을 받으려는 날부터 3년분의 특허료를 납부해야 하는데, 그 다음 연도분부터는 특허료를 해당 권리의 설정등록일에 해당하는 날을 기준으로 일정기간 내에 매년 1년분씩 납부함으로써 특허권을 유지한다. 연차료의 납부기간의 종류는 아래와 같다.정상납부기간(정상납부만료일 이전), 추가납부기간(추가납부안내서 발송 이후 6개월), 회복납부기간(권리소멸 시점부터 3개월 이내)"
5,10-2006-0070892,1020060070892,1020060070892,,1,PA0109,특허출원,20060727,특허를 받고자 하는 자는 특허가 담은 발명에 대한 서류를 작성한 특허출원서를 특허청장에게 제출하여야한다.
5,10-2006-0070892,1020060070892,1020060070892,,2,PE0701,등록결정,20080320,심사관은 특허출원에 대해 거절이유를 발견할 수 없는 경우 특허결정을 해야 한다. 특허결정이 있는 경우 특허청장은 그 특허결정의 등본을 출원인에게 송달해야 한다. 특허결정은 그 결정 등본이 송달된 때에 확정된다.
5,10-2006-0070892,1020060070892,1020060070892,,3,PG1601,등록공고,20080331,특허권은 설정등록에 의해 발생하며 등록이 있는 때는 그 특허에 관하여 특허공보에 게재하여 등록공고를 하여야 한다. 비밀취급을 요하는 특허발명에 대하여는 비밀취급의 해제시까지 등록공고를 보류하며 그 비밀취급이 해제된 때에는 지체없이 등록공고를 하여야 하며 등록공고가 있는 날부터 3월간 출원서류 및 그 부속물건을 공중의 열람에 제공해야 한다.
5,10-2006-0070892,1020060070892,1020060070892,,4,PR1001,연차료납부,20110225,"특허법 제87조 1항에 따른 특허권의 설정등록을 받으려는 자는 설정등록을 받으려는 날부터 3년분의 특허료를 납부해야 하는데, 그 다음 연도분부터는 특허료를 해당 권리의 설정등록일에 해당하는 날을 기준으로 일정기간 내에 매년 1년분씩 납부함으로써 특허권을 유지한다. 연차료의 납부기간의 종류는 아래와 같다.정상납부기간(정상납부만료일 이전), 추가납부기간(추가납부안내서 발송 이후 6개월), 회복납부기간(권리소멸 시점부터 3개월 이내)"
5,10-2006-0070892,1020060070892,1020060070892,,5,PR1001,연차료납부,20140220,"특허법 제87조 1항에 따른 특허권의 설정등록을 받으려는 자는 설정등록을 받으려는 날부터 3년분의 특허료를 납부해야 하는데, 그 다음 연도분부터는 특허료를 해당 권리의 설정등록일에 해당하는 날을 기준으로 일정기간 내에 매년 1년분씩 납부함으로써 특허권을 유지한다. 연차료의 납부기간의 종류는 아래와 같다.정상납부기간(정상납부만료일 이전), 추가납부기간(추가납부안내서 발송 이후 6개월), 회복납부기간(권리소멸 시점부터 3개월 이내)"
5,10-2006-0070892,1020060070892,1020060070892,,6,PR1002,등록료납부,20080325,"특허권의 설정등록을 받으려는 자는 설정등록받으려는 날 부터 3년분의 특허료를 납부한다.특허권의 설정등록을 받고자 하는자 또는 특허권자는 특허료 납부기간이 경과한 후에도 6개월 이내 특허료를 추가 납부할 수 있으며 특허료 추가 납부할 때에는 납부하여야 할 특허료의 2배 이내의 범위에서 납부해야한다. 추가납부기간 이내에 특허료를 납부하지 못한 경우에는 특허권리를 소멸하게 되는데, 이때 특허권자는 추가납부기간 만료일부터 3개월 이내에 특허료의 3배를 납부하고 그 소멸한 권리의 회복을 신청 할 수 있다."
5,10-2006-0070892,1020060070892,1020060070892,,7,PA0201,심사청구,20060727,"특허출원 이후 3년 이내에 특허청장에게 그 특허출원에 관하여 출원심사의 청구를 할 수 있고, 다만, 제34조 및 제35조에 따른 정당한 권리자의 특허출원, 분할출원 또는 변경출원에 관하여는 그 기간이 지난 후에도 정당한 권리자가 특허출원을 한 날, 분할출원을 한 날 또는 변경출원을 한 날부터 각각 30일 이내에 출원심사 청구를 할 수 있다. 심사청구가 있을 시에 한하여 특허출원을 심사한다."
5,10-2006-0070892,1020060070892,1020060070892,,8,PE0902,거절이유통지,20070927,심사관은 특허법 제62조(특허거절결정)에 따라 특허거절결정을 하고자 할 때에는 출원인에게 거절이유를 통지하고 기간을 정하여 의견서를 제출할 기회를 주어야 한다. 다만 특허법 제51조(보정각하)에 따라 보정각하결정을 할때는 그러지 아니한다. 심사관이 행하는 거절이유통지는 2종류로 구분되며 그 종류에 따라 출원인이 할 수 있는 명세서 또는 도면의 보정 범위가 다르게 제한된다. 하나는 거절이유통지에 대한 보정에 따라 발생한 거절이유만을 통지하는 거절이유통지(최후거절이유통지)와 다른 하나는 출원인이 처음으로 받거나 최후거절이유통지가 아닌 거절이유통지(최초거절이유통지)를 말한다.
5,10-2006-0070892,1020060070892,1020060070892,,9,PG1501,출원공개,20080131,"출원인의 신청에 의하여 조기공개신청  또는 특허출원 이후 1년 6개월 경과 후 심사여부와 관계없이 출원공개를 해야하며 이는  발명의 공개를 통해 제3자의 중복연구, 중복투자 및 중복출원을 방지하는 한편 기술이용의 기회를 제공한다."
5,10-2006-0070892,1020060070892,1020060070892,,10,PR0701,설정등록,20080325,"특허권은 설정등록에 의해 발생하며, 특허결정이 된 후 출원인이 특허료를 납부하거나 보전한 경우 또는 추가납부하거나 특허료가 면제된 경우에 특허청장은 특허권을 설정하기 위한 등록을 해야 한다."
5,10-2006-0070892,1020060070892,1020060070892,,11,PR1001,연차료납부,20170112,"특허법 제87조 1항에 따른 특허권의 설정등록을 받으려는 자는 설정등록을 받으려는 날부터 3년분의 특허료를 납부해야 하는데, 그 다음 연도분부터는 특허료를 해당 권리의 설정등록일에 해당하는 날을 기준으로 일정기간 내에 매년 1년분씩 납부함으로써 특허권을 유지한다. 연차료의 납부기간의 종류는 아래와 같다.정상납부기간(정상납부만료일 이전), 추가납부기간(추가납부안내서 발송 이후 6개월), 회복납부기간(권리소멸 시점부터 3개월 이내)"
5,10-2006-0070892,1020060070892,1020060070892,,12,PR1001,연차료납부,20191226,"특허법 제87조 1항에 따른 특허권의 설정등록을 받으려는 자는 설정등록을 받으려는 날부터 3년분의 특허료를 납부해야 하는데, 그 다음 연도분부터는 특허료를 해당 권리의 설정등록일에 해당하는 날을 기준으로 일정기간 내에 매년 1년분씩 납부함으로써 특허권을 유지한다. 연차료의 납부기간의 종류는 아래와 같다.정상납부기간(정상납부만료일 이전), 추가납부기간(추가납부안내서 발송 이후 6개월), 회복납부기간(권리소멸 시점부터 3개월 이내)"
6,10-2006-0083478,1020060083478,1020060083478,,1,PA0109,특허출원,20060831,특허를 받고자 하는 자는 특허가 담은 발명에 대한 서류를 작성한 특허출원서를 특허청장에게 제출하여야한다.
6,10-2006-0083478,1020060083478,1020060083478,,2,PB0701,심사전치후 등록결정,20080626,심사관이 거절결정한 출원에 대하여 출원인이 거절결정불복심판을 청구하고 심판청구일로부터 30일 이내에 특허출원서에 첨부된 명세서 또는 도면을 보정한 때에는 곧바로 심판절차에 따라 심판하는 것이 아니라 심사관이 보정된 출원을 다시 심사 해야 한다. 심사관은 심사전치된 출원에 대한 심사결과 그 출원에 대한 거절사유가 해소된 때에는 원결정을 취소하고 특허결정을 하여야 한다. 이 경우 그 특허거절결정의 심판청구는 소멸된 것으로 본다.
6,10-2006-0083478,1020060083478,1020060083478,,3,PB0901,심사전치에 의한 심사,20080530,심사관이 거절결정한 출원에 대하여 출원인이 거절결정불복심판을 청구하고 심판청구일로부터 30일 이내에 특허출원서에 첨부된 명세서 또는 도면을 보정한 때에는 곧바로 심판절차에 따라 심판하는 것이 아니라 심사관이 보정된 출원을 다시 심사 해야 한다. 심사전치에 의한 심사 결과 그 출원에 대한 거절사유가 해소된 때에는 특허거절결정을 취소하고 특허결정을 하여야한다
6,10-2006-0083478,1020060083478,1020060083478,,4,PE0601,특허거절결정,20080325,심사관은 특허출원이 특허법 제62조 각호의 어느 하나에 해당 할 경우 거절이유 통지 후 거절결정을 해야한다. 다만 거절결정전에 출원인은 심사관의 거절이유통지에 대응하여 의견서를 제출할수 있고 지정한 의견서 제출기간 이내에 보정서를 제출하여 명세서 또는 도면을 보정 할수 있다. 출원인이 의견서를 제출한 경우 제출된 의견서를 반영하여 거절이유가 유지될수 있는지 여부를 다시 심사한다. 만약 의견서 제출기간 이내에 보정서도 같이 제출한 경우에는 해당 보정서에 의한 보정사항을 반영하여 심사한다. 심사관은 의견서 및 보정사항을 반영하여 다시 심사한 후에도 거절이유통지에서 지적한 거절이유가 해소되지 않았다고 인정하는 경우 거절결정을 해야 한다.
6,10-2006-0083478,1020060083478,1020060083478,,5,PG1601,등록공고,20080806,특허권은 설정등록에 의해 발생하며 등록이 있는 때는 그 특허에 관하여 특허공보에 게재하여 등록공고를 하여야 한다. 비밀취급을 요하는 특허발명에 대하여는 비밀취급의 해제시까지 등록공고를 보류하며 그 비밀취급이 해제된 때에는 지체없이 등록공고를 하여야 하며 등록공고가 있는 날부터 3월간 출원서류 및 그 부속물건을 공중의 열람에 제공해야 한다.
6,10-2006-0083478,1020060083478,1020060083478,,6,PJ0201,거절결정불복심판,20080423,특허거절결정 또는 특허권의 존속기간의 연장등록거절결정을 받은 자가 불복이 있는 때에는 그 결정등본을 송달받은 날부터 30일 이내에 심판을 청구할 수 있다.
6,10-2006-0083478,1020060083478,1020060083478,,7,PR1001,연차료납부,20110524,"특허법 제87조 1항에 따른 특허권의 설정등록을 받으려는 자는 설정등록을 받으려는 날부터 3년분의 특허료를 납부해야 하는데, 그 다음 연도분부터는 특허료를 해당 권리의 설정등록일에 해당하는 날을 기준으로 일정기간 내에 매년 1년분씩 납부함으로써 특허권을 유지한다. 연차료의 납부기간의 종류는 아래와 같다.정상납부기간(정상납부만료일 이전), 추가납부기간(추가납부안내서 발송 이후 6개월), 회복납부기간(권리소멸 시점부터 3개월 이내)"
6,10-2006-0083478,1020060083478,1020060083478,,8,PR1002,등록료납부,20080731,"특허권의 설정등록을 받으려는 자는 설정등록받으려는 날 부터 3년분의 특허료를 납부한다.특허권의 설정등록을 받고자 하는자 또는 특허권자는 특허료 납부기간이 경과한 후에도 6개월 이내 특허료를 추가 납부할 수 있으며 특허료 추가 납부할 때에는 납부하여야 할 특허료의 2배 이내의 범위에서 납부해야한다. 추가납부기간 이내에 특허료를 납부하지 못한 경우에는 특허권리를 소멸하게 되는데, 이때 특허권자는 추가납부기간 만료일부터 3개월 이내에 특허료의 3배를 납부하고 그 소멸한 권리의 회복을 신청 할 수 있다."
6,10-2006-0083478,1020060083478,1020060083478,,9,PA0201,심사청구,20060831,"특허출원 이후 3년 이내에 특허청장에게 그 특허출원에 관하여 출원심사의 청구를 할 수 있고, 다만, 제34조 및 제35조에 따른 정당한 권리자의 특허출원, 분할출원 또는 변경출원에 관하여는 그 기간이 지난 후에도 정당한 권리자가 특허출원을 한 날, 분할출원을 한 날 또는 변경출원을 한 날부터 각각 30일 이내에 출원심사 청구를 할 수 있다. 심사청구가 있을 시에 한하여 특허출원을 심사한다."
6,10-2006-0083478,1020060083478,1020060083478,,10,PE0902,거절이유통지,20070914,심사관은 특허법 제62조(특허거절결정)에 따라 특허거절결정을 하고자 할 때에는 출원인에게 거절이유를 통지하고 기간을 정하여 의견서를 제출할 기회를 주어야 한다. 다만 특허법 제51조(보정각하)에 따라 보정각하결정을 할때는 그러지 아니한다. 심사관이 행하는 거절이유통지는 2종류로 구분되며 그 종류에 따라 출원인이 할 수 있는 명세서 또는 도면의 보정 범위가 다르게 제한된다. 하나는 거절이유통지에 대한 보정에 따라 발생한 거절이유만을 통지하는 거절이유통지(최후거절이유통지)와 다른 하나는 출원인이 처음으로 받거나 최후거절이유통지가 아닌 거절이유통지(최초거절이유통지)를 말한다.
6,10-2006-0083478,1020060083478,1020060083478,,11,PG1501,출원공개,20080305,"출원인의 신청에 의하여 조기공개신청  또는 특허출원 이후 1년 6개월 경과 후 심사여부와 관계없이 출원공개를 해야하며 이는  발명의 공개를 통해 제3자의 중복연구, 중복투자 및 중복출원을 방지하는 한편 기술이용의 기회를 제공한다."
6,10-2006-0083478,1020060083478,1020060083478,,12,PR0701,설정등록,20080731,"특허권은 설정등록에 의해 발생하며, 특허결정이 된 후 출원인이 특허료를 납부하거나 보전한 경우 또는 추가납부하거나 특허료가 면제된 경우에 특허청장은 특허권을 설정하기 위한 등록을 해야 한다."
6,10-2006-0083478,1020060083478,1020060083478,,13,PR1001,연차료납부,20140710,"특허법 제87조 1항에 따른 특허권의 설정등록을 받으려는 자는 설정등록을 받으려는 날부터 3년분의 특허료를 납부해야 하는데, 그 다음 연도분부터는 특허료를 해당 권리의 설정등록일에 해당하는 날을 기준으로 일정기간 내에 매년 1년분씩 납부함으로써 특허권을 유지한다. 연차료의 납부기간의 종류는 아래와 같다.정상납부기간(정상납부만료일 이전), 추가납부기간(추가납부안내서 발송 이후 6개월), 회복납부기간(권리소멸 시점부터 3개월 이내)"
6,10-2006-0083478,1020060083478,1020060083478,,14,PR1001,연차료납부,20170523,"특허법 제87조 1항에 따른 특허권의 설정등록을 받으려는 자는 설정등록을 받으려는 날부터 3년분의 특허료를 납부해야 하는데, 그 다음 연도분부터는 특허료를 해당 권리의 설정등록일에 해당하는 날을 기준으로 일정기간 내에 매년 1년분씩 납부함으로써 특허권을 유지한다. 연차료의 납부기간의 종류는 아래와 같다.정상납부기간(정상납부만료일 이전), 추가납부기간(추가납부안내서 발송 이후 6개월), 회복납부기간(권리소멸 시점부터 3개월 이내)"
7,10-2006-0089973,1020060089973,1020060089973,,1,PA0109,특허출원,20060918,특허를 받고자 하는 자는 특허가 담은 발명에 대한 서류를 작성한 특허출원서를 특허청장에게 제출하여야한다.
7,10-2006-0089973,1020060089973,1020060089973,,2,PE0701,등록결정,20080415,심사관은 특허출원에 대해 거절이유를 발견할 수 없는 경우 특허결정을 해야 한다. 특허결정이 있는 경우 특허청장은 그 특허결정의 등본을 출원인에게 송달해야 한다. 특허결정은 그 결정 등본이 송달된 때에 확정된다.
7,10-2006-0089973,1020060089973,1020060089973,,3,PG1601,등록공고,20080508,특허권은 설정등록에 의해 발생하며 등록이 있는 때는 그 특허에 관하여 특허공보에 게재하여 등록공고를 하여야 한다. 비밀취급을 요하는 특허발명에 대하여는 비밀취급의 해제시까지 등록공고를 보류하며 그 비밀취급이 해제된 때에는 지체없이 등록공고를 하여야 하며 등록공고가 있는 날부터 3월간 출원서류 및 그 부속물건을 공중의 열람에 제공해야 한다.
7,10-2006-0089973,1020060089973,1020060089973,,4,PR1001,연차료납부,20110225,"특허법 제87조 1항에 따른 특허권의 설정등록을 받으려는 자는 설정등록을 받으려는 날부터 3년분의 특허료를 납부해야 하는데, 그 다음 연도분부터는 특허료를 해당 권리의 설정등록일에 해당하는 날을 기준으로 일정기간 내에 매년 1년분씩 납부함으로써 특허권을 유지한다. 연차료의 납부기간의 종류는 아래와 같다.정상납부기간(정상납부만료일 이전), 추가납부기간(추가납부안내서 발송 이후 6개월), 회복납부기간(권리소멸 시점부터 3개월 이내)"
7,10-2006-0089973,1020060089973,1020060089973,,5,PR1001,연차료납부,20140313,"특허법 제87조 1항에 따른 특허권의 설정등록을 받으려는 자는 설정등록을 받으려는 날부터 3년분의 특허료를 납부해야 하는데, 그 다음 연도분부터는 특허료를 해당 권리의 설정등록일에 해당하는 날을 기준으로 일정기간 내에 매년 1년분씩 납부함으로써 특허권을 유지한다. 연차료의 납부기간의 종류는 아래와 같다.정상납부기간(정상납부만료일 이전), 추가납부기간(추가납부안내서 발송 이후 6개월), 회복납부기간(권리소멸 시점부터 3개월 이내)"
7,10-2006-0089973,1020060089973,1020060089973,,6,PR1002,등록료납부,20080430,"특허권의 설정등록을 받으려는 자는 설정등록받으려는 날 부터 3년분의 특허료를 납부한다.특허권의 설정등록을 받고자 하는자 또는 특허권자는 특허료 납부기간이 경과한 후에도 6개월 이내 특허료를 추가 납부할 수 있으며 특허료 추가 납부할 때에는 납부하여야 할 특허료의 2배 이내의 범위에서 납부해야한다. 추가납부기간 이내에 특허료를 납부하지 못한 경우에는 특허권리를 소멸하게 되는데, 이때 특허권자는 추가납부기간 만료일부터 3개월 이내에 특허료의 3배를 납부하고 그 소멸한 권리의 회복을 신청 할 수 있다."
7,10-2006-0089973,1020060089973,1020060089973,,7,PA0201,심사청구,20060918,"특허출원 이후 3년 이내에 특허청장에게 그 특허출원에 관하여 출원심사의 청구를 할 수 있고, 다만, 제34조 및 제35조에 따른 정당한 권리자의 특허출원, 분할출원 또는 변경출원에 관하여는 그 기간이 지난 후에도 정당한 권리자가 특허출원을 한 날, 분할출원을 한 날 또는 변경출원을 한 날부터 각각 30일 이내에 출원심사 청구를 할 수 있다. 심사청구가 있을 시에 한하여 특허출원을 심사한다."
7,10-2006-0089973,1020060089973,1020060089973,,8,PE0902,거절이유통지,20071127,심사관은 특허법 제62조(특허거절결정)에 따라 특허거절결정을 하고자 할 때에는 출원인에게 거절이유를 통지하고 기간을 정하여 의견서를 제출할 기회를 주어야 한다. 다만 특허법 제51조(보정각하)에 따라 보정각하결정을 할때는 그러지 아니한다. 심사관이 행하는 거절이유통지는 2종류로 구분되며 그 종류에 따라 출원인이 할 수 있는 명세서 또는 도면의 보정 범위가 다르게 제한된다. 하나는 거절이유통지에 대한 보정에 따라 발생한 거절이유만을 통지하는 거절이유통지(최후거절이유통지)와 다른 하나는 출원인이 처음으로 받거나 최후거절이유통지가 아닌 거절이유통지(최초거절이유통지)를 말한다.
7,10-2006-0089973,1020060089973,1020060089973,,9,PG1501,출원공개,20080321,"출원인의 신청에 의하여 조기공개신청  또는 특허출원 이후 1년 6개월 경과 후 심사여부와 관계없이 출원공개를 해야하며 이는  발명의 공개를 통해 제3자의 중복연구, 중복투자 및 중복출원을 방지하는 한편 기술이용의 기회를 제공한다."
7,10-2006-0089973,1020060089973,1020060089973,,10,PR0701,설정등록,20080430,"특허권은 설정등록에 의해 발생하며, 특허결정이 된 후 출원인이 특허료를 납부하거나 보전한 경우 또는 추가납부하거나 특허료가 면제된 경우에 특허청장은 특허권을 설정하기 위한 등록을 해야 한다."
7,10-2006-0089973,1020060089973,1020060089973,,11,PR1001,연차료납부,20200330,"특허법 제87조 1항에 따른 특허권의 설정등록을 받으려는 자는 설정등록을 받으려는 날부터 3년분의 특허료를 납부해야 하는데, 그 다음 연도분부터는 특허료를 해당 권리의 설정등록일에 해당하는 날을 기준으로 일정기간 내에 매년 1년분씩 납부함으로써 특허권을 유지한다. 연차료의 납부기간의 종류는 아래와 같다.정상납부기간(정상납부만료일 이전), 추가납부기간(추가납부안내서 발송 이후 6개월), 회복납부기간(권리소멸 시점부터 3개월 이내)"
7,10-2006-0089973,1020060089973,1020060089973,,12,PR1001,연차료납부,20230323,"특허법 제87조 1항에 따른 특허권의 설정등록을 받으려는 자는 설정등록을 받으려는 날부터 3년분의 특허료를 납부해야 하는데, 그 다음 연도분부터는 특허료를 해당 권리의 설정등록일에 해당하는 날을 기준으로 일정기간 내에 매년 1년분씩 납부함으로써 특허권을 유지한다. 연차료의 납부기간의 종류는 아래와 같다.정상납부기간(정상납부만료일 이전), 추가납부기간(추가납부안내서 발송 이후 6개월), 회복납부기간(권리소멸 시점부터 3개월 이내)"
8,10-2006-0091135,1020060091135,1020060091135,,1,PA0109,특허출원,20060920,특허를 받고자 하는 자는 특허가 담은 발명에 대한 서류를 작성한 특허출원서를 특허청장에게 제출하여야한다.
8,10-2006-0091135,1020060091135,1020060091135,,2,PE0701,등록결정,20080226,심사관은 특허출원에 대해 거절이유를 발견할 수 없는 경우 특허결정을 해야 한다. 특허결정이 있는 경우 특허청장은 그 특허결정의 등본을 출원인에게 송달해야 한다. 특허결정은 그 결정 등본이 송달된 때에 확정된다.
8,10-2006-0091135,1020060091135,1020060091135,,3,PG1601,등록공고,20080311,특허권은 설정등록에 의해 발생하며 등록이 있는 때는 그 특허에 관하여 특허공보에 게재하여 등록공고를 하여야 한다. 비밀취급을 요하는 특허발명에 대하여는 비밀취급의 해제시까지 등록공고를 보류하며 그 비밀취급이 해제된 때에는 지체없이 등록공고를 하여야 하며 등록공고가 있는 날부터 3월간 출원서류 및 그 부속물건을 공중의 열람에 제공해야 한다.
8,10-2006-0091135,1020060091135,1020060091135,,4,PR1001,연차료납부,20110225,"특허법 제87조 1항에 따른 특허권의 설정등록을 받으려는 자는 설정등록을 받으려는 날부터 3년분의 특허료를 납부해야 하는데, 그 다음 연도분부터는 특허료를 해당 권리의 설정등록일에 해당하는 날을 기준으로 일정기간 내에 매년 1년분씩 납부함으로써 특허권을 유지한다. 연차료의 납부기간의 종류는 아래와 같다.정상납부기간(정상납부만료일 이전), 추가납부기간(추가납부안내서 발송 이후 6개월), 회복납부기간(권리소멸 시점부터 3개월 이내)"
8,10-2006-0091135,1020060091135,1020060091135,,5,PR1001,연차료납부,20140120,"특허법 제87조 1항에 따른 특허권의 설정등록을 받으려는 자는 설정등록을 받으려는 날부터 3년분의 특허료를 납부해야 하는데, 그 다음 연도분부터는 특허료를 해당 권리의 설정등록일에 해당하는 날을 기준으로 일정기간 내에 매년 1년분씩 납부함으로써 특허권을 유지한다. 연차료의 납부기간의 종류는 아래와 같다.정상납부기간(정상납부만료일 이전), 추가납부기간(추가납부안내서 발송 이후 6개월), 회복납부기간(권리소멸 시점부터 3개월 이내)"
8,10-2006-0091135,1020060091135,1020060091135,,6,PR1002,등록료납부,20080304,"특허권의 설정등록을 받으려는 자는 설정등록받으려는 날 부터 3년분의 특허료를 납부한다.특허권의 설정등록을 받고자 하는자 또는 특허권자는 특허료 납부기간이 경과한 후에도 6개월 이내 특허료를 추가 납부할 수 있으며 특허료 추가 납부할 때에는 납부하여야 할 특허료의 2배 이내의 범위에서 납부해야한다. 추가납부기간 이내에 특허료를 납부하지 못한 경우에는 특허권리를 소멸하게 되는데, 이때 특허권자는 추가납부기간 만료일부터 3개월 이내에 특허료의 3배를 납부하고 그 소멸한 권리의 회복을 신청 할 수 있다."
8,10-2006-0091135,1020060091135,1020060091135,,7,PA0201,심사청구,20060920,"특허출원 이후 3년 이내에 특허청장에게 그 특허출원에 관하여 출원심사의 청구를 할 수 있고, 다만, 제34조 및 제35조에 따른 정당한 권리자의 특허출원, 분할출원 또는 변경출원에 관하여는 그 기간이 지난 후에도 정당한 권리자가 특허출원을 한 날, 분할출원을 한 날 또는 변경출원을 한 날부터 각각 30일 이내에 출원심사 청구를 할 수 있다. 심사청구가 있을 시에 한하여 특허출원을 심사한다."
8,10-2006-0091135,1020060091135,1020060091135,,8,PE0902,거절이유통지,20071019,심사관은 특허법 제62조(특허거절결정)에 따라 특허거절결정을 하고자 할 때에는 출원인에게 거절이유를 통지하고 기간을 정하여 의견서를 제출할 기회를 주어야 한다. 다만 특허법 제51조(보정각하)에 따라 보정각하결정을 할때는 그러지 아니한다. 심사관이 행하는 거절이유통지는 2종류로 구분되며 그 종류에 따라 출원인이 할 수 있는 명세서 또는 도면의 보정 범위가 다르게 제한된다. 하나는 거절이유통지에 대한 보정에 따라 발생한 거절이유만을 통지하는 거절이유통지(최후거절이유통지)와 다른 하나는 출원인이 처음으로 받거나 최후거절이유통지가 아닌 거절이유통지(최초거절이유통지)를 말한다.
8,10-2006-0091135,1020060091135,1020060091135,,9,PG1701,정정공고,20080408,"기발행된 공보에 게재된 사항에 대해 추가, 삭제, 취소 등이 필요할 시, 특허와 실용신안의 명세서 또는 도면에 대한 정정심결이 있는 경우, 전산오류에 의한 정정사항이 있을 경우 정정공보를 발행하며, 발간 종류는 아래와 같다.일반정정에 의한 정정공고, 무효심판에 의한 정정공고, 정정심판에 의한 정정공고"
8,10-2006-0091135,1020060091135,1020060091135,,10,PR0701,설정등록,20080304,"특허권은 설정등록에 의해 발생하며, 특허결정이 된 후 출원인이 특허료를 납부하거나 보전한 경우 또는 추가납부하거나 특허료가 면제된 경우에 특허청장은 특허권을 설정하기 위한 등록을 해야 한다."
8,10-2006-0091135,1020060091135,1020060091135,,11,PR1001,연차료납부,20170112,"특허법 제87조 1항에 따른 특허권의 설정등록을 받으려는 자는 설정등록을 받으려는 날부터 3년분의 특허료를 납부해야 하는데, 그 다음 연도분부터는 특허료를 해당 권리의 설정등록일에 해당하는 날을 기준으로 일정기간 내에 매년 1년분씩 납부함으로써 특허권을 유지한다. 연차료의 납부기간의 종류는 아래와 같다.정상납부기간(정상납부만료일 이전), 추가납부기간(추가납부안내서 발송 이후 6개월), 회복납부기간(권리소멸 시점부터 3개월 이내)"
8,10-2006-0091135,1020060091135,1020060091135,,12,PR1001,연차료납부,20191226,"특허법 제87조 1항에 따른 특허권의 설정등록을 받으려는 자는 설정등록을 받으려는 날부터 3년분의 특허료를 납부해야 하는데, 그 다음 연도분부터는 특허료를 해당 권리의 설정등록일에 해당하는 날을 기준으로 일정기간 내에 매년 1년분씩 납부함으로써 특허권을 유지한다. 연차료의 납부기간의 종류는 아래와 같다.정상납부기간(정상납부만료일 이전), 추가납부기간(추가납부안내서 발송 이후 6개월), 회복납부기간(권리소멸 시점부터 3개월 이내)"
9,10-2006-0102445,1020060102445,1020060102445,,1,PA0109,특허출원,20061020,특허를 받고자 하는 자는 특허가 담은 발명에 대한 서류를 작성한 특허출원서를 특허청장에게 제출하여야한다.
9,10-2006-0102445,1020060102445,1020060102445,,2,PE0701,등록결정,20081128,심사관은 특허출원에 대해 거절이유를 발견할 수 없는 경우 특허결정을 해야 한다. 특허결정이 있는 경우 특허청장은 그 특허결정의 등본을 출원인에게 송달해야 한다. 특허결정은 그 결정 등본이 송달된 때에 확정된다.
9,10-2006-0102445,1020060102445,1020060102445,,3,PG1601,등록공고,20081212,특허권은 설정등록에 의해 발생하며 등록이 있는 때는 그 특허에 관하여 특허공보에 게재하여 등록공고를 하여야 한다. 비밀취급을 요하는 특허발명에 대하여는 비밀취급의 해제시까지 등록공고를 보류하며 그 비밀취급이 해제된 때에는 지체없이 등록공고를 하여야 하며 등록공고가 있는 날부터 3월간 출원서류 및 그 부속물건을 공중의 열람에 제공해야 한다.
9,10-2006-0102445,1020060102445,1020060102445,,4,PR1001,연차료납부,20111118,"특허법 제87조 1항에 따른 특허권의 설정등록을 받으려는 자는 설정등록을 받으려는 날부터 3년분의 특허료를 납부해야 하는데, 그 다음 연도분부터는 특허료를 해당 권리의 설정등록일에 해당하는 날을 기준으로 일정기간 내에 매년 1년분씩 납부함으로써 특허권을 유지한다. 연차료의 납부기간의 종류는 아래와 같다.정상납부기간(정상납부만료일 이전), 추가납부기간(추가납부안내서 발송 이후 6개월), 회복납부기간(권리소멸 시점부터 3개월 이내)"
9,10-2006-0102445,1020060102445,1020060102445,,5,PR1002,등록료납부,20081205,"특허권의 설정등록을 받으려는 자는 설정등록받으려는 날 부터 3년분의 특허료를 납부한다.특허권의 설정등록을 받고자 하는자 또는 특허권자는 특허료 납부기간이 경과한 후에도 6개월 이내 특허료를 추가 납부할 수 있으며 특허료 추가 납부할 때에는 납부하여야 할 특허료의 2배 이내의 범위에서 납부해야한다. 추가납부기간 이내에 특허료를 납부하지 못한 경우에는 특허권리를 소멸하게 되는데, 이때 특허권자는 추가납부기간 만료일부터 3개월 이내에 특허료의 3배를 납부하고 그 소멸한 권리의 회복을 신청 할 수 있다."
9,10-2006-0102445,1020060102445,1020060102445,,6,PA0201,심사청구,20061020,"특허출원 이후 3년 이내에 특허청장에게 그 특허출원에 관하여 출원심사의 청구를 할 수 있고, 다만, 제34조 및 제35조에 따른 정당한 권리자의 특허출원, 분할출원 또는 변경출원에 관하여는 그 기간이 지난 후에도 정당한 권리자가 특허출원을 한 날, 분할출원을 한 날 또는 변경출원을 한 날부터 각각 30일 이내에 출원심사 청구를 할 수 있다. 심사청구가 있을 시에 한하여 특허출원을 심사한다."
9,10-2006-0102445,1020060102445,1020060102445,,7,PE0902,거절이유통지,20071122,심사관은 특허법 제62조(특허거절결정)에 따라 특허거절결정을 하고자 할 때에는 출원인에게 거절이유를 통지하고 기간을 정하여 의견서를 제출할 기회를 주어야 한다. 다만 특허법 제51조(보정각하)에 따라 보정각하결정을 할때는 그러지 아니한다. 심사관이 행하는 거절이유통지는 2종류로 구분되며 그 종류에 따라 출원인이 할 수 있는 명세서 또는 도면의 보정 범위가 다르게 제한된다. 하나는 거절이유통지에 대한 보정에 따라 발생한 거절이유만을 통지하는 거절이유통지(최후거절이유통지)와 다른 하나는 출원인이 처음으로 받거나 최후거절이유통지가 아닌 거절이유통지(최초거절이유통지)를 말한다.
9,10-2006-0102445,1020060102445,1020060102445,,8,PE0902,거절이유통지,20080528,심사관은 특허법 제62조(특허거절결정)에 따라 특허거절결정을 하고자 할 때에는 출원인에게 거절이유를 통지하고 기간을 정하여 의견서를 제출할 기회를 주어야 한다. 다만 특허법 제51조(보정각하)에 따라 보정각하결정을 할때는 그러지 아니한다. 심사관이 행하는 거절이유통지는 2종류로 구분되며 그 종류에 따라 출원인이 할 수 있는 명세서 또는 도면의 보정 범위가 다르게 제한된다. 하나는 거절이유통지에 대한 보정에 따라 발생한 거절이유만을 통지하는 거절이유통지(최후거절이유통지)와 다른 하나는 출원인이 처음으로 받거나 최후거절이유통지가 아닌 거절이유통지(최초거절이유통지)를 말한다.
9,10-2006-0102445,1020060102445,1020060102445,,9,PG1501,출원공개,20080424,"출원인의 신청에 의하여 조기공개신청  또는 특허출원 이후 1년 6개월 경과 후 심사여부와 관계없이 출원공개를 해야하며 이는  발명의 공개를 통해 제3자의 중복연구, 중복투자 및 중복출원을 방지하는 한편 기술이용의 기회를 제공한다."
9,10-2006-0102445,1020060102445,1020060102445,,10,PR0701,설정등록,20081205,"특허권은 설정등록에 의해 발생하며, 특허결정이 된 후 출원인이 특허료를 납부하거나 보전한 경우 또는 추가납부하거나 특허료가 면제된 경우에 특허청장은 특허권을 설정하기 위한 등록을 해야 한다."
9,10-2006-0102445,1020060102445,1020060102445,,11,PR1001,연차료납부,20141016,"특허법 제87조 1항에 따른 특허권의 설정등록을 받으려는 자는 설정등록을 받으려는 날부터 3년분의 특허료를 납부해야 하는데, 그 다음 연도분부터는 특허료를 해당 권리의 설정등록일에 해당하는 날을 기준으로 일정기간 내에 매년 1년분씩 납부함으로써 특허권을 유지한다. 연차료의 납부기간의 종류는 아래와 같다.정상납부기간(정상납부만료일 이전), 추가납부기간(추가납부안내서 발송 이후 6개월), 회복납부기간(권리소멸 시점부터 3개월 이내)"
9,10-2006-0102445,1020060102445,1020060102445,,12,PR1001,연차료납부,20171101,"특허법 제87조 1항에 따른 특허권의 설정등록을 받으려는 자는 설정등록을 받으려는 날부터 3년분의 특허료를 납부해야 하는데, 그 다음 연도분부터는 특허료를 해당 권리의 설정등록일에 해당하는 날을 기준으로 일정기간 내에 매년 1년분씩 납부함으로써 특허권을 유지한다. 연차료의 납부기간의 종류는 아래와 같다.정상납부기간(정상납부만료일 이전), 추가납부기간(추가납부안내서 발송 이후 6개월), 회복납부기간(권리소멸 시점부터 3개월 이내)"
9,10-2006-0102445,1020060102445,1020060102445,,13,PR1001,연차료납부,20200925,"특허법 제87조 1항에 따른 특허권의 설정등록을 받으려는 자는 설정등록을 받으려는 날부터 3년분의 특허료를 납부해야 하는데, 그 다음 연도분부터는 특허료를 해당 권리의 설정등록일에 해당하는 날을 기준으로 일정기간 내에 매년 1년분씩 납부함으로써 특허권을 유지한다. 연차료의 납부기간의 종류는 아래와 같다.정상납부기간(정상납부만료일 이전), 추가납부기간(추가납부안내서 발송 이후 6개월), 회복납부기간(권리소멸 시점부터 3개월 이내)"
10,10-2006-0104965,1020060104965,1020060104965,,1,PA0109,특허출원,20061027,특허를 받고자 하는 자는 특허가 담은 발명에 대한 서류를 작성한 특허출원서를 특허청장에게 제출하여야한다.
10,10-2006-0104965,1020060104965,1020060104965,,2,PE0701,등록결정,20071129,심사관은 특허출원에 대해 거절이유를 발견할 수 없는 경우 특허결정을 해야 한다. 특허결정이 있는 경우 특허청장은 그 특허결정의 등본을 출원인에게 송달해야 한다. 특허결정은 그 결정 등본이 송달된 때에 확정된다.
10,10-2006-0104965,1020060104965,1020060104965,,3,PG1601,등록공고,20071214,특허권은 설정등록에 의해 발생하며 등록이 있는 때는 그 특허에 관하여 특허공보에 게재하여 등록공고를 하여야 한다. 비밀취급을 요하는 특허발명에 대하여는 비밀취급의 해제시까지 등록공고를 보류하며 그 비밀취급이 해제된 때에는 지체없이 등록공고를 하여야 하며 등록공고가 있는 날부터 3월간 출원서류 및 그 부속물건을 공중의 열람에 제공해야 한다.
10,10-2006-0104965,1020060104965,1020060104965,,4,PR1001,연차료납부,20101130,"특허법 제87조 1항에 따른 특허권의 설정등록을 받으려는 자는 설정등록을 받으려는 날부터 3년분의 특허료를 납부해야 하는데, 그 다음 연도분부터는 특허료를 해당 권리의 설정등록일에 해당하는 날을 기준으로 일정기간 내에 매년 1년분씩 납부함으로써 특허권을 유지한다. 연차료의 납부기간의 종류는 아래와 같다.정상납부기간(정상납부만료일 이전), 추가납부기간(추가납부안내서 발송 이후 6개월), 회복납부기간(권리소멸 시점부터 3개월 이내)"
10,10-2006-0104965,1020060104965,1020060104965,,5,PR1001,연차료납부,20131029,"특허법 제87조 1항에 따른 특허권의 설정등록을 받으려는 자는 설정등록을 받으려는 날부터 3년분의 특허료를 납부해야 하는데, 그 다음 연도분부터는 특허료를 해당 권리의 설정등록일에 해당하는 날을 기준으로 일정기간 내에 매년 1년분씩 납부함으로써 특허권을 유지한다. 연차료의 납부기간의 종류는 아래와 같다.정상납부기간(정상납부만료일 이전), 추가납부기간(추가납부안내서 발송 이후 6개월), 회복납부기간(권리소멸 시점부터 3개월 이내)"
10,10-2006-0104965,1020060104965,1020060104965,,6,PR1002,등록료납부,20071205,"특허권의 설정등록을 받으려는 자는 설정등록받으려는 날 부터 3년분의 특허료를 납부한다.특허권의 설정등록을 받고자 하는자 또는 특허권자는 특허료 납부기간이 경과한 후에도 6개월 이내 특허료를 추가 납부할 수 있으며 특허료 추가 납부할 때에는 납부하여야 할 특허료의 2배 이내의 범위에서 납부해야한다. 추가납부기간 이내에 특허료를 납부하지 못한 경우에는 특허권리를 소멸하게 되는데, 이때 특허권자는 추가납부기간 만료일부터 3개월 이내에 특허료의 3배를 납부하고 그 소멸한 권리의 회복을 신청 할 수 있다."
10,10-2006-0104965,1020060104965,1020060104965,,7,PA0201,심사청구,20061027,"특허출원 이후 3년 이내에 특허청장에게 그 특허출원에 관하여 출원심사의 청구를 할 수 있고, 다만, 제34조 및 제35조에 따른 정당한 권리자의 특허출원, 분할출원 또는 변경출원에 관하여는 그 기간이 지난 후에도 정당한 권리자가 특허출원을 한 날, 분할출원을 한 날 또는 변경출원을 한 날부터 각각 30일 이내에 출원심사 청구를 할 수 있다. 심사청구가 있을 시에 한하여 특허출원을 심사한다."
10,10-2006-0104965,1020060104965,1020060104965,,8,PR0701,설정등록,20071205,"특허권은 설정등록에 의해 발생하며, 특허결정이 된 후 출원인이 특허료를 납부하거나 보전한 경우 또는 추가납부하거나 특허료가 면제된 경우에 특허청장은 특허권을 설정하기 위한 등록을 해야 한다."
10,10-2006-0104965,1020060104965,1020060104965,,9,PR1001,연차료납부,20161011,"특허법 제87조 1항에 따른 특허권의 설정등록을 받으려는 자는 설정등록을 받으려는 날부터 3년분의 특허료를 납부해야 하는데, 그 다음 연도분부터는 특허료를 해당 권리의 설정등록일에 해당하는 날을 기준으로 일정기간 내에 매년 1년분씩 납부함으로써 특허권을 유지한다. 연차료의 납부기간의 종류는 아래와 같다.정상납부기간(정상납부만료일 이전), 추가납부기간(추가납부안내서 발송 이후 6개월), 회복납부기간(권리소멸 시점부터 3개월 이내)"
10,10-2006-0104965,1020060104965,1020060104965,,10,PR1001,연차료납부,20190926,"특허법 제87조 1항에 따른 특허권의 설정등록을 받으려는 자는 설정등록을 받으려는 날부터 3년분의 특허료를 납부해야 하는데, 그 다음 연도분부터는 특허료를 해당 권리의 설정등록일에 해당하는 날을 기준으로 일정기간 내에 매년 1년분씩 납부함으로써 특허권을 유지한다. 연차료의 납부기간의 종류는 아래와 같다.정상납부기간(정상납부만료일 이전), 추가납부기간(추가납부안내서 발송 이후 6개월), 회복납부기간(권리소멸 시점부터 3개월 이내)"
11,10-2007-0004823,1020070004823,1020070004823,,1,PA0109,특허출원,20070116,특허를 받고자 하는 자는 특허가 담은 발명에 대한 서류를 작성한 특허출원서를 특허청장에게 제출하여야한다.
11,10-2007-0004823,1020070004823,1020070004823,,2,PE0701,등록결정,20080925,심사관은 특허출원에 대해 거절이유를 발견할 수 없는 경우 특허결정을 해야 한다. 특허결정이 있는 경우 특허청장은 그 특허결정의 등본을 출원인에게 송달해야 한다. 특허결정은 그 결정 등본이 송달된 때에 확정된다.
11,10-2007-0004823,1020070004823,1020070004823,,3,PG1601,등록공고,20081013,특허권은 설정등록에 의해 발생하며 등록이 있는 때는 그 특허에 관하여 특허공보에 게재하여 등록공고를 하여야 한다. 비밀취급을 요하는 특허발명에 대하여는 비밀취급의 해제시까지 등록공고를 보류하며 그 비밀취급이 해제된 때에는 지체없이 등록공고를 하여야 하며 등록공고가 있는 날부터 3월간 출원서류 및 그 부속물건을 공중의 열람에 제공해야 한다.
11,10-2007-0004823,1020070004823,1020070004823,,4,PR1001,연차료납부,20110908,"특허법 제87조 1항에 따른 특허권의 설정등록을 받으려는 자는 설정등록을 받으려는 날부터 3년분의 특허료를 납부해야 하는데, 그 다음 연도분부터는 특허료를 해당 권리의 설정등록일에 해당하는 날을 기준으로 일정기간 내에 매년 1년분씩 납부함으로써 특허권을 유지한다. 연차료의 납부기간의 종류는 아래와 같다.정상납부기간(정상납부만료일 이전), 추가납부기간(추가납부안내서 발송 이후 6개월), 회복납부기간(권리소멸 시점부터 3개월 이내)"
11,10-2007-0004823,1020070004823,1020070004823,,5,PR1002,등록료납부,20081006,"특허권의 설정등록을 받으려는 자는 설정등록받으려는 날 부터 3년분의 특허료를 납부한다.특허권의 설정등록을 받고자 하는자 또는 특허권자는 특허료 납부기간이 경과한 후에도 6개월 이내 특허료를 추가 납부할 수 있으며 특허료 추가 납부할 때에는 납부하여야 할 특허료의 2배 이내의 범위에서 납부해야한다. 추가납부기간 이내에 특허료를 납부하지 못한 경우에는 특허권리를 소멸하게 되는데, 이때 특허권자는 추가납부기간 만료일부터 3개월 이내에 특허료의 3배를 납부하고 그 소멸한 권리의 회복을 신청 할 수 있다."
11,10-2007-0004823,1020070004823,1020070004823,,6,PA0201,심사청구,20070116,"특허출원 이후 3년 이내에 특허청장에게 그 특허출원에 관하여 출원심사의 청구를 할 수 있고, 다만, 제34조 및 제35조에 따른 정당한 권리자의 특허출원, 분할출원 또는 변경출원에 관하여는 그 기간이 지난 후에도 정당한 권리자가 특허출원을 한 날, 분할출원을 한 날 또는 변경출원을 한 날부터 각각 30일 이내에 출원심사 청구를 할 수 있다. 심사청구가 있을 시에 한하여 특허출원을 심사한다."
11,10-2007-0004823,1020070004823,1020070004823,,7,PE0902,거절이유통지,20080314,심사관은 특허법 제62조(특허거절결정)에 따라 특허거절결정을 하고자 할 때에는 출원인에게 거절이유를 통지하고 기간을 정하여 의견서를 제출할 기회를 주어야 한다. 다만 특허법 제51조(보정각하)에 따라 보정각하결정을 할때는 그러지 아니한다. 심사관이 행하는 거절이유통지는 2종류로 구분되며 그 종류에 따라 출원인이 할 수 있는 명세서 또는 도면의 보정 범위가 다르게 제한된다. 하나는 거절이유통지에 대한 보정에 따라 발생한 거절이유만을 통지하는 거절이유통지(최후거절이유통지)와 다른 하나는 출원인이 처음으로 받거나 최후거절이유통지가 아닌 거절이유통지(최초거절이유통지)를 말한다.
11,10-2007-0004823,1020070004823,1020070004823,,8,PG1501,출원공개,20080930,"출원인의 신청에 의하여 조기공개신청  또는 특허출원 이후 1년 6개월 경과 후 심사여부와 관계없이 출원공개를 해야하며 이는  발명의 공개를 통해 제3자의 중복연구, 중복투자 및 중복출원을 방지하는 한편 기술이용의 기회를 제공한다."
11,10-2007-0004823,1020070004823,1020070004823,,9,PR0701,설정등록,20081006,"특허권은 설정등록에 의해 발생하며, 특허결정이 된 후 출원인이 특허료를 납부하거나 보전한 경우 또는 추가납부하거나 특허료가 면제된 경우에 특허청장은 특허권을 설정하기 위한 등록을 해야 한다."
11,10-2007-0004823,1020070004823,1020070004823,,10,PR1001,연차료납부,20140915,"특허법 제87조 1항에 따른 특허권의 설정등록을 받으려는 자는 설정등록을 받으려는 날부터 3년분의 특허료를 납부해야 하는데, 그 다음 연도분부터는 특허료를 해당 권리의 설정등록일에 해당하는 날을 기준으로 일정기간 내에 매년 1년분씩 납부함으로써 특허권을 유지한다. 연차료의 납부기간의 종류는 아래와 같다.정상납부기간(정상납부만료일 이전), 추가납부기간(추가납부안내서 발송 이후 6개월), 회복납부기간(권리소멸 시점부터 3개월 이내)"
11,10-2007-0004823,1020070004823,1020070004823,,11,PR1001,연차료납부,20170809,"특허법 제87조 1항에 따른 특허권의 설정등록을 받으려는 자는 설정등록을 받으려는 날부터 3년분의 특허료를 납부해야 하는데, 그 다음 연도분부터는 특허료를 해당 권리의 설정등록일에 해당하는 날을 기준으로 일정기간 내에 매년 1년분씩 납부함으로써 특허권을 유지한다. 연차료의 납부기간의 종류는 아래와 같다.정상납부기간(정상납부만료일 이전), 추가납부기간(추가납부안내서 발송 이후 6개월), 회복납부기간(권리소멸 시점부터 3개월 이내)"
11,10-2007-0004823,1020070004823,1020070004823,,12,PR1001,연차료납부,20200925,"특허법 제87조 1항에 따른 특허권의 설정등록을 받으려는 자는 설정등록을 받으려는 날부터 3년분의 특허료를 납부해야 하는데, 그 다음 연도분부터는 특허료를 해당 권리의 설정등록일에 해당하는 날을 기준으로 일정기간 내에 매년 1년분씩 납부함으로써 특허권을 유지한다. 연차료의 납부기간의 종류는 아래와 같다.정상납부기간(정상납부만료일 이전), 추가납부기간(추가납부안내서 발송 이후 6개월), 회복납부기간(권리소멸 시점부터 3개월 이내)"
12,10-2007-0015189,1020070015189,1020070015189,,1,PA0109,특허출원,20070214,특허를 받고자 하는 자는 특허가 담은 발명에 대한 서류를 작성한 특허출원서를 특허청장에게 제출하여야한다.
12,10-2007-0015189,1020070015189,1020070015189,,2,PE0701,등록결정,20081211,심사관은 특허출원에 대해 거절이유를 발견할 수 없는 경우 특허결정을 해야 한다. 특허결정이 있는 경우 특허청장은 그 특허결정의 등본을 출원인에게 송달해야 한다. 특허결정은 그 결정 등본이 송달된 때에 확정된다.
12,10-2007-0015189,1020070015189,1020070015189,,3,PG1601,등록공고,20081226,특허권은 설정등록에 의해 발생하며 등록이 있는 때는 그 특허에 관하여 특허공보에 게재하여 등록공고를 하여야 한다. 비밀취급을 요하는 특허발명에 대하여는 비밀취급의 해제시까지 등록공고를 보류하며 그 비밀취급이 해제된 때에는 지체없이 등록공고를 하여야 하며 등록공고가 있는 날부터 3월간 출원서류 및 그 부속물건을 공중의 열람에 제공해야 한다.
12,10-2007-0015189,1020070015189,1020070015189,,4,PR1001,연차료납부,20111118,"특허법 제87조 1항에 따른 특허권의 설정등록을 받으려는 자는 설정등록을 받으려는 날부터 3년분의 특허료를 납부해야 하는데, 그 다음 연도분부터는 특허료를 해당 권리의 설정등록일에 해당하는 날을 기준으로 일정기간 내에 매년 1년분씩 납부함으로써 특허권을 유지한다. 연차료의 납부기간의 종류는 아래와 같다.정상납부기간(정상납부만료일 이전), 추가납부기간(추가납부안내서 발송 이후 6개월), 회복납부기간(권리소멸 시점부터 3개월 이내)"
12,10-2007-0015189,1020070015189,1020070015189,,5,PR1002,등록료납부,20081218,"특허권의 설정등록을 받으려는 자는 설정등록받으려는 날 부터 3년분의 특허료를 납부한다.특허권의 설정등록을 받고자 하는자 또는 특허권자는 특허료 납부기간이 경과한 후에도 6개월 이내 특허료를 추가 납부할 수 있으며 특허료 추가 납부할 때에는 납부하여야 할 특허료의 2배 이내의 범위에서 납부해야한다. 추가납부기간 이내에 특허료를 납부하지 못한 경우에는 특허권리를 소멸하게 되는데, 이때 특허권자는 추가납부기간 만료일부터 3개월 이내에 특허료의 3배를 납부하고 그 소멸한 권리의 회복을 신청 할 수 있다."
12,10-2007-0015189,1020070015189,1020070015189,,6,PA0201,심사청구,20070214,"특허출원 이후 3년 이내에 특허청장에게 그 특허출원에 관하여 출원심사의 청구를 할 수 있고, 다만, 제34조 및 제35조에 따른 정당한 권리자의 특허출원, 분할출원 또는 변경출원에 관하여는 그 기간이 지난 후에도 정당한 권리자가 특허출원을 한 날, 분할출원을 한 날 또는 변경출원을 한 날부터 각각 30일 이내에 출원심사 청구를 할 수 있다. 심사청구가 있을 시에 한하여 특허출원을 심사한다."
12,10-2007-0015189,1020070015189,1020070015189,,7,PE0902,거절이유통지,20080129,심사관은 특허법 제62조(특허거절결정)에 따라 특허거절결정을 하고자 할 때에는 출원인에게 거절이유를 통지하고 기간을 정하여 의견서를 제출할 기회를 주어야 한다. 다만 특허법 제51조(보정각하)에 따라 보정각하결정을 할때는 그러지 아니한다. 심사관이 행하는 거절이유통지는 2종류로 구분되며 그 종류에 따라 출원인이 할 수 있는 명세서 또는 도면의 보정 범위가 다르게 제한된다. 하나는 거절이유통지에 대한 보정에 따라 발생한 거절이유만을 통지하는 거절이유통지(최후거절이유통지)와 다른 하나는 출원인이 처음으로 받거나 최후거절이유통지가 아닌 거절이유통지(최초거절이유통지)를 말한다.
12,10-2007-0015189,1020070015189,1020070015189,,8,PE0902,거절이유통지,20080616,심사관은 특허법 제62조(특허거절결정)에 따라 특허거절결정을 하고자 할 때에는 출원인에게 거절이유를 통지하고 기간을 정하여 의견서를 제출할 기회를 주어야 한다. 다만 특허법 제51조(보정각하)에 따라 보정각하결정을 할때는 그러지 아니한다. 심사관이 행하는 거절이유통지는 2종류로 구분되며 그 종류에 따라 출원인이 할 수 있는 명세서 또는 도면의 보정 범위가 다르게 제한된다. 하나는 거절이유통지에 대한 보정에 따라 발생한 거절이유만을 통지하는 거절이유통지(최후거절이유통지)와 다른 하나는 출원인이 처음으로 받거나 최후거절이유통지가 아닌 거절이유통지(최초거절이유통지)를 말한다.
12,10-2007-0015189,1020070015189,1020070015189,,9,PG1501,출원공개,20080820,"출원인의 신청에 의하여 조기공개신청  또는 특허출원 이후 1년 6개월 경과 후 심사여부와 관계없이 출원공개를 해야하며 이는  발명의 공개를 통해 제3자의 중복연구, 중복투자 및 중복출원을 방지하는 한편 기술이용의 기회를 제공한다."
12,10-2007-0015189,1020070015189,1020070015189,,10,PR0701,설정등록,20081218,"특허권은 설정등록에 의해 발생하며, 특허결정이 된 후 출원인이 특허료를 납부하거나 보전한 경우 또는 추가납부하거나 특허료가 면제된 경우에 특허청장은 특허권을 설정하기 위한 등록을 해야 한다."
12,10-2007-0015189,1020070015189,1020070015189,,11,PR1001,연차료납부,20141113,"특허법 제87조 1항에 따른 특허권의 설정등록을 받으려는 자는 설정등록을 받으려는 날부터 3년분의 특허료를 납부해야 하는데, 그 다음 연도분부터는 특허료를 해당 권리의 설정등록일에 해당하는 날을 기준으로 일정기간 내에 매년 1년분씩 납부함으로써 특허권을 유지한다. 연차료의 납부기간의 종류는 아래와 같다.정상납부기간(정상납부만료일 이전), 추가납부기간(추가납부안내서 발송 이후 6개월), 회복납부기간(권리소멸 시점부터 3개월 이내)"
12,10-2007-0015189,1020070015189,1020070015189,,12,PR1001,연차료납부,20171103,"특허법 제87조 1항에 따른 특허권의 설정등록을 받으려는 자는 설정등록을 받으려는 날부터 3년분의 특허료를 납부해야 하는데, 그 다음 연도분부터는 특허료를 해당 권리의 설정등록일에 해당하는 날을 기준으로 일정기간 내에 매년 1년분씩 납부함으로써 특허권을 유지한다. 연차료의 납부기간의 종류는 아래와 같다.정상납부기간(정상납부만료일 이전), 추가납부기간(추가납부안내서 발송 이후 6개월), 회복납부기간(권리소멸 시점부터 3개월 이내)"
12,10-2007-0015189,1020070015189,1020070015189,,13,PR1001,연차료납부,20200925,"특허법 제87조 1항에 따른 특허권의 설정등록을 받으려는 자는 설정등록을 받으려는 날부터 3년분의 특허료를 납부해야 하는데, 그 다음 연도분부터는 특허료를 해당 권리의 설정등록일에 해당하는 날을 기준으로 일정기간 내에 매년 1년분씩 납부함으로써 특허권을 유지한다. 연차료의 납부기간의 종류는 아래와 같다.정상납부기간(정상납부만료일 이전), 추가납부기간(추가납부안내서 발송 이후 6개월), 회복납부기간(권리소멸 시점부터 3개월 이내)"
13,10-2007-0015222,1020070015222,1020070015222,,1,PA0109,특허출원,20070214,특허를 받고자 하는 자는 특허가 담은 발명에 대한 서류를 작성한 특허출원서를 특허청장에게 제출하여야한다.
13,10-2007-0015222,1020070015222,1020070015222,,2,PE0701,등록결정,20080925,심사관은 특허출원에 대해 거절이유를 발견할 수 없는 경우 특허결정을 해야 한다. 특허결정이 있는 경우 특허청장은 그 특허결정의 등본을 출원인에게 송달해야 한다. 특허결정은 그 결정 등본이 송달된 때에 확정된다.
13,10-2007-0015222,1020070015222,1020070015222,,3,PG1601,등록공고,20081013,특허권은 설정등록에 의해 발생하며 등록이 있는 때는 그 특허에 관하여 특허공보에 게재하여 등록공고를 하여야 한다. 비밀취급을 요하는 특허발명에 대하여는 비밀취급의 해제시까지 등록공고를 보류하며 그 비밀취급이 해제된 때에는 지체없이 등록공고를 하여야 하며 등록공고가 있는 날부터 3월간 출원서류 및 그 부속물건을 공중의 열람에 제공해야 한다.
13,10-2007-0015222,1020070015222,1020070015222,,4,PR1001,연차료납부,20110908,"특허법 제87조 1항에 따른 특허권의 설정등록을 받으려는 자는 설정등록을 받으려는 날부터 3년분의 특허료를 납부해야 하는데, 그 다음 연도분부터는 특허료를 해당 권리의 설정등록일에 해당하는 날을 기준으로 일정기간 내에 매년 1년분씩 납부함으로써 특허권을 유지한다. 연차료의 납부기간의 종류는 아래와 같다.정상납부기간(정상납부만료일 이전), 추가납부기간(추가납부안내서 발송 이후 6개월), 회복납부기간(권리소멸 시점부터 3개월 이내)"
13,10-2007-0015222,1020070015222,1020070015222,,5,PR1002,등록료납부,20081006,"특허권의 설정등록을 받으려는 자는 설정등록받으려는 날 부터 3년분의 특허료를 납부한다.특허권의 설정등록을 받고자 하는자 또는 특허권자는 특허료 납부기간이 경과한 후에도 6개월 이내 특허료를 추가 납부할 수 있으며 특허료 추가 납부할 때에는 납부하여야 할 특허료의 2배 이내의 범위에서 납부해야한다. 추가납부기간 이내에 특허료를 납부하지 못한 경우에는 특허권리를 소멸하게 되는데, 이때 특허권자는 추가납부기간 만료일부터 3개월 이내에 특허료의 3배를 납부하고 그 소멸한 권리의 회복을 신청 할 수 있다."
13,10-2007-0015222,1020070015222,1020070015222,,6,PA0201,심사청구,20070214,"특허출원 이후 3년 이내에 특허청장에게 그 특허출원에 관하여 출원심사의 청구를 할 수 있고, 다만, 제34조 및 제35조에 따른 정당한 권리자의 특허출원, 분할출원 또는 변경출원에 관하여는 그 기간이 지난 후에도 정당한 권리자가 특허출원을 한 날, 분할출원을 한 날 또는 변경출원을 한 날부터 각각 30일 이내에 출원심사 청구를 할 수 있다. 심사청구가 있을 시에 한하여 특허출원을 심사한다."
13,10-2007-0015222,1020070015222,1020070015222,,7,PE0902,거절이유통지,20080430,심사관은 특허법 제62조(특허거절결정)에 따라 특허거절결정을 하고자 할 때에는 출원인에게 거절이유를 통지하고 기간을 정하여 의견서를 제출할 기회를 주어야 한다. 다만 특허법 제51조(보정각하)에 따라 보정각하결정을 할때는 그러지 아니한다. 심사관이 행하는 거절이유통지는 2종류로 구분되며 그 종류에 따라 출원인이 할 수 있는 명세서 또는 도면의 보정 범위가 다르게 제한된다. 하나는 거절이유통지에 대한 보정에 따라 발생한 거절이유만을 통지하는 거절이유통지(최후거절이유통지)와 다른 하나는 출원인이 처음으로 받거나 최후거절이유통지가 아닌 거절이유통지(최초거절이유통지)를 말한다.
13,10-2007-0015222,1020070015222,1020070015222,,8,PG1501,출원공개,20080820,"출원인의 신청에 의하여 조기공개신청  또는 특허출원 이후 1년 6개월 경과 후 심사여부와 관계없이 출원공개를 해야하며 이는  발명의 공개를 통해 제3자의 중복연구, 중복투자 및 중복출원을 방지하는 한편 기술이용의 기회를 제공한다."
13,10-2007-0015222,1020070015222,1020070015222,,9,PR0701,설정등록,20081006,"특허권은 설정등록에 의해 발생하며, 특허결정이 된 후 출원인이 특허료를 납부하거나 보전한 경우 또는 추가납부하거나 특허료가 면제된 경우에 특허청장은 특허권을 설정하기 위한 등록을 해야 한다."
13,10-2007-0015222,1020070015222,1020070015222,,10,PR1001,연차료납부,20140915,"특허법 제87조 1항에 따른 특허권의 설정등록을 받으려는 자는 설정등록을 받으려는 날부터 3년분의 특허료를 납부해야 하는데, 그 다음 연도분부터는 특허료를 해당 권리의 설정등록일에 해당하는 날을 기준으로 일정기간 내에 매년 1년분씩 납부함으로써 특허권을 유지한다. 연차료의 납부기간의 종류는 아래와 같다.정상납부기간(정상납부만료일 이전), 추가납부기간(추가납부안내서 발송 이후 6개월), 회복납부기간(권리소멸 시점부터 3개월 이내)"
13,10-2007-0015222,1020070015222,1020070015222,,11,PR1001,연차료납부,20170809,"특허법 제87조 1항에 따른 특허권의 설정등록을 받으려는 자는 설정등록을 받으려는 날부터 3년분의 특허료를 납부해야 하는데, 그 다음 연도분부터는 특허료를 해당 권리의 설정등록일에 해당하는 날을 기준으로 일정기간 내에 매년 1년분씩 납부함으로써 특허권을 유지한다. 연차료의 납부기간의 종류는 아래와 같다.정상납부기간(정상납부만료일 이전), 추가납부기간(추가납부안내서 발송 이후 6개월), 회복납부기간(권리소멸 시점부터 3개월 이내)"
13,10-2007-0015222,1020070015222,1020070015222,,12,PR1001,연차료납부,20200925,"특허법 제87조 1항에 따른 특허권의 설정등록을 받으려는 자는 설정등록을 받으려는 날부터 3년분의 특허료를 납부해야 하는데, 그 다음 연도분부터는 특허료를 해당 권리의 설정등록일에 해당하는 날을 기준으로 일정기간 내에 매년 1년분씩 납부함으로써 특허권을 유지한다. 연차료의 납부기간의 종류는 아래와 같다.정상납부기간(정상납부만료일 이전), 추가납부기간(추가납부안내서 발송 이후 6개월), 회복납부기간(권리소멸 시점부터 3개월 이내)"
14,10-2007-0031226,1020070031226,1020070031226,,1,PA0109,특허출원,20070330,특허를 받고자 하는 자는 특허가 담은 발명에 대한 서류를 작성한 특허출원서를 특허청장에게 제출하여야한다.
14,10-2007-0031226,1020070031226,1020070031226,,2,PE0701,등록결정,20080725,심사관은 특허출원에 대해 거절이유를 발견할 수 없는 경우 특허결정을 해야 한다. 특허결정이 있는 경우 특허청장은 그 특허결정의 등본을 출원인에게 송달해야 한다. 특허결정은 그 결정 등본이 송달된 때에 확정된다.
14,10-2007-0031226,1020070031226,1020070031226,,3,PG1601,등록공고,20081009,특허권은 설정등록에 의해 발생하며 등록이 있는 때는 그 특허에 관하여 특허공보에 게재하여 등록공고를 하여야 한다. 비밀취급을 요하는 특허발명에 대하여는 비밀취급의 해제시까지 등록공고를 보류하며 그 비밀취급이 해제된 때에는 지체없이 등록공고를 하여야 하며 등록공고가 있는 날부터 3월간 출원서류 및 그 부속물건을 공중의 열람에 제공해야 한다.
14,10-2007-0031226,1020070031226,1020070031226,,4,PR1001,연차료납부,20110929,"특허법 제87조 1항에 따른 특허권의 설정등록을 받으려는 자는 설정등록을 받으려는 날부터 3년분의 특허료를 납부해야 하는데, 그 다음 연도분부터는 특허료를 해당 권리의 설정등록일에 해당하는 날을 기준으로 일정기간 내에 매년 1년분씩 납부함으로써 특허권을 유지한다. 연차료의 납부기간의 종류는 아래와 같다.정상납부기간(정상납부만료일 이전), 추가납부기간(추가납부안내서 발송 이후 6개월), 회복납부기간(권리소멸 시점부터 3개월 이내)"
14,10-2007-0031226,1020070031226,1020070031226,,5,PR1002,등록료납부,20080930,"특허권의 설정등록을 받으려는 자는 설정등록받으려는 날 부터 3년분의 특허료를 납부한다.특허권의 설정등록을 받고자 하는자 또는 특허권자는 특허료 납부기간이 경과한 후에도 6개월 이내 특허료를 추가 납부할 수 있으며 특허료 추가 납부할 때에는 납부하여야 할 특허료의 2배 이내의 범위에서 납부해야한다. 추가납부기간 이내에 특허료를 납부하지 못한 경우에는 특허권리를 소멸하게 되는데, 이때 특허권자는 추가납부기간 만료일부터 3개월 이내에 특허료의 3배를 납부하고 그 소멸한 권리의 회복을 신청 할 수 있다."
14,10-2007-0031226,1020070031226,1020070031226,,6,PA0201,심사청구,20070330,"특허출원 이후 3년 이내에 특허청장에게 그 특허출원에 관하여 출원심사의 청구를 할 수 있고, 다만, 제34조 및 제35조에 따른 정당한 권리자의 특허출원, 분할출원 또는 변경출원에 관하여는 그 기간이 지난 후에도 정당한 권리자가 특허출원을 한 날, 분할출원을 한 날 또는 변경출원을 한 날부터 각각 30일 이내에 출원심사 청구를 할 수 있다. 심사청구가 있을 시에 한하여 특허출원을 심사한다."
14,10-2007-0031226,1020070031226,1020070031226,,7,PE0902,거절이유통지,20080218,심사관은 특허법 제62조(특허거절결정)에 따라 특허거절결정을 하고자 할 때에는 출원인에게 거절이유를 통지하고 기간을 정하여 의견서를 제출할 기회를 주어야 한다. 다만 특허법 제51조(보정각하)에 따라 보정각하결정을 할때는 그러지 아니한다. 심사관이 행하는 거절이유통지는 2종류로 구분되며 그 종류에 따라 출원인이 할 수 있는 명세서 또는 도면의 보정 범위가 다르게 제한된다. 하나는 거절이유통지에 대한 보정에 따라 발생한 거절이유만을 통지하는 거절이유통지(최후거절이유통지)와 다른 하나는 출원인이 처음으로 받거나 최후거절이유통지가 아닌 거절이유통지(최초거절이유통지)를 말한다.
14,10-2007-0031226,1020070031226,1020070031226,,8,PG1501,출원공개,20081006,"출원인의 신청에 의하여 조기공개신청  또는 특허출원 이후 1년 6개월 경과 후 심사여부와 관계없이 출원공개를 해야하며 이는  발명의 공개를 통해 제3자의 중복연구, 중복투자 및 중복출원을 방지하는 한편 기술이용의 기회를 제공한다."
14,10-2007-0031226,1020070031226,1020070031226,,9,PR0701,설정등록,20080930,"특허권은 설정등록에 의해 발생하며, 특허결정이 된 후 출원인이 특허료를 납부하거나 보전한 경우 또는 추가납부하거나 특허료가 면제된 경우에 특허청장은 특허권을 설정하기 위한 등록을 해야 한다."
14,10-2007-0031226,1020070031226,1020070031226,,10,PR1001,연차료납부,20140801,"특허법 제87조 1항에 따른 특허권의 설정등록을 받으려는 자는 설정등록을 받으려는 날부터 3년분의 특허료를 납부해야 하는데, 그 다음 연도분부터는 특허료를 해당 권리의 설정등록일에 해당하는 날을 기준으로 일정기간 내에 매년 1년분씩 납부함으로써 특허권을 유지한다. 연차료의 납부기간의 종류는 아래와 같다.정상납부기간(정상납부만료일 이전), 추가납부기간(추가납부안내서 발송 이후 6개월), 회복납부기간(권리소멸 시점부터 3개월 이내)"
14,10-2007-0031226,1020070031226,1020070031226,,11,PR1001,연차료납부,20170823,"특허법 제87조 1항에 따른 특허권의 설정등록을 받으려는 자는 설정등록을 받으려는 날부터 3년분의 특허료를 납부해야 하는데, 그 다음 연도분부터는 특허료를 해당 권리의 설정등록일에 해당하는 날을 기준으로 일정기간 내에 매년 1년분씩 납부함으로써 특허권을 유지한다. 연차료의 납부기간의 종류는 아래와 같다.정상납부기간(정상납부만료일 이전), 추가납부기간(추가납부안내서 발송 이후 6개월), 회복납부기간(권리소멸 시점부터 3개월 이내)"
15,10-2007-0032277,1020070032277,1020070032277,,1,PA0109,특허출원,20070402,특허를 받고자 하는 자는 특허가 담은 발명에 대한 서류를 작성한 특허출원서를 특허청장에게 제출하여야한다.
15,10-2007-0032277,1020070032277,1020070032277,,2,PE0701,등록결정,20080116,심사관은 특허출원에 대해 거절이유를 발견할 수 없는 경우 특허결정을 해야 한다. 특허결정이 있는 경우 특허청장은 그 특허결정의 등본을 출원인에게 송달해야 한다. 특허결정은 그 결정 등본이 송달된 때에 확정된다.
15,10-2007-0032277,1020070032277,1020070032277,,3,PG1601,등록공고,20080204,특허권은 설정등록에 의해 발생하며 등록이 있는 때는 그 특허에 관하여 특허공보에 게재하여 등록공고를 하여야 한다. 비밀취급을 요하는 특허발명에 대하여는 비밀취급의 해제시까지 등록공고를 보류하며 그 비밀취급이 해제된 때에는 지체없이 등록공고를 하여야 하며 등록공고가 있는 날부터 3월간 출원서류 및 그 부속물건을 공중의 열람에 제공해야 한다.
15,10-2007-0032277,1020070032277,1020070032277,,4,PR1001,연차료납부,20110118,"특허법 제87조 1항에 따른 특허권의 설정등록을 받으려는 자는 설정등록을 받으려는 날부터 3년분의 특허료를 납부해야 하는데, 그 다음 연도분부터는 특허료를 해당 권리의 설정등록일에 해당하는 날을 기준으로 일정기간 내에 매년 1년분씩 납부함으로써 특허권을 유지한다. 연차료의 납부기간의 종류는 아래와 같다.정상납부기간(정상납부만료일 이전), 추가납부기간(추가납부안내서 발송 이후 6개월), 회복납부기간(권리소멸 시점부터 3개월 이내)"
15,10-2007-0032277,1020070032277,1020070032277,,5,PR1001,연차료납부,20131212,"특허법 제87조 1항에 따른 특허권의 설정등록을 받으려는 자는 설정등록을 받으려는 날부터 3년분의 특허료를 납부해야 하는데, 그 다음 연도분부터는 특허료를 해당 권리의 설정등록일에 해당하는 날을 기준으로 일정기간 내에 매년 1년분씩 납부함으로써 특허권을 유지한다. 연차료의 납부기간의 종류는 아래와 같다.정상납부기간(정상납부만료일 이전), 추가납부기간(추가납부안내서 발송 이후 6개월), 회복납부기간(권리소멸 시점부터 3개월 이내)"
15,10-2007-0032277,1020070032277,1020070032277,,6,PR1002,등록료납부,20080128,"특허권의 설정등록을 받으려는 자는 설정등록받으려는 날 부터 3년분의 특허료를 납부한다.특허권의 설정등록을 받고자 하는자 또는 특허권자는 특허료 납부기간이 경과한 후에도 6개월 이내 특허료를 추가 납부할 수 있으며 특허료 추가 납부할 때에는 납부하여야 할 특허료의 2배 이내의 범위에서 납부해야한다. 추가납부기간 이내에 특허료를 납부하지 못한 경우에는 특허권리를 소멸하게 되는데, 이때 특허권자는 추가납부기간 만료일부터 3개월 이내에 특허료의 3배를 납부하고 그 소멸한 권리의 회복을 신청 할 수 있다."
15,10-2007-0032277,1020070032277,1020070032277,,7,PA0201,심사청구,20070402,"특허출원 이후 3년 이내에 특허청장에게 그 특허출원에 관하여 출원심사의 청구를 할 수 있고, 다만, 제34조 및 제35조에 따른 정당한 권리자의 특허출원, 분할출원 또는 변경출원에 관하여는 그 기간이 지난 후에도 정당한 권리자가 특허출원을 한 날, 분할출원을 한 날 또는 변경출원을 한 날부터 각각 30일 이내에 출원심사 청구를 할 수 있다. 심사청구가 있을 시에 한하여 특허출원을 심사한다."
15,10-2007-0032277,1020070032277,1020070032277,,8,PR0701,설정등록,20080128,"특허권은 설정등록에 의해 발생하며, 특허결정이 된 후 출원인이 특허료를 납부하거나 보전한 경우 또는 추가납부하거나 특허료가 면제된 경우에 특허청장은 특허권을 설정하기 위한 등록을 해야 한다."
15,10-2007-0032277,1020070032277,1020070032277,,9,PR1001,연차료납부,20161114,"특허법 제87조 1항에 따른 특허권의 설정등록을 받으려는 자는 설정등록을 받으려는 날부터 3년분의 특허료를 납부해야 하는데, 그 다음 연도분부터는 특허료를 해당 권리의 설정등록일에 해당하는 날을 기준으로 일정기간 내에 매년 1년분씩 납부함으로써 특허권을 유지한다. 연차료의 납부기간의 종류는 아래와 같다.정상납부기간(정상납부만료일 이전), 추가납부기간(추가납부안내서 발송 이후 6개월), 회복납부기간(권리소멸 시점부터 3개월 이내)"
15,10-2007-0032277,1020070032277,1020070032277,,10,PR1001,연차료납부,20191226,"특허법 제87조 1항에 따른 특허권의 설정등록을 받으려는 자는 설정등록을 받으려는 날부터 3년분의 특허료를 납부해야 하는데, 그 다음 연도분부터는 특허료를 해당 권리의 설정등록일에 해당하는 날을 기준으로 일정기간 내에 매년 1년분씩 납부함으로써 특허권을 유지한다. 연차료의 납부기간의 종류는 아래와 같다.정상납부기간(정상납부만료일 이전), 추가납부기간(추가납부안내서 발송 이후 6개월), 회복납부기간(권리소멸 시점부터 3개월 이내)"
16,10-2007-0037387,1020070037387,1020070037387,,1,PA0109,특허출원,20070417,특허를 받고자 하는 자는 특허가 담은 발명에 대한 서류를 작성한 특허출원서를 특허청장에게 제출하여야한다.
16,10-2007-0037387,1020070037387,1020070037387,,2,PE0701,등록결정,20080828,심사관은 특허출원에 대해 거절이유를 발견할 수 없는 경우 특허결정을 해야 한다. 특허결정이 있는 경우 특허청장은 그 특허결정의 등본을 출원인에게 송달해야 한다. 특허결정은 그 결정 등본이 송달된 때에 확정된다.
16,10-2007-0037387,1020070037387,1020070037387,,3,PG1601,등록공고,20081009,특허권은 설정등록에 의해 발생하며 등록이 있는 때는 그 특허에 관하여 특허공보에 게재하여 등록공고를 하여야 한다. 비밀취급을 요하는 특허발명에 대하여는 비밀취급의 해제시까지 등록공고를 보류하며 그 비밀취급이 해제된 때에는 지체없이 등록공고를 하여야 하며 등록공고가 있는 날부터 3월간 출원서류 및 그 부속물건을 공중의 열람에 제공해야 한다.
16,10-2007-0037387,1020070037387,1020070037387,,4,PR1001,연차료납부,20110929,"특허법 제87조 1항에 따른 특허권의 설정등록을 받으려는 자는 설정등록을 받으려는 날부터 3년분의 특허료를 납부해야 하는데, 그 다음 연도분부터는 특허료를 해당 권리의 설정등록일에 해당하는 날을 기준으로 일정기간 내에 매년 1년분씩 납부함으로써 특허권을 유지한다. 연차료의 납부기간의 종류는 아래와 같다.정상납부기간(정상납부만료일 이전), 추가납부기간(추가납부안내서 발송 이후 6개월), 회복납부기간(권리소멸 시점부터 3개월 이내)"
16,10-2007-0037387,1020070037387,1020070037387,,5,PR1002,등록료납부,20080930,"특허권의 설정등록을 받으려는 자는 설정등록받으려는 날 부터 3년분의 특허료를 납부한다.특허권의 설정등록을 받고자 하는자 또는 특허권자는 특허료 납부기간이 경과한 후에도 6개월 이내 특허료를 추가 납부할 수 있으며 특허료 추가 납부할 때에는 납부하여야 할 특허료의 2배 이내의 범위에서 납부해야한다. 추가납부기간 이내에 특허료를 납부하지 못한 경우에는 특허권리를 소멸하게 되는데, 이때 특허권자는 추가납부기간 만료일부터 3개월 이내에 특허료의 3배를 납부하고 그 소멸한 권리의 회복을 신청 할 수 있다."
16,10-2007-0037387,1020070037387,1020070037387,,6,PA0201,심사청구,20070417,"특허출원 이후 3년 이내에 특허청장에게 그 특허출원에 관하여 출원심사의 청구를 할 수 있고, 다만, 제34조 및 제35조에 따른 정당한 권리자의 특허출원, 분할출원 또는 변경출원에 관하여는 그 기간이 지난 후에도 정당한 권리자가 특허출원을 한 날, 분할출원을 한 날 또는 변경출원을 한 날부터 각각 30일 이내에 출원심사 청구를 할 수 있다. 심사청구가 있을 시에 한하여 특허출원을 심사한다."
16,10-2007-0037387,1020070037387,1020070037387,,7,PE0902,거절이유통지,20080314,심사관은 특허법 제62조(특허거절결정)에 따라 특허거절결정을 하고자 할 때에는 출원인에게 거절이유를 통지하고 기간을 정하여 의견서를 제출할 기회를 주어야 한다. 다만 특허법 제51조(보정각하)에 따라 보정각하결정을 할때는 그러지 아니한다. 심사관이 행하는 거절이유통지는 2종류로 구분되며 그 종류에 따라 출원인이 할 수 있는 명세서 또는 도면의 보정 범위가 다르게 제한된다. 하나는 거절이유통지에 대한 보정에 따라 발생한 거절이유만을 통지하는 거절이유통지(최후거절이유통지)와 다른 하나는 출원인이 처음으로 받거나 최후거절이유통지가 아닌 거절이유통지(최초거절이유통지)를 말한다.
16,10-2007-0037387,1020070037387,1020070037387,,8,PR0701,설정등록,20080930,"특허권은 설정등록에 의해 발생하며, 특허결정이 된 후 출원인이 특허료를 납부하거나 보전한 경우 또는 추가납부하거나 특허료가 면제된 경우에 특허청장은 특허권을 설정하기 위한 등록을 해야 한다."
16,10-2007-0037387,1020070037387,1020070037387,,9,PR1001,연차료납부,20140801,"특허법 제87조 1항에 따른 특허권의 설정등록을 받으려는 자는 설정등록을 받으려는 날부터 3년분의 특허료를 납부해야 하는데, 그 다음 연도분부터는 특허료를 해당 권리의 설정등록일에 해당하는 날을 기준으로 일정기간 내에 매년 1년분씩 납부함으로써 특허권을 유지한다. 연차료의 납부기간의 종류는 아래와 같다.정상납부기간(정상납부만료일 이전), 추가납부기간(추가납부안내서 발송 이후 6개월), 회복납부기간(권리소멸 시점부터 3개월 이내)"
16,10-2007-0037387,1020070037387,1020070037387,,10,PR1001,연차료납부,20170823,"특허법 제87조 1항에 따른 특허권의 설정등록을 받으려는 자는 설정등록을 받으려는 날부터 3년분의 특허료를 납부해야 하는데, 그 다음 연도분부터는 특허료를 해당 권리의 설정등록일에 해당하는 날을 기준으로 일정기간 내에 매년 1년분씩 납부함으로써 특허권을 유지한다. 연차료의 납부기간의 종류는 아래와 같다.정상납부기간(정상납부만료일 이전), 추가납부기간(추가납부안내서 발송 이후 6개월), 회복납부기간(권리소멸 시점부터 3개월 이내)"
17,10-2007-0080203,1020070080203,1020070080203,,1,PA0109,특허출원,20070809,특허를 받고자 하는 자는 특허가 담은 발명에 대한 서류를 작성한 특허출원서를 특허청장에게 제출하여야한다.
17,10-2007-0080203,1020070080203,1020070080203,,2,PE0701,등록결정,20081029,심사관은 특허출원에 대해 거절이유를 발견할 수 없는 경우 특허결정을 해야 한다. 특허결정이 있는 경우 특허청장은 그 특허결정의 등본을 출원인에게 송달해야 한다. 특허결정은 그 결정 등본이 송달된 때에 확정된다.
17,10-2007-0080203,1020070080203,1020070080203,,3,PG1601,등록공고,20081118,특허권은 설정등록에 의해 발생하며 등록이 있는 때는 그 특허에 관하여 특허공보에 게재하여 등록공고를 하여야 한다. 비밀취급을 요하는 특허발명에 대하여는 비밀취급의 해제시까지 등록공고를 보류하며 그 비밀취급이 해제된 때에는 지체없이 등록공고를 하여야 하며 등록공고가 있는 날부터 3월간 출원서류 및 그 부속물건을 공중의 열람에 제공해야 한다.
17,10-2007-0080203,1020070080203,1020070080203,,4,PR1001,연차료납부,20111018,"특허법 제87조 1항에 따른 특허권의 설정등록을 받으려는 자는 설정등록을 받으려는 날부터 3년분의 특허료를 납부해야 하는데, 그 다음 연도분부터는 특허료를 해당 권리의 설정등록일에 해당하는 날을 기준으로 일정기간 내에 매년 1년분씩 납부함으로써 특허권을 유지한다. 연차료의 납부기간의 종류는 아래와 같다.정상납부기간(정상납부만료일 이전), 추가납부기간(추가납부안내서 발송 이후 6개월), 회복납부기간(권리소멸 시점부터 3개월 이내)"
17,10-2007-0080203,1020070080203,1020070080203,,5,PR1002,등록료납부,20081112,"특허권의 설정등록을 받으려는 자는 설정등록받으려는 날 부터 3년분의 특허료를 납부한다.특허권의 설정등록을 받고자 하는자 또는 특허권자는 특허료 납부기간이 경과한 후에도 6개월 이내 특허료를 추가 납부할 수 있으며 특허료 추가 납부할 때에는 납부하여야 할 특허료의 2배 이내의 범위에서 납부해야한다. 추가납부기간 이내에 특허료를 납부하지 못한 경우에는 특허권리를 소멸하게 되는데, 이때 특허권자는 추가납부기간 만료일부터 3개월 이내에 특허료의 3배를 납부하고 그 소멸한 권리의 회복을 신청 할 수 있다."
17,10-2007-0080203,1020070080203,1020070080203,,6,PA0201,심사청구,20070809,"특허출원 이후 3년 이내에 특허청장에게 그 특허출원에 관하여 출원심사의 청구를 할 수 있고, 다만, 제34조 및 제35조에 따른 정당한 권리자의 특허출원, 분할출원 또는 변경출원에 관하여는 그 기간이 지난 후에도 정당한 권리자가 특허출원을 한 날, 분할출원을 한 날 또는 변경출원을 한 날부터 각각 30일 이내에 출원심사 청구를 할 수 있다. 심사청구가 있을 시에 한하여 특허출원을 심사한다."
17,10-2007-0080203,1020070080203,1020070080203,,7,PE0902,거절이유통지,20080424,심사관은 특허법 제62조(특허거절결정)에 따라 특허거절결정을 하고자 할 때에는 출원인에게 거절이유를 통지하고 기간을 정하여 의견서를 제출할 기회를 주어야 한다. 다만 특허법 제51조(보정각하)에 따라 보정각하결정을 할때는 그러지 아니한다. 심사관이 행하는 거절이유통지는 2종류로 구분되며 그 종류에 따라 출원인이 할 수 있는 명세서 또는 도면의 보정 범위가 다르게 제한된다. 하나는 거절이유통지에 대한 보정에 따라 발생한 거절이유만을 통지하는 거절이유통지(최후거절이유통지)와 다른 하나는 출원인이 처음으로 받거나 최후거절이유통지가 아닌 거절이유통지(최초거절이유통지)를 말한다.
17,10-2007-0080203,1020070080203,1020070080203,,8,PR0701,설정등록,20081112,"특허권은 설정등록에 의해 발생하며, 특허결정이 된 후 출원인이 특허료를 납부하거나 보전한 경우 또는 추가납부하거나 특허료가 면제된 경우에 특허청장은 특허권을 설정하기 위한 등록을 해야 한다."
17,10-2007-0080203,1020070080203,1020070080203,,9,PR1001,연차료납부,20140918,"특허법 제87조 1항에 따른 특허권의 설정등록을 받으려는 자는 설정등록을 받으려는 날부터 3년분의 특허료를 납부해야 하는데, 그 다음 연도분부터는 특허료를 해당 권리의 설정등록일에 해당하는 날을 기준으로 일정기간 내에 매년 1년분씩 납부함으로써 특허권을 유지한다. 연차료의 납부기간의 종류는 아래와 같다.정상납부기간(정상납부만료일 이전), 추가납부기간(추가납부안내서 발송 이후 6개월), 회복납부기간(권리소멸 시점부터 3개월 이내)"
17,10-2007-0080203,1020070080203,1020070080203,,10,PR1001,연차료납부,20170905,"특허법 제87조 1항에 따른 특허권의 설정등록을 받으려는 자는 설정등록을 받으려는 날부터 3년분의 특허료를 납부해야 하는데, 그 다음 연도분부터는 특허료를 해당 권리의 설정등록일에 해당하는 날을 기준으로 일정기간 내에 매년 1년분씩 납부함으로써 특허권을 유지한다. 연차료의 납부기간의 종류는 아래와 같다.정상납부기간(정상납부만료일 이전), 추가납부기간(추가납부안내서 발송 이후 6개월), 회복납부기간(권리소멸 시점부터 3개월 이내)"
17,10-2007-0080203,1020070080203,1020070080203,,11,PR1001,연차료납부,20200925,"특허법 제87조 1항에 따른 특허권의 설정등록을 받으려는 자는 설정등록을 받으려는 날부터 3년분의 특허료를 납부해야 하는데, 그 다음 연도분부터는 특허료를 해당 권리의 설정등록일에 해당하는 날을 기준으로 일정기간 내에 매년 1년분씩 납부함으로써 특허권을 유지한다. 연차료의 납부기간의 종류는 아래와 같다.정상납부기간(정상납부만료일 이전), 추가납부기간(추가납부안내서 발송 이후 6개월), 회복납부기간(권리소멸 시점부터 3개월 이내)"
18,10-2007-0107006,1020070107006,1020070107006,,1,PA0107,특허분할출원,20071024,하나의 특허출원에 2이상의 발명이 포함되는 경우 해당 출원발명을 분할하여 새로운 특허로 출원할 수 있다.
18,10-2007-0107006,1020070107006,1020070107006,,2,PE0701,등록결정,20071221,심사관은 특허출원에 대해 거절이유를 발견할 수 없는 경우 특허결정을 해야 한다. 특허결정이 있는 경우 특허청장은 그 특허결정의 등본을 출원인에게 송달해야 한다. 특허결정은 그 결정 등본이 송달된 때에 확정된다.
18,10-2007-0107006,1020070107006,1020070107006,,3,PG1601,등록공고,20080102,특허권은 설정등록에 의해 발생하며 등록이 있는 때는 그 특허에 관하여 특허공보에 게재하여 등록공고를 하여야 한다. 비밀취급을 요하는 특허발명에 대하여는 비밀취급의 해제시까지 등록공고를 보류하며 그 비밀취급이 해제된 때에는 지체없이 등록공고를 하여야 하며 등록공고가 있는 날부터 3월간 출원서류 및 그 부속물건을 공중의 열람에 제공해야 한다.
18,10-2007-0107006,1020070107006,1020070107006,,4,PR1001,연차료납부,20101217,"특허법 제87조 1항에 따른 특허권의 설정등록을 받으려는 자는 설정등록을 받으려는 날부터 3년분의 특허료를 납부해야 하는데, 그 다음 연도분부터는 특허료를 해당 권리의 설정등록일에 해당하는 날을 기준으로 일정기간 내에 매년 1년분씩 납부함으로써 특허권을 유지한다. 연차료의 납부기간의 종류는 아래와 같다.정상납부기간(정상납부만료일 이전), 추가납부기간(추가납부안내서 발송 이후 6개월), 회복납부기간(권리소멸 시점부터 3개월 이내)"
18,10-2007-0107006,1020070107006,1020070107006,,5,PR1001,연차료납부,20131210,"특허법 제87조 1항에 따른 특허권의 설정등록을 받으려는 자는 설정등록을 받으려는 날부터 3년분의 특허료를 납부해야 하는데, 그 다음 연도분부터는 특허료를 해당 권리의 설정등록일에 해당하는 날을 기준으로 일정기간 내에 매년 1년분씩 납부함으로써 특허권을 유지한다. 연차료의 납부기간의 종류는 아래와 같다.정상납부기간(정상납부만료일 이전), 추가납부기간(추가납부안내서 발송 이후 6개월), 회복납부기간(권리소멸 시점부터 3개월 이내)"
18,10-2007-0107006,1020070107006,1020070107006,,6,PR1002,등록료납부,20071224,"특허권의 설정등록을 받으려는 자는 설정등록받으려는 날 부터 3년분의 특허료를 납부한다.특허권의 설정등록을 받고자 하는자 또는 특허권자는 특허료 납부기간이 경과한 후에도 6개월 이내 특허료를 추가 납부할 수 있으며 특허료 추가 납부할 때에는 납부하여야 할 특허료의 2배 이내의 범위에서 납부해야한다. 추가납부기간 이내에 특허료를 납부하지 못한 경우에는 특허권리를 소멸하게 되는데, 이때 특허권자는 추가납부기간 만료일부터 3개월 이내에 특허료의 3배를 납부하고 그 소멸한 권리의 회복을 신청 할 수 있다."
18,10-2007-0107006,1020070107006,1020070107006,,7,PA0201,심사청구,20071024,"특허출원 이후 3년 이내에 특허청장에게 그 특허출원에 관하여 출원심사의 청구를 할 수 있고, 다만, 제34조 및 제35조에 따른 정당한 권리자의 특허출원, 분할출원 또는 변경출원에 관하여는 그 기간이 지난 후에도 정당한 권리자가 특허출원을 한 날, 분할출원을 한 날 또는 변경출원을 한 날부터 각각 30일 이내에 출원심사 청구를 할 수 있다. 심사청구가 있을 시에 한하여 특허출원을 심사한다."
18,10-2007-0107006,1020070107006,1020070107006,,8,PG1501,출원공개,20071206,"출원인의 신청에 의하여 조기공개신청  또는 특허출원 이후 1년 6개월 경과 후 심사여부와 관계없이 출원공개를 해야하며 이는  발명의 공개를 통해 제3자의 중복연구, 중복투자 및 중복출원을 방지하는 한편 기술이용의 기회를 제공한다."
18,10-2007-0107006,1020070107006,1020070107006,,9,PR0701,설정등록,20071224,"특허권은 설정등록에 의해 발생하며, 특허결정이 된 후 출원인이 특허료를 납부하거나 보전한 경우 또는 추가납부하거나 특허료가 면제된 경우에 특허청장은 특허권을 설정하기 위한 등록을 해야 한다."
18,10-2007-0107006,1020070107006,1020070107006,,10,PR1001,연차료납부,20161122,"특허법 제87조 1항에 따른 특허권의 설정등록을 받으려는 자는 설정등록을 받으려는 날부터 3년분의 특허료를 납부해야 하는데, 그 다음 연도분부터는 특허료를 해당 권리의 설정등록일에 해당하는 날을 기준으로 일정기간 내에 매년 1년분씩 납부함으로써 특허권을 유지한다. 연차료의 납부기간의 종류는 아래와 같다.정상납부기간(정상납부만료일 이전), 추가납부기간(추가납부안내서 발송 이후 6개월), 회복납부기간(권리소멸 시점부터 3개월 이내)"
18,10-2007-0107006,1020070107006,1020070107006,,11,PR1001,연차료납부,20190926,"특허법 제87조 1항에 따른 특허권의 설정등록을 받으려는 자는 설정등록을 받으려는 날부터 3년분의 특허료를 납부해야 하는데, 그 다음 연도분부터는 특허료를 해당 권리의 설정등록일에 해당하는 날을 기준으로 일정기간 내에 매년 1년분씩 납부함으로써 특허권을 유지한다. 연차료의 납부기간의 종류는 아래와 같다.정상납부기간(정상납부만료일 이전), 추가납부기간(추가납부안내서 발송 이후 6개월), 회복납부기간(권리소멸 시점부터 3개월 이내)"
19,10-2007-0111744,1020070111744,1020070111744,,1,PA0109,특허출원,20071102,특허를 받고자 하는 자는 특허가 담은 발명에 대한 서류를 작성한 특허출원서를 특허청장에게 제출하여야한다.
19,10-2007-0111744,1020070111744,1020070111744,,2,PE0701,등록결정,20080627,심사관은 특허출원에 대해 거절이유를 발견할 수 없는 경우 특허결정을 해야 한다. 특허결정이 있는 경우 특허청장은 그 특허결정의 등본을 출원인에게 송달해야 한다. 특허결정은 그 결정 등본이 송달된 때에 확정된다.
19,10-2007-0111744,1020070111744,1020070111744,,3,PG1601,등록공고,20080806,특허권은 설정등록에 의해 발생하며 등록이 있는 때는 그 특허에 관하여 특허공보에 게재하여 등록공고를 하여야 한다. 비밀취급을 요하는 특허발명에 대하여는 비밀취급의 해제시까지 등록공고를 보류하며 그 비밀취급이 해제된 때에는 지체없이 등록공고를 하여야 하며 등록공고가 있는 날부터 3월간 출원서류 및 그 부속물건을 공중의 열람에 제공해야 한다.
19,10-2007-0111744,1020070111744,1020070111744,,4,PR1001,연차료납부,20110524,"특허법 제87조 1항에 따른 특허권의 설정등록을 받으려는 자는 설정등록을 받으려는 날부터 3년분의 특허료를 납부해야 하는데, 그 다음 연도분부터는 특허료를 해당 권리의 설정등록일에 해당하는 날을 기준으로 일정기간 내에 매년 1년분씩 납부함으로써 특허권을 유지한다. 연차료의 납부기간의 종류는 아래와 같다.정상납부기간(정상납부만료일 이전), 추가납부기간(추가납부안내서 발송 이후 6개월), 회복납부기간(권리소멸 시점부터 3개월 이내)"
19,10-2007-0111744,1020070111744,1020070111744,,5,PR1002,등록료납부,20080731,"특허권의 설정등록을 받으려는 자는 설정등록받으려는 날 부터 3년분의 특허료를 납부한다.특허권의 설정등록을 받고자 하는자 또는 특허권자는 특허료 납부기간이 경과한 후에도 6개월 이내 특허료를 추가 납부할 수 있으며 특허료 추가 납부할 때에는 납부하여야 할 특허료의 2배 이내의 범위에서 납부해야한다. 추가납부기간 이내에 특허료를 납부하지 못한 경우에는 특허권리를 소멸하게 되는데, 이때 특허권자는 추가납부기간 만료일부터 3개월 이내에 특허료의 3배를 납부하고 그 소멸한 권리의 회복을 신청 할 수 있다."
19,10-2007-0111744,1020070111744,1020070111744,,6,PA0201,심사청구,20071102,"특허출원 이후 3년 이내에 특허청장에게 그 특허출원에 관하여 출원심사의 청구를 할 수 있고, 다만, 제34조 및 제35조에 따른 정당한 권리자의 특허출원, 분할출원 또는 변경출원에 관하여는 그 기간이 지난 후에도 정당한 권리자가 특허출원을 한 날, 분할출원을 한 날 또는 변경출원을 한 날부터 각각 30일 이내에 출원심사 청구를 할 수 있다. 심사청구가 있을 시에 한하여 특허출원을 심사한다."
19,10-2007-0111744,1020070111744,1020070111744,,7,PA0302,우선심사신청,20071129,"특허출원인이 아닌 자가 업으로서 특허출원된 발명을 실시하고 있다고 인정되거나 대통령령이 정하는 특허출원으로서 긴급처리가 필요하다고 인정되는 경우 우선심사를 신청할 수 있고, 신청사유가 타당할 시 해당하는 특허출원에 대하여 심사관으로 하여금 다른 특허출원에 우선하여 심사하게 하도록 우선심사신청을 한다."
19,10-2007-0111744,1020070111744,1020070111744,,8,PE0902,거절이유통지,20080227,심사관은 특허법 제62조(특허거절결정)에 따라 특허거절결정을 하고자 할 때에는 출원인에게 거절이유를 통지하고 기간을 정하여 의견서를 제출할 기회를 주어야 한다. 다만 특허법 제51조(보정각하)에 따라 보정각하결정을 할때는 그러지 아니한다. 심사관이 행하는 거절이유통지는 2종류로 구분되며 그 종류에 따라 출원인이 할 수 있는 명세서 또는 도면의 보정 범위가 다르게 제한된다. 하나는 거절이유통지에 대한 보정에 따라 발생한 거절이유만을 통지하는 거절이유통지(최후거절이유통지)와 다른 하나는 출원인이 처음으로 받거나 최후거절이유통지가 아닌 거절이유통지(최초거절이유통지)를 말한다.
19,10-2007-0111744,1020070111744,1020070111744,,9,PR0701,설정등록,20080731,"특허권은 설정등록에 의해 발생하며, 특허결정이 된 후 출원인이 특허료를 납부하거나 보전한 경우 또는 추가납부하거나 특허료가 면제된 경우에 특허청장은 특허권을 설정하기 위한 등록을 해야 한다."
19,10-2007-0111744,1020070111744,1020070111744,,10,PR1001,연차료납부,20140710,"특허법 제87조 1항에 따른 특허권의 설정등록을 받으려는 자는 설정등록을 받으려는 날부터 3년분의 특허료를 납부해야 하는데, 그 다음 연도분부터는 특허료를 해당 권리의 설정등록일에 해당하는 날을 기준으로 일정기간 내에 매년 1년분씩 납부함으로써 특허권을 유지한다. 연차료의 납부기간의 종류는 아래와 같다.정상납부기간(정상납부만료일 이전), 추가납부기간(추가납부안내서 발송 이후 6개월), 회복납부기간(권리소멸 시점부터 3개월 이내)"
19,10-2007-0111744,1020070111744,1020070111744,,11,PR1001,연차료납부,20170523,"특허법 제87조 1항에 따른 특허권의 설정등록을 받으려는 자는 설정등록을 받으려는 날부터 3년분의 특허료를 납부해야 하는데, 그 다음 연도분부터는 특허료를 해당 권리의 설정등록일에 해당하는 날을 기준으로 일정기간 내에 매년 1년분씩 납부함으로써 특허권을 유지한다. 연차료의 납부기간의 종류는 아래와 같다.정상납부기간(정상납부만료일 이전), 추가납부기간(추가납부안내서 발송 이후 6개월), 회복납부기간(권리소멸 시점부터 3개월 이내)"
20,10-2007-0111745,1020070111745,1020070111745,,1,PA0109,특허출원,20071102,특허를 받고자 하는 자는 특허가 담은 발명에 대한 서류를 작성한 특허출원서를 특허청장에게 제출하여야한다.
20,10-2007-0111745,1020070111745,1020070111745,,2,PE0701,등록결정,20080225,심사관은 특허출원에 대해 거절이유를 발견할 수 없는 경우 특허결정을 해야 한다. 특허결정이 있는 경우 특허청장은 그 특허결정의 등본을 출원인에게 송달해야 한다. 특허결정은 그 결정 등본이 송달된 때에 확정된다.
20,10-2007-0111745,1020070111745,1020070111745,,3,PG1601,등록공고,20080311,특허권은 설정등록에 의해 발생하며 등록이 있는 때는 그 특허에 관하여 특허공보에 게재하여 등록공고를 하여야 한다. 비밀취급을 요하는 특허발명에 대하여는 비밀취급의 해제시까지 등록공고를 보류하며 그 비밀취급이 해제된 때에는 지체없이 등록공고를 하여야 하며 등록공고가 있는 날부터 3월간 출원서류 및 그 부속물건을 공중의 열람에 제공해야 한다.
20,10-2007-0111745,1020070111745,1020070111745,,4,PR1001,연차료납부,20110225,"특허법 제87조 1항에 따른 특허권의 설정등록을 받으려는 자는 설정등록을 받으려는 날부터 3년분의 특허료를 납부해야 하는데, 그 다음 연도분부터는 특허료를 해당 권리의 설정등록일에 해당하는 날을 기준으로 일정기간 내에 매년 1년분씩 납부함으로써 특허권을 유지한다. 연차료의 납부기간의 종류는 아래와 같다.정상납부기간(정상납부만료일 이전), 추가납부기간(추가납부안내서 발송 이후 6개월), 회복납부기간(권리소멸 시점부터 3개월 이내)"
20,10-2007-0111745,1020070111745,1020070111745,,5,PR1001,연차료납부,20140120,"특허법 제87조 1항에 따른 특허권의 설정등록을 받으려는 자는 설정등록을 받으려는 날부터 3년분의 특허료를 납부해야 하는데, 그 다음 연도분부터는 특허료를 해당 권리의 설정등록일에 해당하는 날을 기준으로 일정기간 내에 매년 1년분씩 납부함으로써 특허권을 유지한다. 연차료의 납부기간의 종류는 아래와 같다.정상납부기간(정상납부만료일 이전), 추가납부기간(추가납부안내서 발송 이후 6개월), 회복납부기간(권리소멸 시점부터 3개월 이내)"
20,10-2007-0111745,1020070111745,1020070111745,,6,PR1002,등록료납부,20080304,"특허권의 설정등록을 받으려는 자는 설정등록받으려는 날 부터 3년분의 특허료를 납부한다.특허권의 설정등록을 받고자 하는자 또는 특허권자는 특허료 납부기간이 경과한 후에도 6개월 이내 특허료를 추가 납부할 수 있으며 특허료 추가 납부할 때에는 납부하여야 할 특허료의 2배 이내의 범위에서 납부해야한다. 추가납부기간 이내에 특허료를 납부하지 못한 경우에는 특허권리를 소멸하게 되는데, 이때 특허권자는 추가납부기간 만료일부터 3개월 이내에 특허료의 3배를 납부하고 그 소멸한 권리의 회복을 신청 할 수 있다."
20,10-2007-0111745,1020070111745,1020070111745,,7,PA0201,심사청구,20071102,"특허출원 이후 3년 이내에 특허청장에게 그 특허출원에 관하여 출원심사의 청구를 할 수 있고, 다만, 제34조 및 제35조에 따른 정당한 권리자의 특허출원, 분할출원 또는 변경출원에 관하여는 그 기간이 지난 후에도 정당한 권리자가 특허출원을 한 날, 분할출원을 한 날 또는 변경출원을 한 날부터 각각 30일 이내에 출원심사 청구를 할 수 있다. 심사청구가 있을 시에 한하여 특허출원을 심사한다."
20,10-2007-0111745,1020070111745,1020070111745,,8,PA0302,우선심사신청,20071129,"특허출원인이 아닌 자가 업으로서 특허출원된 발명을 실시하고 있다고 인정되거나 대통령령이 정하는 특허출원으로서 긴급처리가 필요하다고 인정되는 경우 우선심사를 신청할 수 있고, 신청사유가 타당할 시 해당하는 특허출원에 대하여 심사관으로 하여금 다른 특허출원에 우선하여 심사하게 하도록 우선심사신청을 한다."
20,10-2007-0111745,1020070111745,1020070111745,,9,PR0701,설정등록,20080304,"특허권은 설정등록에 의해 발생하며, 특허결정이 된 후 출원인이 특허료를 납부하거나 보전한 경우 또는 추가납부하거나 특허료가 면제된 경우에 특허청장은 특허권을 설정하기 위한 등록을 해야 한다."
20,10-2007-0111745,1020070111745,1020070111745,,10,PR1001,연차료납부,20170112,"특허법 제87조 1항에 따른 특허권의 설정등록을 받으려는 자는 설정등록을 받으려는 날부터 3년분의 특허료를 납부해야 하는데, 그 다음 연도분부터는 특허료를 해당 권리의 설정등록일에 해당하는 날을 기준으로 일정기간 내에 매년 1년분씩 납부함으로써 특허권을 유지한다. 연차료의 납부기간의 종류는 아래와 같다.정상납부기간(정상납부만료일 이전), 추가납부기간(추가납부안내서 발송 이후 6개월), 회복납부기간(권리소멸 시점부터 3개월 이내)"
20,10-2007-0111745,1020070111745,1020070111745,,11,PR1001,연차료납부,20191226,"특허법 제87조 1항에 따른 특허권의 설정등록을 받으려는 자는 설정등록을 받으려는 날부터 3년분의 특허료를 납부해야 하는데, 그 다음 연도분부터는 특허료를 해당 권리의 설정등록일에 해당하는 날을 기준으로 일정기간 내에 매년 1년분씩 납부함으로써 특허권을 유지한다. 연차료의 납부기간의 종류는 아래와 같다.정상납부기간(정상납부만료일 이전), 추가납부기간(추가납부안내서 발송 이후 6개월), 회복납부기간(권리소멸 시점부터 3개월 이내)"
21,10-2008-0095046,1020080095046,1020080095046,,1,PA0109,특허출원,20080929,특허를 받고자 하는 자는 특허가 담은 발명에 대한 서류를 작성한 특허출원서를 특허청장에게 제출하여야한다.
21,10-2008-0095046,1020080095046,1020080095046,,2,PE0701,등록결정,20100723,심사관은 특허출원에 대해 거절이유를 발견할 수 없는 경우 특허결정을 해야 한다. 특허결정이 있는 경우 특허청장은 그 특허결정의 등본을 출원인에게 송달해야 한다. 특허결정은 그 결정 등본이 송달된 때에 확정된다.
21,10-2008-0095046,1020080095046,1020080095046,,3,PG1601,등록공고,20100730,특허권은 설정등록에 의해 발생하며 등록이 있는 때는 그 특허에 관하여 특허공보에 게재하여 등록공고를 하여야 한다. 비밀취급을 요하는 특허발명에 대하여는 비밀취급의 해제시까지 등록공고를 보류하며 그 비밀취급이 해제된 때에는 지체없이 등록공고를 하여야 하며 등록공고가 있는 날부터 3월간 출원서류 및 그 부속물건을 공중의 열람에 제공해야 한다.
21,10-2008-0095046,1020080095046,1020080095046,,4,PR1001,연차료납부,20130704,"특허법 제87조 1항에 따른 특허권의 설정등록을 받으려는 자는 설정등록을 받으려는 날부터 3년분의 특허료를 납부해야 하는데, 그 다음 연도분부터는 특허료를 해당 권리의 설정등록일에 해당하는 날을 기준으로 일정기간 내에 매년 1년분씩 납부함으로써 특허권을 유지한다. 연차료의 납부기간의 종류는 아래와 같다.정상납부기간(정상납부만료일 이전), 추가납부기간(추가납부안내서 발송 이후 6개월), 회복납부기간(권리소멸 시점부터 3개월 이내)"
21,10-2008-0095046,1020080095046,1020080095046,,5,PR1002,등록료납부,20100726,"특허권의 설정등록을 받으려는 자는 설정등록받으려는 날 부터 3년분의 특허료를 납부한다.특허권의 설정등록을 받고자 하는자 또는 특허권자는 특허료 납부기간이 경과한 후에도 6개월 이내 특허료를 추가 납부할 수 있으며 특허료 추가 납부할 때에는 납부하여야 할 특허료의 2배 이내의 범위에서 납부해야한다. 추가납부기간 이내에 특허료를 납부하지 못한 경우에는 특허권리를 소멸하게 되는데, 이때 특허권자는 추가납부기간 만료일부터 3개월 이내에 특허료의 3배를 납부하고 그 소멸한 권리의 회복을 신청 할 수 있다."
21,10-2008-0095046,1020080095046,1020080095046,,6,PA0201,심사청구,20080929,"특허출원 이후 3년 이내에 특허청장에게 그 특허출원에 관하여 출원심사의 청구를 할 수 있고, 다만, 제34조 및 제35조에 따른 정당한 권리자의 특허출원, 분할출원 또는 변경출원에 관하여는 그 기간이 지난 후에도 정당한 권리자가 특허출원을 한 날, 분할출원을 한 날 또는 변경출원을 한 날부터 각각 30일 이내에 출원심사 청구를 할 수 있다. 심사청구가 있을 시에 한하여 특허출원을 심사한다."
21,10-2008-0095046,1020080095046,1020080095046,,7,PE0902,거절이유통지,20100322,심사관은 특허법 제62조(특허거절결정)에 따라 특허거절결정을 하고자 할 때에는 출원인에게 거절이유를 통지하고 기간을 정하여 의견서를 제출할 기회를 주어야 한다. 다만 특허법 제51조(보정각하)에 따라 보정각하결정을 할때는 그러지 아니한다. 심사관이 행하는 거절이유통지는 2종류로 구분되며 그 종류에 따라 출원인이 할 수 있는 명세서 또는 도면의 보정 범위가 다르게 제한된다. 하나는 거절이유통지에 대한 보정에 따라 발생한 거절이유만을 통지하는 거절이유통지(최후거절이유통지)와 다른 하나는 출원인이 처음으로 받거나 최후거절이유통지가 아닌 거절이유통지(최초거절이유통지)를 말한다.
21,10-2008-0095046,1020080095046,1020080095046,,8,PG1501,출원공개,20081017,"출원인의 신청에 의하여 조기공개신청  또는 특허출원 이후 1년 6개월 경과 후 심사여부와 관계없이 출원공개를 해야하며 이는  발명의 공개를 통해 제3자의 중복연구, 중복투자 및 중복출원을 방지하는 한편 기술이용의 기회를 제공한다."
21,10-2008-0095046,1020080095046,1020080095046,,9,PR0701,설정등록,20100726,"특허권은 설정등록에 의해 발생하며, 특허결정이 된 후 출원인이 특허료를 납부하거나 보전한 경우 또는 추가납부하거나 특허료가 면제된 경우에 특허청장은 특허권을 설정하기 위한 등록을 해야 한다."
21,10-2008-0095046,1020080095046,1020080095046,,10,PR1001,연차료납부,20160615,"특허법 제87조 1항에 따른 특허권의 설정등록을 받으려는 자는 설정등록을 받으려는 날부터 3년분의 특허료를 납부해야 하는데, 그 다음 연도분부터는 특허료를 해당 권리의 설정등록일에 해당하는 날을 기준으로 일정기간 내에 매년 1년분씩 납부함으로써 특허권을 유지한다. 연차료의 납부기간의 종류는 아래와 같다.정상납부기간(정상납부만료일 이전), 추가납부기간(추가납부안내서 발송 이후 6개월), 회복납부기간(권리소멸 시점부터 3개월 이내)"
21,10-2008-0095046,1020080095046,1020080095046,,11,PR1001,연차료납부,20190701,"특허법 제87조 1항에 따른 특허권의 설정등록을 받으려는 자는 설정등록을 받으려는 날부터 3년분의 특허료를 납부해야 하는데, 그 다음 연도분부터는 특허료를 해당 권리의 설정등록일에 해당하는 날을 기준으로 일정기간 내에 매년 1년분씩 납부함으로써 특허권을 유지한다. 연차료의 납부기간의 종류는 아래와 같다.정상납부기간(정상납부만료일 이전), 추가납부기간(추가납부안내서 발송 이후 6개월), 회복납부기간(권리소멸 시점부터 3개월 이내)"
22,10-2008-0097491,1020080097491,1020080097491,,1,PA0109,특허출원,20081006,특허를 받고자 하는 자는 특허가 담은 발명에 대한 서류를 작성한 특허출원서를 특허청장에게 제출하여야한다.
22,10-2008-0097491,1020080097491,1020080097491,,2,PE0701,등록결정,20101012,심사관은 특허출원에 대해 거절이유를 발견할 수 없는 경우 특허결정을 해야 한다. 특허결정이 있는 경우 특허청장은 그 특허결정의 등본을 출원인에게 송달해야 한다. 특허결정은 그 결정 등본이 송달된 때에 확정된다.
22,10-2008-0097491,1020080097491,1020080097491,,3,PG1601,등록공고,20101026,특허권은 설정등록에 의해 발생하며 등록이 있는 때는 그 특허에 관하여 특허공보에 게재하여 등록공고를 하여야 한다. 비밀취급을 요하는 특허발명에 대하여는 비밀취급의 해제시까지 등록공고를 보류하며 그 비밀취급이 해제된 때에는 지체없이 등록공고를 하여야 하며 등록공고가 있는 날부터 3월간 출원서류 및 그 부속물건을 공중의 열람에 제공해야 한다.
22,10-2008-0097491,1020080097491,1020080097491,,4,PR1001,연차료납부,20131011,"특허법 제87조 1항에 따른 특허권의 설정등록을 받으려는 자는 설정등록을 받으려는 날부터 3년분의 특허료를 납부해야 하는데, 그 다음 연도분부터는 특허료를 해당 권리의 설정등록일에 해당하는 날을 기준으로 일정기간 내에 매년 1년분씩 납부함으로써 특허권을 유지한다. 연차료의 납부기간의 종류는 아래와 같다.정상납부기간(정상납부만료일 이전), 추가납부기간(추가납부안내서 발송 이후 6개월), 회복납부기간(권리소멸 시점부터 3개월 이내)"
22,10-2008-0097491,1020080097491,1020080097491,,5,PR1002,등록료납부,20101018,"특허권의 설정등록을 받으려는 자는 설정등록받으려는 날 부터 3년분의 특허료를 납부한다.특허권의 설정등록을 받고자 하는자 또는 특허권자는 특허료 납부기간이 경과한 후에도 6개월 이내 특허료를 추가 납부할 수 있으며 특허료 추가 납부할 때에는 납부하여야 할 특허료의 2배 이내의 범위에서 납부해야한다. 추가납부기간 이내에 특허료를 납부하지 못한 경우에는 특허권리를 소멸하게 되는데, 이때 특허권자는 추가납부기간 만료일부터 3개월 이내에 특허료의 3배를 납부하고 그 소멸한 권리의 회복을 신청 할 수 있다."
22,10-2008-0097491,1020080097491,1020080097491,,6,PA0201,심사청구,20081006,"특허출원 이후 3년 이내에 특허청장에게 그 특허출원에 관하여 출원심사의 청구를 할 수 있고, 다만, 제34조 및 제35조에 따른 정당한 권리자의 특허출원, 분할출원 또는 변경출원에 관하여는 그 기간이 지난 후에도 정당한 권리자가 특허출원을 한 날, 분할출원을 한 날 또는 변경출원을 한 날부터 각각 30일 이내에 출원심사 청구를 할 수 있다. 심사청구가 있을 시에 한하여 특허출원을 심사한다."
22,10-2008-0097491,1020080097491,1020080097491,,7,PE0902,거절이유통지,20100429,심사관은 특허법 제62조(특허거절결정)에 따라 특허거절결정을 하고자 할 때에는 출원인에게 거절이유를 통지하고 기간을 정하여 의견서를 제출할 기회를 주어야 한다. 다만 특허법 제51조(보정각하)에 따라 보정각하결정을 할때는 그러지 아니한다. 심사관이 행하는 거절이유통지는 2종류로 구분되며 그 종류에 따라 출원인이 할 수 있는 명세서 또는 도면의 보정 범위가 다르게 제한된다. 하나는 거절이유통지에 대한 보정에 따라 발생한 거절이유만을 통지하는 거절이유통지(최후거절이유통지)와 다른 하나는 출원인이 처음으로 받거나 최후거절이유통지가 아닌 거절이유통지(최초거절이유통지)를 말한다.
22,10-2008-0097491,1020080097491,1020080097491,,8,PG1501,출원공개,20081024,"출원인의 신청에 의하여 조기공개신청  또는 특허출원 이후 1년 6개월 경과 후 심사여부와 관계없이 출원공개를 해야하며 이는  발명의 공개를 통해 제3자의 중복연구, 중복투자 및 중복출원을 방지하는 한편 기술이용의 기회를 제공한다."
22,10-2008-0097491,1020080097491,1020080097491,,9,PR0701,설정등록,20101018,"특허권은 설정등록에 의해 발생하며, 특허결정이 된 후 출원인이 특허료를 납부하거나 보전한 경우 또는 추가납부하거나 특허료가 면제된 경우에 특허청장은 특허권을 설정하기 위한 등록을 해야 한다."
22,10-2008-0097491,1020080097491,1020080097491,,10,PR1001,연차료납부,20160921,"특허법 제87조 1항에 따른 특허권의 설정등록을 받으려는 자는 설정등록을 받으려는 날부터 3년분의 특허료를 납부해야 하는데, 그 다음 연도분부터는 특허료를 해당 권리의 설정등록일에 해당하는 날을 기준으로 일정기간 내에 매년 1년분씩 납부함으로써 특허권을 유지한다. 연차료의 납부기간의 종류는 아래와 같다.정상납부기간(정상납부만료일 이전), 추가납부기간(추가납부안내서 발송 이후 6개월), 회복납부기간(권리소멸 시점부터 3개월 이내)"
22,10-2008-0097491,1020080097491,1020080097491,,11,PR1001,연차료납부,20190926,"특허법 제87조 1항에 따른 특허권의 설정등록을 받으려는 자는 설정등록을 받으려는 날부터 3년분의 특허료를 납부해야 하는데, 그 다음 연도분부터는 특허료를 해당 권리의 설정등록일에 해당하는 날을 기준으로 일정기간 내에 매년 1년분씩 납부함으로써 특허권을 유지한다. 연차료의 납부기간의 종류는 아래와 같다.정상납부기간(정상납부만료일 이전), 추가납부기간(추가납부안내서 발송 이후 6개월), 회복납부기간(권리소멸 시점부터 3개월 이내)"
23,10-2009-0088550,1020090088550,1020090088550,,1,PA0109,특허출원,20090918,특허를 받고자 하는 자는 특허가 담은 발명에 대한 서류를 작성한 특허출원서를 특허청장에게 제출하여야한다.
23,10-2009-0088550,1020090088550,1020090088550,,2,PE0701,등록결정,20091126,심사관은 특허출원에 대해 거절이유를 발견할 수 없는 경우 특허결정을 해야 한다. 특허결정이 있는 경우 특허청장은 그 특허결정의 등본을 출원인에게 송달해야 한다. 특허결정은 그 결정 등본이 송달된 때에 확정된다.
23,10-2009-0088550,1020090088550,1020090088550,,3,PG1601,등록공고,20091207,특허권은 설정등록에 의해 발생하며 등록이 있는 때는 그 특허에 관하여 특허공보에 게재하여 등록공고를 하여야 한다. 비밀취급을 요하는 특허발명에 대하여는 비밀취급의 해제시까지 등록공고를 보류하며 그 비밀취급이 해제된 때에는 지체없이 등록공고를 하여야 하며 등록공고가 있는 날부터 3월간 출원서류 및 그 부속물건을 공중의 열람에 제공해야 한다.
23,10-2009-0088550,1020090088550,1020090088550,,4,PR1001,연차료납부,20121127,"특허법 제87조 1항에 따른 특허권의 설정등록을 받으려는 자는 설정등록을 받으려는 날부터 3년분의 특허료를 납부해야 하는데, 그 다음 연도분부터는 특허료를 해당 권리의 설정등록일에 해당하는 날을 기준으로 일정기간 내에 매년 1년분씩 납부함으로써 특허권을 유지한다. 연차료의 납부기간의 종류는 아래와 같다.정상납부기간(정상납부만료일 이전), 추가납부기간(추가납부안내서 발송 이후 6개월), 회복납부기간(권리소멸 시점부터 3개월 이내)"
23,10-2009-0088550,1020090088550,1020090088550,,5,PR1001,연차료납부,20131104,"특허법 제87조 1항에 따른 특허권의 설정등록을 받으려는 자는 설정등록을 받으려는 날부터 3년분의 특허료를 납부해야 하는데, 그 다음 연도분부터는 특허료를 해당 권리의 설정등록일에 해당하는 날을 기준으로 일정기간 내에 매년 1년분씩 납부함으로써 특허권을 유지한다. 연차료의 납부기간의 종류는 아래와 같다.정상납부기간(정상납부만료일 이전), 추가납부기간(추가납부안내서 발송 이후 6개월), 회복납부기간(권리소멸 시점부터 3개월 이내)"
23,10-2009-0088550,1020090088550,1020090088550,,6,PR1002,등록료납부,20091127,"특허권의 설정등록을 받으려는 자는 설정등록받으려는 날 부터 3년분의 특허료를 납부한다.특허권의 설정등록을 받고자 하는자 또는 특허권자는 특허료 납부기간이 경과한 후에도 6개월 이내 특허료를 추가 납부할 수 있으며 특허료 추가 납부할 때에는 납부하여야 할 특허료의 2배 이내의 범위에서 납부해야한다. 추가납부기간 이내에 특허료를 납부하지 못한 경우에는 특허권리를 소멸하게 되는데, 이때 특허권자는 추가납부기간 만료일부터 3개월 이내에 특허료의 3배를 납부하고 그 소멸한 권리의 회복을 신청 할 수 있다."
23,10-2009-0088550,1020090088550,1020090088550,,7,PA0201,심사청구,20090918,"특허출원 이후 3년 이내에 특허청장에게 그 특허출원에 관하여 출원심사의 청구를 할 수 있고, 다만, 제34조 및 제35조에 따른 정당한 권리자의 특허출원, 분할출원 또는 변경출원에 관하여는 그 기간이 지난 후에도 정당한 권리자가 특허출원을 한 날, 분할출원을 한 날 또는 변경출원을 한 날부터 각각 30일 이내에 출원심사 청구를 할 수 있다. 심사청구가 있을 시에 한하여 특허출원을 심사한다."
23,10-2009-0088550,1020090088550,1020090088550,,8,PA0302,우선심사신청,20090923,"특허출원인이 아닌 자가 업으로서 특허출원된 발명을 실시하고 있다고 인정되거나 대통령령이 정하는 특허출원으로서 긴급처리가 필요하다고 인정되는 경우 우선심사를 신청할 수 있고, 신청사유가 타당할 시 해당하는 특허출원에 대하여 심사관으로 하여금 다른 특허출원에 우선하여 심사하게 하도록 우선심사신청을 한다."
23,10-2009-0088550,1020090088550,1020090088550,,9,PE0902,거절이유통지,20091112,심사관은 특허법 제62조(특허거절결정)에 따라 특허거절결정을 하고자 할 때에는 출원인에게 거절이유를 통지하고 기간을 정하여 의견서를 제출할 기회를 주어야 한다. 다만 특허법 제51조(보정각하)에 따라 보정각하결정을 할때는 그러지 아니한다. 심사관이 행하는 거절이유통지는 2종류로 구분되며 그 종류에 따라 출원인이 할 수 있는 명세서 또는 도면의 보정 범위가 다르게 제한된다. 하나는 거절이유통지에 대한 보정에 따라 발생한 거절이유만을 통지하는 거절이유통지(최후거절이유통지)와 다른 하나는 출원인이 처음으로 받거나 최후거절이유통지가 아닌 거절이유통지(최초거절이유통지)를 말한다.
23,10-2009-0088550,1020090088550,1020090088550,,10,PR0701,설정등록,20091127,"특허권은 설정등록에 의해 발생하며, 특허결정이 된 후 출원인이 특허료를 납부하거나 보전한 경우 또는 추가납부하거나 특허료가 면제된 경우에 특허청장은 특허권을 설정하기 위한 등록을 해야 한다."
23,10-2009-0088550,1020090088550,1020090088550,,11,PR1001,연차료납부,20161020,"특허법 제87조 1항에 따른 특허권의 설정등록을 받으려는 자는 설정등록을 받으려는 날부터 3년분의 특허료를 납부해야 하는데, 그 다음 연도분부터는 특허료를 해당 권리의 설정등록일에 해당하는 날을 기준으로 일정기간 내에 매년 1년분씩 납부함으로써 특허권을 유지한다. 연차료의 납부기간의 종류는 아래와 같다.정상납부기간(정상납부만료일 이전), 추가납부기간(추가납부안내서 발송 이후 6개월), 회복납부기간(권리소멸 시점부터 3개월 이내)"
23,10-2009-0088550,1020090088550,1020090088550,,12,PR1001,연차료납부,20190926,"특허법 제87조 1항에 따른 특허권의 설정등록을 받으려는 자는 설정등록을 받으려는 날부터 3년분의 특허료를 납부해야 하는데, 그 다음 연도분부터는 특허료를 해당 권리의 설정등록일에 해당하는 날을 기준으로 일정기간 내에 매년 1년분씩 납부함으로써 특허권을 유지한다. 연차료의 납부기간의 종류는 아래와 같다.정상납부기간(정상납부만료일 이전), 추가납부기간(추가납부안내서 발송 이후 6개월), 회복납부기간(권리소멸 시점부터 3개월 이내)"
24,10-2009-0088551,1020090088551,1020090088551,,1,PA0109,특허출원,20090918,특허를 받고자 하는 자는 특허가 담은 발명에 대한 서류를 작성한 특허출원서를 특허청장에게 제출하여야한다.
24,10-2009-0088551,1020090088551,1020090088551,,2,PE0701,등록결정,20091223,심사관은 특허출원에 대해 거절이유를 발견할 수 없는 경우 특허결정을 해야 한다. 특허결정이 있는 경우 특허청장은 그 특허결정의 등본을 출원인에게 송달해야 한다. 특허결정은 그 결정 등본이 송달된 때에 확정된다.
24,10-2009-0088551,1020090088551,1020090088551,,3,PG1601,등록공고,20100106,특허권은 설정등록에 의해 발생하며 등록이 있는 때는 그 특허에 관하여 특허공보에 게재하여 등록공고를 하여야 한다. 비밀취급을 요하는 특허발명에 대하여는 비밀취급의 해제시까지 등록공고를 보류하며 그 비밀취급이 해제된 때에는 지체없이 등록공고를 하여야 하며 등록공고가 있는 날부터 3월간 출원서류 및 그 부속물건을 공중의 열람에 제공해야 한다.
24,10-2009-0088551,1020090088551,1020090088551,,4,PR1001,연차료납부,20121207,"특허법 제87조 1항에 따른 특허권의 설정등록을 받으려는 자는 설정등록을 받으려는 날부터 3년분의 특허료를 납부해야 하는데, 그 다음 연도분부터는 특허료를 해당 권리의 설정등록일에 해당하는 날을 기준으로 일정기간 내에 매년 1년분씩 납부함으로써 특허권을 유지한다. 연차료의 납부기간의 종류는 아래와 같다.정상납부기간(정상납부만료일 이전), 추가납부기간(추가납부안내서 발송 이후 6개월), 회복납부기간(권리소멸 시점부터 3개월 이내)"
24,10-2009-0088551,1020090088551,1020090088551,,5,PR1001,연차료납부,20131210,"특허법 제87조 1항에 따른 특허권의 설정등록을 받으려는 자는 설정등록을 받으려는 날부터 3년분의 특허료를 납부해야 하는데, 그 다음 연도분부터는 특허료를 해당 권리의 설정등록일에 해당하는 날을 기준으로 일정기간 내에 매년 1년분씩 납부함으로써 특허권을 유지한다. 연차료의 납부기간의 종류는 아래와 같다.정상납부기간(정상납부만료일 이전), 추가납부기간(추가납부안내서 발송 이후 6개월), 회복납부기간(권리소멸 시점부터 3개월 이내)"
24,10-2009-0088551,1020090088551,1020090088551,,6,PR1002,등록료납부,20091224,"특허권의 설정등록을 받으려는 자는 설정등록받으려는 날 부터 3년분의 특허료를 납부한다.특허권의 설정등록을 받고자 하는자 또는 특허권자는 특허료 납부기간이 경과한 후에도 6개월 이내 특허료를 추가 납부할 수 있으며 특허료 추가 납부할 때에는 납부하여야 할 특허료의 2배 이내의 범위에서 납부해야한다. 추가납부기간 이내에 특허료를 납부하지 못한 경우에는 특허권리를 소멸하게 되는데, 이때 특허권자는 추가납부기간 만료일부터 3개월 이내에 특허료의 3배를 납부하고 그 소멸한 권리의 회복을 신청 할 수 있다."
24,10-2009-0088551,1020090088551,1020090088551,,7,PA0201,심사청구,20090918,"특허출원 이후 3년 이내에 특허청장에게 그 특허출원에 관하여 출원심사의 청구를 할 수 있고, 다만, 제34조 및 제35조에 따른 정당한 권리자의 특허출원, 분할출원 또는 변경출원에 관하여는 그 기간이 지난 후에도 정당한 권리자가 특허출원을 한 날, 분할출원을 한 날 또는 변경출원을 한 날부터 각각 30일 이내에 출원심사 청구를 할 수 있다. 심사청구가 있을 시에 한하여 특허출원을 심사한다."
24,10-2009-0088551,1020090088551,1020090088551,,8,PA0302,우선심사신청,20090923,"특허출원인이 아닌 자가 업으로서 특허출원된 발명을 실시하고 있다고 인정되거나 대통령령이 정하는 특허출원으로서 긴급처리가 필요하다고 인정되는 경우 우선심사를 신청할 수 있고, 신청사유가 타당할 시 해당하는 특허출원에 대하여 심사관으로 하여금 다른 특허출원에 우선하여 심사하게 하도록 우선심사신청을 한다."
24,10-2009-0088551,1020090088551,1020090088551,,9,PE0902,거절이유통지,20091104,심사관은 특허법 제62조(특허거절결정)에 따라 특허거절결정을 하고자 할 때에는 출원인에게 거절이유를 통지하고 기간을 정하여 의견서를 제출할 기회를 주어야 한다. 다만 특허법 제51조(보정각하)에 따라 보정각하결정을 할때는 그러지 아니한다. 심사관이 행하는 거절이유통지는 2종류로 구분되며 그 종류에 따라 출원인이 할 수 있는 명세서 또는 도면의 보정 범위가 다르게 제한된다. 하나는 거절이유통지에 대한 보정에 따라 발생한 거절이유만을 통지하는 거절이유통지(최후거절이유통지)와 다른 하나는 출원인이 처음으로 받거나 최후거절이유통지가 아닌 거절이유통지(최초거절이유통지)를 말한다.
24,10-2009-0088551,1020090088551,1020090088551,,10,PR0701,설정등록,20091224,"특허권은 설정등록에 의해 발생하며, 특허결정이 된 후 출원인이 특허료를 납부하거나 보전한 경우 또는 추가납부하거나 특허료가 면제된 경우에 특허청장은 특허권을 설정하기 위한 등록을 해야 한다."
24,10-2009-0088551,1020090088551,1020090088551,,11,PR1001,연차료납부,20161122,"특허법 제87조 1항에 따른 특허권의 설정등록을 받으려는 자는 설정등록을 받으려는 날부터 3년분의 특허료를 납부해야 하는데, 그 다음 연도분부터는 특허료를 해당 권리의 설정등록일에 해당하는 날을 기준으로 일정기간 내에 매년 1년분씩 납부함으로써 특허권을 유지한다. 연차료의 납부기간의 종류는 아래와 같다.정상납부기간(정상납부만료일 이전), 추가납부기간(추가납부안내서 발송 이후 6개월), 회복납부기간(권리소멸 시점부터 3개월 이내)"
24,10-2009-0088551,1020090088551,1020090088551,,12,PR1001,연차료납부,20190926,"특허법 제87조 1항에 따른 특허권의 설정등록을 받으려는 자는 설정등록을 받으려는 날부터 3년분의 특허료를 납부해야 하는데, 그 다음 연도분부터는 특허료를 해당 권리의 설정등록일에 해당하는 날을 기준으로 일정기간 내에 매년 1년분씩 납부함으로써 특허권을 유지한다. 연차료의 납부기간의 종류는 아래와 같다.정상납부기간(정상납부만료일 이전), 추가납부기간(추가납부안내서 발송 이후 6개월), 회복납부기간(권리소멸 시점부터 3개월 이내)"
25,10-2009-0105795,1020090105795,1020090105795,,1,PA0109,특허출원,20091104,특허를 받고자 하는 자는 특허가 담은 발명에 대한 서류를 작성한 특허출원서를 특허청장에게 제출하여야한다.
25,10-2009-0105795,1020090105795,1020090105795,,2,PE0701,등록결정,20111021,심사관은 특허출원에 대해 거절이유를 발견할 수 없는 경우 특허결정을 해야 한다. 특허결정이 있는 경우 특허청장은 그 특허결정의 등본을 출원인에게 송달해야 한다. 특허결정은 그 결정 등본이 송달된 때에 확정된다.
25,10-2009-0105795,1020090105795,1020090105795,,3,PG1601,등록공고,20111115,특허권은 설정등록에 의해 발생하며 등록이 있는 때는 그 특허에 관하여 특허공보에 게재하여 등록공고를 하여야 한다. 비밀취급을 요하는 특허발명에 대하여는 비밀취급의 해제시까지 등록공고를 보류하며 그 비밀취급이 해제된 때에는 지체없이 등록공고를 하여야 하며 등록공고가 있는 날부터 3월간 출원서류 및 그 부속물건을 공중의 열람에 제공해야 한다.
25,10-2009-0105795,1020090105795,1020090105795,,4,PR1002,등록료납부,20111108,"특허권의 설정등록을 받으려는 자는 설정등록받으려는 날 부터 3년분의 특허료를 납부한다.특허권의 설정등록을 받고자 하는자 또는 특허권자는 특허료 납부기간이 경과한 후에도 6개월 이내 특허료를 추가 납부할 수 있으며 특허료 추가 납부할 때에는 납부하여야 할 특허료의 2배 이내의 범위에서 납부해야한다. 추가납부기간 이내에 특허료를 납부하지 못한 경우에는 특허권리를 소멸하게 되는데, 이때 특허권자는 추가납부기간 만료일부터 3개월 이내에 특허료의 3배를 납부하고 그 소멸한 권리의 회복을 신청 할 수 있다."
25,10-2009-0105795,1020090105795,1020090105795,,5,PA0201,심사청구,20091104,"특허출원 이후 3년 이내에 특허청장에게 그 특허출원에 관하여 출원심사의 청구를 할 수 있고, 다만, 제34조 및 제35조에 따른 정당한 권리자의 특허출원, 분할출원 또는 변경출원에 관하여는 그 기간이 지난 후에도 정당한 권리자가 특허출원을 한 날, 분할출원을 한 날 또는 변경출원을 한 날부터 각각 30일 이내에 출원심사 청구를 할 수 있다. 심사청구가 있을 시에 한하여 특허출원을 심사한다."
25,10-2009-0105795,1020090105795,1020090105795,,6,PE0902,거절이유통지,20110316,심사관은 특허법 제62조(특허거절결정)에 따라 특허거절결정을 하고자 할 때에는 출원인에게 거절이유를 통지하고 기간을 정하여 의견서를 제출할 기회를 주어야 한다. 다만 특허법 제51조(보정각하)에 따라 보정각하결정을 할때는 그러지 아니한다. 심사관이 행하는 거절이유통지는 2종류로 구분되며 그 종류에 따라 출원인이 할 수 있는 명세서 또는 도면의 보정 범위가 다르게 제한된다. 하나는 거절이유통지에 대한 보정에 따라 발생한 거절이유만을 통지하는 거절이유통지(최후거절이유통지)와 다른 하나는 출원인이 처음으로 받거나 최후거절이유통지가 아닌 거절이유통지(최초거절이유통지)를 말한다.
25,10-2009-0105795,1020090105795,1020090105795,,7,PG1501,출원공개,20110512,"출원인의 신청에 의하여 조기공개신청  또는 특허출원 이후 1년 6개월 경과 후 심사여부와 관계없이 출원공개를 해야하며 이는  발명의 공개를 통해 제3자의 중복연구, 중복투자 및 중복출원을 방지하는 한편 기술이용의 기회를 제공한다."
25,10-2009-0105795,1020090105795,1020090105795,,8,PR0701,설정등록,20111108,"특허권은 설정등록에 의해 발생하며, 특허결정이 된 후 출원인이 특허료를 납부하거나 보전한 경우 또는 추가납부하거나 특허료가 면제된 경우에 특허청장은 특허권을 설정하기 위한 등록을 해야 한다."
25,10-2009-0105795,1020090105795,1020090105795,,9,PR1001,연차료납부,20141001,"특허법 제87조 1항에 따른 특허권의 설정등록을 받으려는 자는 설정등록을 받으려는 날부터 3년분의 특허료를 납부해야 하는데, 그 다음 연도분부터는 특허료를 해당 권리의 설정등록일에 해당하는 날을 기준으로 일정기간 내에 매년 1년분씩 납부함으로써 특허권을 유지한다. 연차료의 납부기간의 종류는 아래와 같다.정상납부기간(정상납부만료일 이전), 추가납부기간(추가납부안내서 발송 이후 6개월), 회복납부기간(권리소멸 시점부터 3개월 이내)"
25,10-2009-0105795,1020090105795,1020090105795,,10,PR1001,연차료납부,20171018,"특허법 제87조 1항에 따른 특허권의 설정등록을 받으려는 자는 설정등록을 받으려는 날부터 3년분의 특허료를 납부해야 하는데, 그 다음 연도분부터는 특허료를 해당 권리의 설정등록일에 해당하는 날을 기준으로 일정기간 내에 매년 1년분씩 납부함으로써 특허권을 유지한다. 연차료의 납부기간의 종류는 아래와 같다.정상납부기간(정상납부만료일 이전), 추가납부기간(추가납부안내서 발송 이후 6개월), 회복납부기간(권리소멸 시점부터 3개월 이내)"
25,10-2009-0105795,1020090105795,1020090105795,,11,PR1001,연차료납부,20200925,"특허법 제87조 1항에 따른 특허권의 설정등록을 받으려는 자는 설정등록을 받으려는 날부터 3년분의 특허료를 납부해야 하는데, 그 다음 연도분부터는 특허료를 해당 권리의 설정등록일에 해당하는 날을 기준으로 일정기간 내에 매년 1년분씩 납부함으로써 특허권을 유지한다. 연차료의 납부기간의 종류는 아래와 같다.정상납부기간(정상납부만료일 이전), 추가납부기간(추가납부안내서 발송 이후 6개월), 회복납부기간(권리소멸 시점부터 3개월 이내)"
26,10-2009-0112759,1020090112759,1020090112759,,1,PA0109,특허출원,20091120,특허를 받고자 하는 자는 특허가 담은 발명에 대한 서류를 작성한 특허출원서를 특허청장에게 제출하여야한다.
26,10-2009-0112759,1020090112759,1020090112759,,2,PE0701,등록결정,20111130,심사관은 특허출원에 대해 거절이유를 발견할 수 없는 경우 특허결정을 해야 한다. 특허결정이 있는 경우 특허청장은 그 특허결정의 등본을 출원인에게 송달해야 한다. 특허결정은 그 결정 등본이 송달된 때에 확정된다.
26,10-2009-0112759,1020090112759,1020090112759,,3,PG1601,등록공고,20111226,특허권은 설정등록에 의해 발생하며 등록이 있는 때는 그 특허에 관하여 특허공보에 게재하여 등록공고를 하여야 한다. 비밀취급을 요하는 특허발명에 대하여는 비밀취급의 해제시까지 등록공고를 보류하며 그 비밀취급이 해제된 때에는 지체없이 등록공고를 하여야 하며 등록공고가 있는 날부터 3월간 출원서류 및 그 부속물건을 공중의 열람에 제공해야 한다.
26,10-2009-0112759,1020090112759,1020090112759,,4,PR1002,등록료납부,20111220,"특허권의 설정등록을 받으려는 자는 설정등록받으려는 날 부터 3년분의 특허료를 납부한다.특허권의 설정등록을 받고자 하는자 또는 특허권자는 특허료 납부기간이 경과한 후에도 6개월 이내 특허료를 추가 납부할 수 있으며 특허료 추가 납부할 때에는 납부하여야 할 특허료의 2배 이내의 범위에서 납부해야한다. 추가납부기간 이내에 특허료를 납부하지 못한 경우에는 특허권리를 소멸하게 되는데, 이때 특허권자는 추가납부기간 만료일부터 3개월 이내에 특허료의 3배를 납부하고 그 소멸한 권리의 회복을 신청 할 수 있다."
26,10-2009-0112759,1020090112759,1020090112759,,5,PA0201,심사청구,20091120,"특허출원 이후 3년 이내에 특허청장에게 그 특허출원에 관하여 출원심사의 청구를 할 수 있고, 다만, 제34조 및 제35조에 따른 정당한 권리자의 특허출원, 분할출원 또는 변경출원에 관하여는 그 기간이 지난 후에도 정당한 권리자가 특허출원을 한 날, 분할출원을 한 날 또는 변경출원을 한 날부터 각각 30일 이내에 출원심사 청구를 할 수 있다. 심사청구가 있을 시에 한하여 특허출원을 심사한다."
26,10-2009-0112759,1020090112759,1020090112759,,6,PE0902,거절이유통지,20110503,심사관은 특허법 제62조(특허거절결정)에 따라 특허거절결정을 하고자 할 때에는 출원인에게 거절이유를 통지하고 기간을 정하여 의견서를 제출할 기회를 주어야 한다. 다만 특허법 제51조(보정각하)에 따라 보정각하결정을 할때는 그러지 아니한다. 심사관이 행하는 거절이유통지는 2종류로 구분되며 그 종류에 따라 출원인이 할 수 있는 명세서 또는 도면의 보정 범위가 다르게 제한된다. 하나는 거절이유통지에 대한 보정에 따라 발생한 거절이유만을 통지하는 거절이유통지(최후거절이유통지)와 다른 하나는 출원인이 처음으로 받거나 최후거절이유통지가 아닌 거절이유통지(최초거절이유통지)를 말한다.
26,10-2009-0112759,1020090112759,1020090112759,,7,PG1501,출원공개,20110526,"출원인의 신청에 의하여 조기공개신청  또는 특허출원 이후 1년 6개월 경과 후 심사여부와 관계없이 출원공개를 해야하며 이는  발명의 공개를 통해 제3자의 중복연구, 중복투자 및 중복출원을 방지하는 한편 기술이용의 기회를 제공한다."
26,10-2009-0112759,1020090112759,1020090112759,,8,PR0701,설정등록,20111220,"특허권은 설정등록에 의해 발생하며, 특허결정이 된 후 출원인이 특허료를 납부하거나 보전한 경우 또는 추가납부하거나 특허료가 면제된 경우에 특허청장은 특허권을 설정하기 위한 등록을 해야 한다."
26,10-2009-0112759,1020090112759,1020090112759,,9,PR1001,연차료납부,20141021,"특허법 제87조 1항에 따른 특허권의 설정등록을 받으려는 자는 설정등록을 받으려는 날부터 3년분의 특허료를 납부해야 하는데, 그 다음 연도분부터는 특허료를 해당 권리의 설정등록일에 해당하는 날을 기준으로 일정기간 내에 매년 1년분씩 납부함으로써 특허권을 유지한다. 연차료의 납부기간의 종류는 아래와 같다.정상납부기간(정상납부만료일 이전), 추가납부기간(추가납부안내서 발송 이후 6개월), 회복납부기간(권리소멸 시점부터 3개월 이내)"
26,10-2009-0112759,1020090112759,1020090112759,,10,PR1001,연차료납부,20171124,"특허법 제87조 1항에 따른 특허권의 설정등록을 받으려는 자는 설정등록을 받으려는 날부터 3년분의 특허료를 납부해야 하는데, 그 다음 연도분부터는 특허료를 해당 권리의 설정등록일에 해당하는 날을 기준으로 일정기간 내에 매년 1년분씩 납부함으로써 특허권을 유지한다. 연차료의 납부기간의 종류는 아래와 같다.정상납부기간(정상납부만료일 이전), 추가납부기간(추가납부안내서 발송 이후 6개월), 회복납부기간(권리소멸 시점부터 3개월 이내)"
26,10-2009-0112759,1020090112759,1020090112759,,11,PR1001,연차료납부,20200925,"특허법 제87조 1항에 따른 특허권의 설정등록을 받으려는 자는 설정등록을 받으려는 날부터 3년분의 특허료를 납부해야 하는데, 그 다음 연도분부터는 특허료를 해당 권리의 설정등록일에 해당하는 날을 기준으로 일정기간 내에 매년 1년분씩 납부함으로써 특허권을 유지한다. 연차료의 납부기간의 종류는 아래와 같다.정상납부기간(정상납부만료일 이전), 추가납부기간(추가납부안내서 발송 이후 6개월), 회복납부기간(권리소멸 시점부터 3개월 이내)"
27,10-2010-0019417,1020100019417,1020100019417,,1,PA0109,특허출원,20100304,특허를 받고자 하는 자는 특허가 담은 발명에 대한 서류를 작성한 특허출원서를 특허청장에게 제출하여야한다.
27,10-2010-0019417,1020100019417,1020100019417,,2,PE0701,등록결정,20120120,심사관은 특허출원에 대해 거절이유를 발견할 수 없는 경우 특허결정을 해야 한다. 특허결정이 있는 경우 특허청장은 그 특허결정의 등본을 출원인에게 송달해야 한다. 특허결정은 그 결정 등본이 송달된 때에 확정된다.
27,10-2010-0019417,1020100019417,1020100019417,,3,PG1601,등록공고,20120322,특허권은 설정등록에 의해 발생하며 등록이 있는 때는 그 특허에 관하여 특허공보에 게재하여 등록공고를 하여야 한다. 비밀취급을 요하는 특허발명에 대하여는 비밀취급의 해제시까지 등록공고를 보류하며 그 비밀취급이 해제된 때에는 지체없이 등록공고를 하여야 하며 등록공고가 있는 날부터 3월간 출원서류 및 그 부속물건을 공중의 열람에 제공해야 한다.
27,10-2010-0019417,1020100019417,1020100019417,,4,PR1002,등록료납부,20120217,"특허권의 설정등록을 받으려는 자는 설정등록받으려는 날 부터 3년분의 특허료를 납부한다.특허권의 설정등록을 받고자 하는자 또는 특허권자는 특허료 납부기간이 경과한 후에도 6개월 이내 특허료를 추가 납부할 수 있으며 특허료 추가 납부할 때에는 납부하여야 할 특허료의 2배 이내의 범위에서 납부해야한다. 추가납부기간 이내에 특허료를 납부하지 못한 경우에는 특허권리를 소멸하게 되는데, 이때 특허권자는 추가납부기간 만료일부터 3개월 이내에 특허료의 3배를 납부하고 그 소멸한 권리의 회복을 신청 할 수 있다."
27,10-2010-0019417,1020100019417,1020100019417,,5,PA0201,심사청구,20100304,"특허출원 이후 3년 이내에 특허청장에게 그 특허출원에 관하여 출원심사의 청구를 할 수 있고, 다만, 제34조 및 제35조에 따른 정당한 권리자의 특허출원, 분할출원 또는 변경출원에 관하여는 그 기간이 지난 후에도 정당한 권리자가 특허출원을 한 날, 분할출원을 한 날 또는 변경출원을 한 날부터 각각 30일 이내에 출원심사 청구를 할 수 있다. 심사청구가 있을 시에 한하여 특허출원을 심사한다."
27,10-2010-0019417,1020100019417,1020100019417,,6,PE0902,거절이유통지,20110830,심사관은 특허법 제62조(특허거절결정)에 따라 특허거절결정을 하고자 할 때에는 출원인에게 거절이유를 통지하고 기간을 정하여 의견서를 제출할 기회를 주어야 한다. 다만 특허법 제51조(보정각하)에 따라 보정각하결정을 할때는 그러지 아니한다. 심사관이 행하는 거절이유통지는 2종류로 구분되며 그 종류에 따라 출원인이 할 수 있는 명세서 또는 도면의 보정 범위가 다르게 제한된다. 하나는 거절이유통지에 대한 보정에 따라 발생한 거절이유만을 통지하는 거절이유통지(최후거절이유통지)와 다른 하나는 출원인이 처음으로 받거나 최후거절이유통지가 아닌 거절이유통지(최초거절이유통지)를 말한다.
27,10-2010-0019417,1020100019417,1020100019417,,7,PG1501,출원공개,20110914,"출원인의 신청에 의하여 조기공개신청  또는 특허출원 이후 1년 6개월 경과 후 심사여부와 관계없이 출원공개를 해야하며 이는  발명의 공개를 통해 제3자의 중복연구, 중복투자 및 중복출원을 방지하는 한편 기술이용의 기회를 제공한다."
27,10-2010-0019417,1020100019417,1020100019417,,8,PR0701,설정등록,20120217,"특허권은 설정등록에 의해 발생하며, 특허결정이 된 후 출원인이 특허료를 납부하거나 보전한 경우 또는 추가납부하거나 특허료가 면제된 경우에 특허청장은 특허권을 설정하기 위한 등록을 해야 한다."
27,10-2010-0019417,1020100019417,1020100019417,,9,PR1001,연차료납부,20150106,"특허법 제87조 1항에 따른 특허권의 설정등록을 받으려는 자는 설정등록을 받으려는 날부터 3년분의 특허료를 납부해야 하는데, 그 다음 연도분부터는 특허료를 해당 권리의 설정등록일에 해당하는 날을 기준으로 일정기간 내에 매년 1년분씩 납부함으로써 특허권을 유지한다. 연차료의 납부기간의 종류는 아래와 같다.정상납부기간(정상납부만료일 이전), 추가납부기간(추가납부안내서 발송 이후 6개월), 회복납부기간(권리소멸 시점부터 3개월 이내)"
27,10-2010-0019417,1020100019417,1020100019417,,10,PR1001,연차료납부,20180118,"특허법 제87조 1항에 따른 특허권의 설정등록을 받으려는 자는 설정등록을 받으려는 날부터 3년분의 특허료를 납부해야 하는데, 그 다음 연도분부터는 특허료를 해당 권리의 설정등록일에 해당하는 날을 기준으로 일정기간 내에 매년 1년분씩 납부함으로써 특허권을 유지한다. 연차료의 납부기간의 종류는 아래와 같다.정상납부기간(정상납부만료일 이전), 추가납부기간(추가납부안내서 발송 이후 6개월), 회복납부기간(권리소멸 시점부터 3개월 이내)"
27,10-2010-0019417,1020100019417,1020100019417,,11,PR1001,연차료납부,20201228,"특허법 제87조 1항에 따른 특허권의 설정등록을 받으려는 자는 설정등록을 받으려는 날부터 3년분의 특허료를 납부해야 하는데, 그 다음 연도분부터는 특허료를 해당 권리의 설정등록일에 해당하는 날을 기준으로 일정기간 내에 매년 1년분씩 납부함으로써 특허권을 유지한다. 연차료의 납부기간의 종류는 아래와 같다.정상납부기간(정상납부만료일 이전), 추가납부기간(추가납부안내서 발송 이후 6개월), 회복납부기간(권리소멸 시점부터 3개월 이내)"
28,10-2010-0020464,1020100020464,1020100020464,,1,PA0109,특허출원,20100308,특허를 받고자 하는 자는 특허가 담은 발명에 대한 서류를 작성한 특허출원서를 특허청장에게 제출하여야한다.
28,10-2010-0020464,1020100020464,1020100020464,,2,PE0701,등록결정,20111110,심사관은 특허출원에 대해 거절이유를 발견할 수 없는 경우 특허결정을 해야 한다. 특허결정이 있는 경우 특허청장은 그 특허결정의 등본을 출원인에게 송달해야 한다. 특허결정은 그 결정 등본이 송달된 때에 확정된다.
28,10-2010-0020464,1020100020464,1020100020464,,3,PG1601,등록공고,20111202,특허권은 설정등록에 의해 발생하며 등록이 있는 때는 그 특허에 관하여 특허공보에 게재하여 등록공고를 하여야 한다. 비밀취급을 요하는 특허발명에 대하여는 비밀취급의 해제시까지 등록공고를 보류하며 그 비밀취급이 해제된 때에는 지체없이 등록공고를 하여야 하며 등록공고가 있는 날부터 3월간 출원서류 및 그 부속물건을 공중의 열람에 제공해야 한다.
28,10-2010-0020464,1020100020464,1020100020464,,4,PR1002,등록료납부,20111128,"특허권의 설정등록을 받으려는 자는 설정등록받으려는 날 부터 3년분의 특허료를 납부한다.특허권의 설정등록을 받고자 하는자 또는 특허권자는 특허료 납부기간이 경과한 후에도 6개월 이내 특허료를 추가 납부할 수 있으며 특허료 추가 납부할 때에는 납부하여야 할 특허료의 2배 이내의 범위에서 납부해야한다. 추가납부기간 이내에 특허료를 납부하지 못한 경우에는 특허권리를 소멸하게 되는데, 이때 특허권자는 추가납부기간 만료일부터 3개월 이내에 특허료의 3배를 납부하고 그 소멸한 권리의 회복을 신청 할 수 있다."
28,10-2010-0020464,1020100020464,1020100020464,,5,PA0201,심사청구,20100308,"특허출원 이후 3년 이내에 특허청장에게 그 특허출원에 관하여 출원심사의 청구를 할 수 있고, 다만, 제34조 및 제35조에 따른 정당한 권리자의 특허출원, 분할출원 또는 변경출원에 관하여는 그 기간이 지난 후에도 정당한 권리자가 특허출원을 한 날, 분할출원을 한 날 또는 변경출원을 한 날부터 각각 30일 이내에 출원심사 청구를 할 수 있다. 심사청구가 있을 시에 한하여 특허출원을 심사한다."
28,10-2010-0020464,1020100020464,1020100020464,,6,PE0902,거절이유통지,20110830,심사관은 특허법 제62조(특허거절결정)에 따라 특허거절결정을 하고자 할 때에는 출원인에게 거절이유를 통지하고 기간을 정하여 의견서를 제출할 기회를 주어야 한다. 다만 특허법 제51조(보정각하)에 따라 보정각하결정을 할때는 그러지 아니한다. 심사관이 행하는 거절이유통지는 2종류로 구분되며 그 종류에 따라 출원인이 할 수 있는 명세서 또는 도면의 보정 범위가 다르게 제한된다. 하나는 거절이유통지에 대한 보정에 따라 발생한 거절이유만을 통지하는 거절이유통지(최후거절이유통지)와 다른 하나는 출원인이 처음으로 받거나 최후거절이유통지가 아닌 거절이유통지(최초거절이유통지)를 말한다.
28,10-2010-0020464,1020100020464,1020100020464,,7,PG1501,출원공개,20110916,"출원인의 신청에 의하여 조기공개신청  또는 특허출원 이후 1년 6개월 경과 후 심사여부와 관계없이 출원공개를 해야하며 이는  발명의 공개를 통해 제3자의 중복연구, 중복투자 및 중복출원을 방지하는 한편 기술이용의 기회를 제공한다."
28,10-2010-0020464,1020100020464,1020100020464,,8,PR0701,설정등록,20111128,"특허권은 설정등록에 의해 발생하며, 특허결정이 된 후 출원인이 특허료를 납부하거나 보전한 경우 또는 추가납부하거나 특허료가 면제된 경우에 특허청장은 특허권을 설정하기 위한 등록을 해야 한다."
28,10-2010-0020464,1020100020464,1020100020464,,9,PR1001,연차료납부,20141001,"특허법 제87조 1항에 따른 특허권의 설정등록을 받으려는 자는 설정등록을 받으려는 날부터 3년분의 특허료를 납부해야 하는데, 그 다음 연도분부터는 특허료를 해당 권리의 설정등록일에 해당하는 날을 기준으로 일정기간 내에 매년 1년분씩 납부함으로써 특허권을 유지한다. 연차료의 납부기간의 종류는 아래와 같다.정상납부기간(정상납부만료일 이전), 추가납부기간(추가납부안내서 발송 이후 6개월), 회복납부기간(권리소멸 시점부터 3개월 이내)"
28,10-2010-0020464,1020100020464,1020100020464,,10,PR1001,연차료납부,20171018,"특허법 제87조 1항에 따른 특허권의 설정등록을 받으려는 자는 설정등록을 받으려는 날부터 3년분의 특허료를 납부해야 하는데, 그 다음 연도분부터는 특허료를 해당 권리의 설정등록일에 해당하는 날을 기준으로 일정기간 내에 매년 1년분씩 납부함으로써 특허권을 유지한다. 연차료의 납부기간의 종류는 아래와 같다.정상납부기간(정상납부만료일 이전), 추가납부기간(추가납부안내서 발송 이후 6개월), 회복납부기간(권리소멸 시점부터 3개월 이내)"
28,10-2010-0020464,1020100020464,1020100020464,,11,PR1001,연차료납부,20200925,"특허법 제87조 1항에 따른 특허권의 설정등록을 받으려는 자는 설정등록을 받으려는 날부터 3년분의 특허료를 납부해야 하는데, 그 다음 연도분부터는 특허료를 해당 권리의 설정등록일에 해당하는 날을 기준으로 일정기간 내에 매년 1년분씩 납부함으로써 특허권을 유지한다. 연차료의 납부기간의 종류는 아래와 같다.정상납부기간(정상납부만료일 이전), 추가납부기간(추가납부안내서 발송 이후 6개월), 회복납부기간(권리소멸 시점부터 3개월 이내)"
29,10-2010-0120712,1020100120712,1020100120712,,1,PA0109,특허출원,20101130,특허를 받고자 하는 자는 특허가 담은 발명에 대한 서류를 작성한 특허출원서를 특허청장에게 제출하여야한다.
29,10-2010-0120712,1020100120712,1020100120712,,2,PE0701,등록결정,20120702,심사관은 특허출원에 대해 거절이유를 발견할 수 없는 경우 특허결정을 해야 한다. 특허결정이 있는 경우 특허청장은 그 특허결정의 등본을 출원인에게 송달해야 한다. 특허결정은 그 결정 등본이 송달된 때에 확정된다.
29,10-2010-0120712,1020100120712,1020100120712,,3,PG1601,등록공고,20120719,특허권은 설정등록에 의해 발생하며 등록이 있는 때는 그 특허에 관하여 특허공보에 게재하여 등록공고를 하여야 한다. 비밀취급을 요하는 특허발명에 대하여는 비밀취급의 해제시까지 등록공고를 보류하며 그 비밀취급이 해제된 때에는 지체없이 등록공고를 하여야 하며 등록공고가 있는 날부터 3월간 출원서류 및 그 부속물건을 공중의 열람에 제공해야 한다.
29,10-2010-0120712,1020100120712,1020100120712,,4,PR1002,등록료납부,20120706,"특허권의 설정등록을 받으려는 자는 설정등록받으려는 날 부터 3년분의 특허료를 납부한다.특허권의 설정등록을 받고자 하는자 또는 특허권자는 특허료 납부기간이 경과한 후에도 6개월 이내 특허료를 추가 납부할 수 있으며 특허료 추가 납부할 때에는 납부하여야 할 특허료의 2배 이내의 범위에서 납부해야한다. 추가납부기간 이내에 특허료를 납부하지 못한 경우에는 특허권리를 소멸하게 되는데, 이때 특허권자는 추가납부기간 만료일부터 3개월 이내에 특허료의 3배를 납부하고 그 소멸한 권리의 회복을 신청 할 수 있다."
29,10-2010-0120712,1020100120712,1020100120712,,5,PA0201,심사청구,20101130,"특허출원 이후 3년 이내에 특허청장에게 그 특허출원에 관하여 출원심사의 청구를 할 수 있고, 다만, 제34조 및 제35조에 따른 정당한 권리자의 특허출원, 분할출원 또는 변경출원에 관하여는 그 기간이 지난 후에도 정당한 권리자가 특허출원을 한 날, 분할출원을 한 날 또는 변경출원을 한 날부터 각각 30일 이내에 출원심사 청구를 할 수 있다. 심사청구가 있을 시에 한하여 특허출원을 심사한다."
29,10-2010-0120712,1020100120712,1020100120712,,6,PE0902,거절이유통지,20111207,심사관은 특허법 제62조(특허거절결정)에 따라 특허거절결정을 하고자 할 때에는 출원인에게 거절이유를 통지하고 기간을 정하여 의견서를 제출할 기회를 주어야 한다. 다만 특허법 제51조(보정각하)에 따라 보정각하결정을 할때는 그러지 아니한다. 심사관이 행하는 거절이유통지는 2종류로 구분되며 그 종류에 따라 출원인이 할 수 있는 명세서 또는 도면의 보정 범위가 다르게 제한된다. 하나는 거절이유통지에 대한 보정에 따라 발생한 거절이유만을 통지하는 거절이유통지(최후거절이유통지)와 다른 하나는 출원인이 처음으로 받거나 최후거절이유통지가 아닌 거절이유통지(최초거절이유통지)를 말한다.
29,10-2010-0120712,1020100120712,1020100120712,,7,PG1501,출원공개,20120608,"출원인의 신청에 의하여 조기공개신청  또는 특허출원 이후 1년 6개월 경과 후 심사여부와 관계없이 출원공개를 해야하며 이는  발명의 공개를 통해 제3자의 중복연구, 중복투자 및 중복출원을 방지하는 한편 기술이용의 기회를 제공한다."
29,10-2010-0120712,1020100120712,1020100120712,,8,PR0701,설정등록,20120706,"특허권은 설정등록에 의해 발생하며, 특허결정이 된 후 출원인이 특허료를 납부하거나 보전한 경우 또는 추가납부하거나 특허료가 면제된 경우에 특허청장은 특허권을 설정하기 위한 등록을 해야 한다."
29,10-2010-0120712,1020100120712,1020100120712,,9,PR1001,연차료납부,20150508,"특허법 제87조 1항에 따른 특허권의 설정등록을 받으려는 자는 설정등록을 받으려는 날부터 3년분의 특허료를 납부해야 하는데, 그 다음 연도분부터는 특허료를 해당 권리의 설정등록일에 해당하는 날을 기준으로 일정기간 내에 매년 1년분씩 납부함으로써 특허권을 유지한다. 연차료의 납부기간의 종류는 아래와 같다.정상납부기간(정상납부만료일 이전), 추가납부기간(추가납부안내서 발송 이후 6개월), 회복납부기간(권리소멸 시점부터 3개월 이내)"
29,10-2010-0120712,1020100120712,1020100120712,,10,PR1001,연차료납부,20180525,"특허법 제87조 1항에 따른 특허권의 설정등록을 받으려는 자는 설정등록을 받으려는 날부터 3년분의 특허료를 납부해야 하는데, 그 다음 연도분부터는 특허료를 해당 권리의 설정등록일에 해당하는 날을 기준으로 일정기간 내에 매년 1년분씩 납부함으로써 특허권을 유지한다. 연차료의 납부기간의 종류는 아래와 같다.정상납부기간(정상납부만료일 이전), 추가납부기간(추가납부안내서 발송 이후 6개월), 회복납부기간(권리소멸 시점부터 3개월 이내)"
29,10-2010-0120712,1020100120712,1020100120712,,11,PR1001,연차료납부,20210628,"특허법 제87조 1항에 따른 특허권의 설정등록을 받으려는 자는 설정등록을 받으려는 날부터 3년분의 특허료를 납부해야 하는데, 그 다음 연도분부터는 특허료를 해당 권리의 설정등록일에 해당하는 날을 기준으로 일정기간 내에 매년 1년분씩 납부함으로써 특허권을 유지한다. 연차료의 납부기간의 종류는 아래와 같다.정상납부기간(정상납부만료일 이전), 추가납부기간(추가납부안내서 발송 이후 6개월), 회복납부기간(권리소멸 시점부터 3개월 이내)"
29,10-2010-0120712,1020100120712,1020100120712,,12,PR1001,연차료납부,20240619,"특허법 제87조 1항에 따른 특허권의 설정등록을 받으려는 자는 설정등록을 받으려는 날부터 3년분의 특허료를 납부해야 하는데, 그 다음 연도분부터는 특허료를 해당 권리의 설정등록일에 해당하는 날을 기준으로 일정기간 내에 매년 1년분씩 납부함으로써 특허권을 유지한다. 연차료의 납부기간의 종류는 아래와 같다.정상납부기간(정상납부만료일 이전), 추가납부기간(추가납부안내서 발송 이후 6개월), 회복납부기간(권리소멸 시점부터 3개월 이내)"
30,10-2011-0030386,1020110030386,1020110030386,,1,PA0109,특허출원,20110401,특허를 받고자 하는 자는 특허가 담은 발명에 대한 서류를 작성한 특허출원서를 특허청장에게 제출하여야한다.
30,10-2011-0030386,1020110030386,1020110030386,,2,PA0201,심사청구,20160401,"특허출원 이후 3년 이내에 특허청장에게 그 특허출원에 관하여 출원심사의 청구를 할 수 있고, 다만, 제34조 및 제35조에 따른 정당한 권리자의 특허출원, 분할출원 또는 변경출원에 관하여는 그 기간이 지난 후에도 정당한 권리자가 특허출원을 한 날, 분할출원을 한 날 또는 변경출원을 한 날부터 각각 30일 이내에 출원심사 청구를 할 수 있다. 심사청구가 있을 시에 한하여 특허출원을 심사한다."
30,10-2011-0030386,1020110030386,1020110030386,,3,PE0701,등록결정,20180226,심사관은 특허출원에 대해 거절이유를 발견할 수 없는 경우 특허결정을 해야 한다. 특허결정이 있는 경우 특허청장은 그 특허결정의 등본을 출원인에게 송달해야 한다. 특허결정은 그 결정 등본이 송달된 때에 확정된다.
30,10-2011-0030386,1020110030386,1020110030386,,4,PE0902,거절이유통지,20170817,심사관은 특허법 제62조(특허거절결정)에 따라 특허거절결정을 하고자 할 때에는 출원인에게 거절이유를 통지하고 기간을 정하여 의견서를 제출할 기회를 주어야 한다. 다만 특허법 제51조(보정각하)에 따라 보정각하결정을 할때는 그러지 아니한다. 심사관이 행하는 거절이유통지는 2종류로 구분되며 그 종류에 따라 출원인이 할 수 있는 명세서 또는 도면의 보정 범위가 다르게 제한된다. 하나는 거절이유통지에 대한 보정에 따라 발생한 거절이유만을 통지하는 거절이유통지(최후거절이유통지)와 다른 하나는 출원인이 처음으로 받거나 최후거절이유통지가 아닌 거절이유통지(최초거절이유통지)를 말한다.
30,10-2011-0030386,1020110030386,1020110030386,,5,PG1501,출원공개,20121011,"출원인의 신청에 의하여 조기공개신청  또는 특허출원 이후 1년 6개월 경과 후 심사여부와 관계없이 출원공개를 해야하며 이는  발명의 공개를 통해 제3자의 중복연구, 중복투자 및 중복출원을 방지하는 한편 기술이용의 기회를 제공한다."
30,10-2011-0030386,1020110030386,1020110030386,,6,PG1601,등록공고,20180306,특허권은 설정등록에 의해 발생하며 등록이 있는 때는 그 특허에 관하여 특허공보에 게재하여 등록공고를 하여야 한다. 비밀취급을 요하는 특허발명에 대하여는 비밀취급의 해제시까지 등록공고를 보류하며 그 비밀취급이 해제된 때에는 지체없이 등록공고를 하여야 하며 등록공고가 있는 날부터 3월간 출원서류 및 그 부속물건을 공중의 열람에 제공해야 한다.
30,10-2011-0030386,1020110030386,1020110030386,,7,PR0701,설정등록,20180227,"특허권은 설정등록에 의해 발생하며, 특허결정이 된 후 출원인이 특허료를 납부하거나 보전한 경우 또는 추가납부하거나 특허료가 면제된 경우에 특허청장은 특허권을 설정하기 위한 등록을 해야 한다."
30,10-2011-0030386,1020110030386,1020110030386,,8,PR1001,연차료납부,20201228,"특허법 제87조 1항에 따른 특허권의 설정등록을 받으려는 자는 설정등록을 받으려는 날부터 3년분의 특허료를 납부해야 하는데, 그 다음 연도분부터는 특허료를 해당 권리의 설정등록일에 해당하는 날을 기준으로 일정기간 내에 매년 1년분씩 납부함으로써 특허권을 유지한다. 연차료의 납부기간의 종류는 아래와 같다.정상납부기간(정상납부만료일 이전), 추가납부기간(추가납부안내서 발송 이후 6개월), 회복납부기간(권리소멸 시점부터 3개월 이내)"
30,10-2011-0030386,1020110030386,1020110030386,,9,PR1002,등록료납부,20180227,"특허권의 설정등록을 받으려는 자는 설정등록받으려는 날 부터 3년분의 특허료를 납부한다.특허권의 설정등록을 받고자 하는자 또는 특허권자는 특허료 납부기간이 경과한 후에도 6개월 이내 특허료를 추가 납부할 수 있으며 특허료 추가 납부할 때에는 납부하여야 할 특허료의 2배 이내의 범위에서 납부해야한다. 추가납부기간 이내에 특허료를 납부하지 못한 경우에는 특허권리를 소멸하게 되는데, 이때 특허권자는 추가납부기간 만료일부터 3개월 이내에 특허료의 3배를 납부하고 그 소멸한 권리의 회복을 신청 할 수 있다."
31,10-2011-0030388,1020110030388,1020110030388,,1,PA0109,특허출원,20110401,특허를 받고자 하는 자는 특허가 담은 발명에 대한 서류를 작성한 특허출원서를 특허청장에게 제출하여야한다.
31,10-2011-0030388,1020110030388,1020110030388,,2,PG1501,출원공개,20121011,"출원인의 신청에 의하여 조기공개신청  또는 특허출원 이후 1년 6개월 경과 후 심사여부와 관계없이 출원공개를 해야하며 이는  발명의 공개를 통해 제3자의 중복연구, 중복투자 및 중복출원을 방지하는 한편 기술이용의 기회를 제공한다."
31,10-2011-0030388,1020110030388,1020110030388,,3,PA0201,심사청구,20160401,"특허출원 이후 3년 이내에 특허청장에게 그 특허출원에 관하여 출원심사의 청구를 할 수 있고, 다만, 제34조 및 제35조에 따른 정당한 권리자의 특허출원, 분할출원 또는 변경출원에 관하여는 그 기간이 지난 후에도 정당한 권리자가 특허출원을 한 날, 분할출원을 한 날 또는 변경출원을 한 날부터 각각 30일 이내에 출원심사 청구를 할 수 있다. 심사청구가 있을 시에 한하여 특허출원을 심사한다."
31,10-2011-0030388,1020110030388,1020110030388,,4,PE0902,거절이유통지,20170522,심사관은 특허법 제62조(특허거절결정)에 따라 특허거절결정을 하고자 할 때에는 출원인에게 거절이유를 통지하고 기간을 정하여 의견서를 제출할 기회를 주어야 한다. 다만 특허법 제51조(보정각하)에 따라 보정각하결정을 할때는 그러지 아니한다. 심사관이 행하는 거절이유통지는 2종류로 구분되며 그 종류에 따라 출원인이 할 수 있는 명세서 또는 도면의 보정 범위가 다르게 제한된다. 하나는 거절이유통지에 대한 보정에 따라 발생한 거절이유만을 통지하는 거절이유통지(최후거절이유통지)와 다른 하나는 출원인이 처음으로 받거나 최후거절이유통지가 아닌 거절이유통지(최초거절이유통지)를 말한다.
31,10-2011-0030388,1020110030388,1020110030388,,5,PE0701,등록결정,20171122,심사관은 특허출원에 대해 거절이유를 발견할 수 없는 경우 특허결정을 해야 한다. 특허결정이 있는 경우 특허청장은 그 특허결정의 등본을 출원인에게 송달해야 한다. 특허결정은 그 결정 등본이 송달된 때에 확정된다.
31,10-2011-0030388,1020110030388,1020110030388,,6,PG1601,등록공고,20171129,특허권은 설정등록에 의해 발생하며 등록이 있는 때는 그 특허에 관하여 특허공보에 게재하여 등록공고를 하여야 한다. 비밀취급을 요하는 특허발명에 대하여는 비밀취급의 해제시까지 등록공고를 보류하며 그 비밀취급이 해제된 때에는 지체없이 등록공고를 하여야 하며 등록공고가 있는 날부터 3월간 출원서류 및 그 부속물건을 공중의 열람에 제공해야 한다.
31,10-2011-0030388,1020110030388,1020110030388,,7,PR0701,설정등록,20171123,"특허권은 설정등록에 의해 발생하며, 특허결정이 된 후 출원인이 특허료를 납부하거나 보전한 경우 또는 추가납부하거나 특허료가 면제된 경우에 특허청장은 특허권을 설정하기 위한 등록을 해야 한다."
31,10-2011-0030388,1020110030388,1020110030388,,8,PR1002,등록료납부,20171123,"특허권의 설정등록을 받으려는 자는 설정등록받으려는 날 부터 3년분의 특허료를 납부한다.특허권의 설정등록을 받고자 하는자 또는 특허권자는 특허료 납부기간이 경과한 후에도 6개월 이내 특허료를 추가 납부할 수 있으며 특허료 추가 납부할 때에는 납부하여야 할 특허료의 2배 이내의 범위에서 납부해야한다. 추가납부기간 이내에 특허료를 납부하지 못한 경우에는 특허권리를 소멸하게 되는데, 이때 특허권자는 추가납부기간 만료일부터 3개월 이내에 특허료의 3배를 납부하고 그 소멸한 권리의 회복을 신청 할 수 있다."
31,10-2011-0030388,1020110030388,1020110030388,,9,PR1001,연차료납부,20200925,"특허법 제87조 1항에 따른 특허권의 설정등록을 받으려는 자는 설정등록을 받으려는 날부터 3년분의 특허료를 납부해야 하는데, 그 다음 연도분부터는 특허료를 해당 권리의 설정등록일에 해당하는 날을 기준으로 일정기간 내에 매년 1년분씩 납부함으로써 특허권을 유지한다. 연차료의 납부기간의 종류는 아래와 같다.정상납부기간(정상납부만료일 이전), 추가납부기간(추가납부안내서 발송 이후 6개월), 회복납부기간(권리소멸 시점부터 3개월 이내)"
32,10-2011-0030390,1020110030390,1020110030390,,1,PA0109,특허출원,20110401,특허를 받고자 하는 자는 특허가 담은 발명에 대한 서류를 작성한 특허출원서를 특허청장에게 제출하여야한다.
32,10-2011-0030390,1020110030390,1020110030390,,2,PA0201,심사청구,20160401,"특허출원 이후 3년 이내에 특허청장에게 그 특허출원에 관하여 출원심사의 청구를 할 수 있고, 다만, 제34조 및 제35조에 따른 정당한 권리자의 특허출원, 분할출원 또는 변경출원에 관하여는 그 기간이 지난 후에도 정당한 권리자가 특허출원을 한 날, 분할출원을 한 날 또는 변경출원을 한 날부터 각각 30일 이내에 출원심사 청구를 할 수 있다. 심사청구가 있을 시에 한하여 특허출원을 심사한다."
32,10-2011-0030390,1020110030390,1020110030390,,3,PE0701,등록결정,20170628,심사관은 특허출원에 대해 거절이유를 발견할 수 없는 경우 특허결정을 해야 한다. 특허결정이 있는 경우 특허청장은 그 특허결정의 등본을 출원인에게 송달해야 한다. 특허결정은 그 결정 등본이 송달된 때에 확정된다.
32,10-2011-0030390,1020110030390,1020110030390,,4,PE0902,거절이유통지,20161209,심사관은 특허법 제62조(특허거절결정)에 따라 특허거절결정을 하고자 할 때에는 출원인에게 거절이유를 통지하고 기간을 정하여 의견서를 제출할 기회를 주어야 한다. 다만 특허법 제51조(보정각하)에 따라 보정각하결정을 할때는 그러지 아니한다. 심사관이 행하는 거절이유통지는 2종류로 구분되며 그 종류에 따라 출원인이 할 수 있는 명세서 또는 도면의 보정 범위가 다르게 제한된다. 하나는 거절이유통지에 대한 보정에 따라 발생한 거절이유만을 통지하는 거절이유통지(최후거절이유통지)와 다른 하나는 출원인이 처음으로 받거나 최후거절이유통지가 아닌 거절이유통지(최초거절이유통지)를 말한다.
32,10-2011-0030390,1020110030390,1020110030390,,5,PG1501,출원공개,20121011,"출원인의 신청에 의하여 조기공개신청  또는 특허출원 이후 1년 6개월 경과 후 심사여부와 관계없이 출원공개를 해야하며 이는  발명의 공개를 통해 제3자의 중복연구, 중복투자 및 중복출원을 방지하는 한편 기술이용의 기회를 제공한다."
32,10-2011-0030390,1020110030390,1020110030390,,6,PG1601,등록공고,20170707,특허권은 설정등록에 의해 발생하며 등록이 있는 때는 그 특허에 관하여 특허공보에 게재하여 등록공고를 하여야 한다. 비밀취급을 요하는 특허발명에 대하여는 비밀취급의 해제시까지 등록공고를 보류하며 그 비밀취급이 해제된 때에는 지체없이 등록공고를 하여야 하며 등록공고가 있는 날부터 3월간 출원서류 및 그 부속물건을 공중의 열람에 제공해야 한다.
32,10-2011-0030390,1020110030390,1020110030390,,7,PR0701,설정등록,20170703,"특허권은 설정등록에 의해 발생하며, 특허결정이 된 후 출원인이 특허료를 납부하거나 보전한 경우 또는 추가납부하거나 특허료가 면제된 경우에 특허청장은 특허권을 설정하기 위한 등록을 해야 한다."
32,10-2011-0030390,1020110030390,1020110030390,,8,PR1001,연차료납부,20200701,"특허법 제87조 1항에 따른 특허권의 설정등록을 받으려는 자는 설정등록을 받으려는 날부터 3년분의 특허료를 납부해야 하는데, 그 다음 연도분부터는 특허료를 해당 권리의 설정등록일에 해당하는 날을 기준으로 일정기간 내에 매년 1년분씩 납부함으로써 특허권을 유지한다. 연차료의 납부기간의 종류는 아래와 같다.정상납부기간(정상납부만료일 이전), 추가납부기간(추가납부안내서 발송 이후 6개월), 회복납부기간(권리소멸 시점부터 3개월 이내)"
32,10-2011-0030390,1020110030390,1020110030390,,9,PR1002,등록료납부,20170703,"특허권의 설정등록을 받으려는 자는 설정등록받으려는 날 부터 3년분의 특허료를 납부한다.특허권의 설정등록을 받고자 하는자 또는 특허권자는 특허료 납부기간이 경과한 후에도 6개월 이내 특허료를 추가 납부할 수 있으며 특허료 추가 납부할 때에는 납부하여야 할 특허료의 2배 이내의 범위에서 납부해야한다. 추가납부기간 이내에 특허료를 납부하지 못한 경우에는 특허권리를 소멸하게 되는데, 이때 특허권자는 추가납부기간 만료일부터 3개월 이내에 특허료의 3배를 납부하고 그 소멸한 권리의 회복을 신청 할 수 있다."
33,10-2011-0030393,1020110030393,1020110030393,,1,PA0109,특허출원,20110401,특허를 받고자 하는 자는 특허가 담은 발명에 대한 서류를 작성한 특허출원서를 특허청장에게 제출하여야한다.
33,10-2011-0030393,1020110030393,1020110030393,,2,PG1501,출원공개,20121011,"출원인의 신청에 의하여 조기공개신청  또는 특허출원 이후 1년 6개월 경과 후 심사여부와 관계없이 출원공개를 해야하며 이는  발명의 공개를 통해 제3자의 중복연구, 중복투자 및 중복출원을 방지하는 한편 기술이용의 기회를 제공한다."
33,10-2011-0030393,1020110030393,1020110030393,,3,PA0201,심사청구,20160401,"특허출원 이후 3년 이내에 특허청장에게 그 특허출원에 관하여 출원심사의 청구를 할 수 있고, 다만, 제34조 및 제35조에 따른 정당한 권리자의 특허출원, 분할출원 또는 변경출원에 관하여는 그 기간이 지난 후에도 정당한 권리자가 특허출원을 한 날, 분할출원을 한 날 또는 변경출원을 한 날부터 각각 30일 이내에 출원심사 청구를 할 수 있다. 심사청구가 있을 시에 한하여 특허출원을 심사한다."
33,10-2011-0030393,1020110030393,1020110030393,,4,PE0902,거절이유통지,20170410,심사관은 특허법 제62조(특허거절결정)에 따라 특허거절결정을 하고자 할 때에는 출원인에게 거절이유를 통지하고 기간을 정하여 의견서를 제출할 기회를 주어야 한다. 다만 특허법 제51조(보정각하)에 따라 보정각하결정을 할때는 그러지 아니한다. 심사관이 행하는 거절이유통지는 2종류로 구분되며 그 종류에 따라 출원인이 할 수 있는 명세서 또는 도면의 보정 범위가 다르게 제한된다. 하나는 거절이유통지에 대한 보정에 따라 발생한 거절이유만을 통지하는 거절이유통지(최후거절이유통지)와 다른 하나는 출원인이 처음으로 받거나 최후거절이유통지가 아닌 거절이유통지(최초거절이유통지)를 말한다.
33,10-2011-0030393,1020110030393,1020110030393,,5,PE0701,등록결정,20171020,심사관은 특허출원에 대해 거절이유를 발견할 수 없는 경우 특허결정을 해야 한다. 특허결정이 있는 경우 특허청장은 그 특허결정의 등본을 출원인에게 송달해야 한다. 특허결정은 그 결정 등본이 송달된 때에 확정된다.
33,10-2011-0030393,1020110030393,1020110030393,,6,PG1601,등록공고,20171109,특허권은 설정등록에 의해 발생하며 등록이 있는 때는 그 특허에 관하여 특허공보에 게재하여 등록공고를 하여야 한다. 비밀취급을 요하는 특허발명에 대하여는 비밀취급의 해제시까지 등록공고를 보류하며 그 비밀취급이 해제된 때에는 지체없이 등록공고를 하여야 하며 등록공고가 있는 날부터 3월간 출원서류 및 그 부속물건을 공중의 열람에 제공해야 한다.
33,10-2011-0030393,1020110030393,1020110030393,,7,PR0701,설정등록,20171102,"특허권은 설정등록에 의해 발생하며, 특허결정이 된 후 출원인이 특허료를 납부하거나 보전한 경우 또는 추가납부하거나 특허료가 면제된 경우에 특허청장은 특허권을 설정하기 위한 등록을 해야 한다."
33,10-2011-0030393,1020110030393,1020110030393,,8,PR1002,등록료납부,20171102,"특허권의 설정등록을 받으려는 자는 설정등록받으려는 날 부터 3년분의 특허료를 납부한다.특허권의 설정등록을 받고자 하는자 또는 특허권자는 특허료 납부기간이 경과한 후에도 6개월 이내 특허료를 추가 납부할 수 있으며 특허료 추가 납부할 때에는 납부하여야 할 특허료의 2배 이내의 범위에서 납부해야한다. 추가납부기간 이내에 특허료를 납부하지 못한 경우에는 특허권리를 소멸하게 되는데, 이때 특허권자는 추가납부기간 만료일부터 3개월 이내에 특허료의 3배를 납부하고 그 소멸한 권리의 회복을 신청 할 수 있다."
33,10-2011-0030393,1020110030393,1020110030393,,9,PR1001,연차료납부,20200925,"특허법 제87조 1항에 따른 특허권의 설정등록을 받으려는 자는 설정등록을 받으려는 날부터 3년분의 특허료를 납부해야 하는데, 그 다음 연도분부터는 특허료를 해당 권리의 설정등록일에 해당하는 날을 기준으로 일정기간 내에 매년 1년분씩 납부함으로써 특허권을 유지한다. 연차료의 납부기간의 종류는 아래와 같다.정상납부기간(정상납부만료일 이전), 추가납부기간(추가납부안내서 발송 이후 6개월), 회복납부기간(권리소멸 시점부터 3개월 이내)"
34,10-2011-0033493,1020110033493,1020110033493,,1,PA0109,특허출원,20110411,특허를 받고자 하는 자는 특허가 담은 발명에 대한 서류를 작성한 특허출원서를 특허청장에게 제출하여야한다.
34,10-2011-0033493,1020110033493,1020110033493,,2,PE0601,특허거절결정,20130424,심사관은 특허출원이 특허법 제62조 각호의 어느 하나에 해당 할 경우 거절이유 통지 후 거절결정을 해야한다. 다만 거절결정전에 출원인은 심사관의 거절이유통지에 대응하여 의견서를 제출할수 있고 지정한 의견서 제출기간 이내에 보정서를 제출하여 명세서 또는 도면을 보정 할수 있다. 출원인이 의견서를 제출한 경우 제출된 의견서를 반영하여 거절이유가 유지될수 있는지 여부를 다시 심사한다. 만약 의견서 제출기간 이내에 보정서도 같이 제출한 경우에는 해당 보정서에 의한 보정사항을 반영하여 심사한다. 심사관은 의견서 및 보정사항을 반영하여 다시 심사한 후에도 거절이유통지에서 지적한 거절이유가 해소되지 않았다고 인정하는 경우 거절결정을 해야 한다.
34,10-2011-0033493,1020110033493,1020110033493,,4,PG1601,등록공고,20130814,특허권은 설정등록에 의해 발생하며 등록이 있는 때는 그 특허에 관하여 특허공보에 게재하여 등록공고를 하여야 한다. 비밀취급을 요하는 특허발명에 대하여는 비밀취급의 해제시까지 등록공고를 보류하며 그 비밀취급이 해제된 때에는 지체없이 등록공고를 하여야 하며 등록공고가 있는 날부터 3월간 출원서류 및 그 부속물건을 공중의 열람에 제공해야 한다.
34,10-2011-0033493,1020110033493,1020110033493,,5,PR1002,등록료납부,20130809,"특허권의 설정등록을 받으려는 자는 설정등록받으려는 날 부터 3년분의 특허료를 납부한다.특허권의 설정등록을 받고자 하는자 또는 특허권자는 특허료 납부기간이 경과한 후에도 6개월 이내 특허료를 추가 납부할 수 있으며 특허료 추가 납부할 때에는 납부하여야 할 특허료의 2배 이내의 범위에서 납부해야한다. 추가납부기간 이내에 특허료를 납부하지 못한 경우에는 특허권리를 소멸하게 되는데, 이때 특허권자는 추가납부기간 만료일부터 3개월 이내에 특허료의 3배를 납부하고 그 소멸한 권리의 회복을 신청 할 수 있다."
34,10-2011-0033493,1020110033493,1020110033493,,6,PX0701,재심사후 등록결정,20130724,심사관이 거절결정한 출원에 대하여 출원인이 거절결정등본을 송달받은 날부터 30일(법정기간이 연장된 경우에는 그 연장된 때까지) 이내에 명세서 또는 도면을 보정하면 심사관은 보정된 출원을 다시 심사 해야 한다. 심사관은 보정서를 반영하여 재심사한 결과 거절이유를 발견할 수 없는 경우 특허결정을 해야 한다.
34,10-2011-0033493,1020110033493,1020110033493,,7,PX0901,재심사,20130620,심사관이 거절결정한 출원에 대하여 출원인이 거절결정등본을 송달받은 날부터 30일(법정기간이 연장된 경우에는 그 연장된 때까지) 이내에 명세서 또는 도면을 보정하면 심사관은 보정된 출원을 다시 심사 해야 한다. 재심사청구된 경우 종전의 거절결정은 취소된 것으로 보므로 거절결정 전으로 돌아가 보정서가 제출된 통상의 심사와 동일하게 심사를 진행한다. 보정이 적법한 경우 보정사항을 반영하여 특허결정 또는 거절결정 여부를 결정한다. 보정이 부적법해 보정각하가 되면 바로 보정전 명세서를 심사대상으로 하여 심사를 계속 진행한다
34,10-2011-0033493,1020110033493,1020110033493,,8,PA0201,심사청구,20110411,"특허출원 이후 3년 이내에 특허청장에게 그 특허출원에 관하여 출원심사의 청구를 할 수 있고, 다만, 제34조 및 제35조에 따른 정당한 권리자의 특허출원, 분할출원 또는 변경출원에 관하여는 그 기간이 지난 후에도 정당한 권리자가 특허출원을 한 날, 분할출원을 한 날 또는 변경출원을 한 날부터 각각 30일 이내에 출원심사 청구를 할 수 있다. 심사청구가 있을 시에 한하여 특허출원을 심사한다."
34,10-2011-0033493,1020110033493,1020110033493,,9,PE0902,거절이유통지,20120717,심사관은 특허법 제62조(특허거절결정)에 따라 특허거절결정을 하고자 할 때에는 출원인에게 거절이유를 통지하고 기간을 정하여 의견서를 제출할 기회를 주어야 한다. 다만 특허법 제51조(보정각하)에 따라 보정각하결정을 할때는 그러지 아니한다. 심사관이 행하는 거절이유통지는 2종류로 구분되며 그 종류에 따라 출원인이 할 수 있는 명세서 또는 도면의 보정 범위가 다르게 제한된다. 하나는 거절이유통지에 대한 보정에 따라 발생한 거절이유만을 통지하는 거절이유통지(최후거절이유통지)와 다른 하나는 출원인이 처음으로 받거나 최후거절이유통지가 아닌 거절이유통지(최초거절이유통지)를 말한다.
34,10-2011-0033493,1020110033493,1020110033493,,10,PG1501,출원공개,20121224,"출원인의 신청에 의하여 조기공개신청  또는 특허출원 이후 1년 6개월 경과 후 심사여부와 관계없이 출원공개를 해야하며 이는  발명의 공개를 통해 제3자의 중복연구, 중복투자 및 중복출원을 방지하는 한편 기술이용의 기회를 제공한다."
34,10-2011-0033493,1020110033493,1020110033493,,11,PR0701,설정등록,20130809,"특허권은 설정등록에 의해 발생하며, 특허결정이 된 후 출원인이 특허료를 납부하거나 보전한 경우 또는 추가납부하거나 특허료가 면제된 경우에 특허청장은 특허권을 설정하기 위한 등록을 해야 한다."
34,10-2011-0033493,1020110033493,1020110033493,,12,PR1001,연차료납부,20190701,"특허법 제87조 1항에 따른 특허권의 설정등록을 받으려는 자는 설정등록을 받으려는 날부터 3년분의 특허료를 납부해야 하는데, 그 다음 연도분부터는 특허료를 해당 권리의 설정등록일에 해당하는 날을 기준으로 일정기간 내에 매년 1년분씩 납부함으로써 특허권을 유지한다. 연차료의 납부기간의 종류는 아래와 같다.정상납부기간(정상납부만료일 이전), 추가납부기간(추가납부안내서 발송 이후 6개월), 회복납부기간(권리소멸 시점부터 3개월 이내)"
35,10-2011-0033494,1020110033494,1020110033494,,1,PA0109,특허출원,20110411,특허를 받고자 하는 자는 특허가 담은 발명에 대한 서류를 작성한 특허출원서를 특허청장에게 제출하여야한다.
35,10-2011-0033494,1020110033494,1020110033494,,2,PE0601,특허거절결정,20130425,심사관은 특허출원이 특허법 제62조 각호의 어느 하나에 해당 할 경우 거절이유 통지 후 거절결정을 해야한다. 다만 거절결정전에 출원인은 심사관의 거절이유통지에 대응하여 의견서를 제출할수 있고 지정한 의견서 제출기간 이내에 보정서를 제출하여 명세서 또는 도면을 보정 할수 있다. 출원인이 의견서를 제출한 경우 제출된 의견서를 반영하여 거절이유가 유지될수 있는지 여부를 다시 심사한다. 만약 의견서 제출기간 이내에 보정서도 같이 제출한 경우에는 해당 보정서에 의한 보정사항을 반영하여 심사한다. 심사관은 의견서 및 보정사항을 반영하여 다시 심사한 후에도 거절이유통지에서 지적한 거절이유가 해소되지 않았다고 인정하는 경우 거절결정을 해야 한다.
35,10-2011-0033494,1020110033494,1020110033494,,4,PG1601,등록공고,20130903,특허권은 설정등록에 의해 발생하며 등록이 있는 때는 그 특허에 관하여 특허공보에 게재하여 등록공고를 하여야 한다. 비밀취급을 요하는 특허발명에 대하여는 비밀취급의 해제시까지 등록공고를 보류하며 그 비밀취급이 해제된 때에는 지체없이 등록공고를 하여야 하며 등록공고가 있는 날부터 3월간 출원서류 및 그 부속물건을 공중의 열람에 제공해야 한다.
35,10-2011-0033494,1020110033494,1020110033494,,5,PR1002,등록료납부,20130827,"특허권의 설정등록을 받으려는 자는 설정등록받으려는 날 부터 3년분의 특허료를 납부한다.특허권의 설정등록을 받고자 하는자 또는 특허권자는 특허료 납부기간이 경과한 후에도 6개월 이내 특허료를 추가 납부할 수 있으며 특허료 추가 납부할 때에는 납부하여야 할 특허료의 2배 이내의 범위에서 납부해야한다. 추가납부기간 이내에 특허료를 납부하지 못한 경우에는 특허권리를 소멸하게 되는데, 이때 특허권자는 추가납부기간 만료일부터 3개월 이내에 특허료의 3배를 납부하고 그 소멸한 권리의 회복을 신청 할 수 있다."
35,10-2011-0033494,1020110033494,1020110033494,,6,PX0701,재심사후 등록결정,20130612,심사관이 거절결정한 출원에 대하여 출원인이 거절결정등본을 송달받은 날부터 30일(법정기간이 연장된 경우에는 그 연장된 때까지) 이내에 명세서 또는 도면을 보정하면 심사관은 보정된 출원을 다시 심사 해야 한다. 심사관은 보정서를 반영하여 재심사한 결과 거절이유를 발견할 수 없는 경우 특허결정을 해야 한다.
35,10-2011-0033494,1020110033494,1020110033494,,7,PX0901,재심사,20130527,심사관이 거절결정한 출원에 대하여 출원인이 거절결정등본을 송달받은 날부터 30일(법정기간이 연장된 경우에는 그 연장된 때까지) 이내에 명세서 또는 도면을 보정하면 심사관은 보정된 출원을 다시 심사 해야 한다. 재심사청구된 경우 종전의 거절결정은 취소된 것으로 보므로 거절결정 전으로 돌아가 보정서가 제출된 통상의 심사와 동일하게 심사를 진행한다. 보정이 적법한 경우 보정사항을 반영하여 특허결정 또는 거절결정 여부를 결정한다. 보정이 부적법해 보정각하가 되면 바로 보정전 명세서를 심사대상으로 하여 심사를 계속 진행한다
35,10-2011-0033494,1020110033494,1020110033494,,8,PA0201,심사청구,20110411,"특허출원 이후 3년 이내에 특허청장에게 그 특허출원에 관하여 출원심사의 청구를 할 수 있고, 다만, 제34조 및 제35조에 따른 정당한 권리자의 특허출원, 분할출원 또는 변경출원에 관하여는 그 기간이 지난 후에도 정당한 권리자가 특허출원을 한 날, 분할출원을 한 날 또는 변경출원을 한 날부터 각각 30일 이내에 출원심사 청구를 할 수 있다. 심사청구가 있을 시에 한하여 특허출원을 심사한다."
35,10-2011-0033494,1020110033494,1020110033494,,9,PE0902,거절이유통지,20120620,심사관은 특허법 제62조(특허거절결정)에 따라 특허거절결정을 하고자 할 때에는 출원인에게 거절이유를 통지하고 기간을 정하여 의견서를 제출할 기회를 주어야 한다. 다만 특허법 제51조(보정각하)에 따라 보정각하결정을 할때는 그러지 아니한다. 심사관이 행하는 거절이유통지는 2종류로 구분되며 그 종류에 따라 출원인이 할 수 있는 명세서 또는 도면의 보정 범위가 다르게 제한된다. 하나는 거절이유통지에 대한 보정에 따라 발생한 거절이유만을 통지하는 거절이유통지(최후거절이유통지)와 다른 하나는 출원인이 처음으로 받거나 최후거절이유통지가 아닌 거절이유통지(최초거절이유통지)를 말한다.
35,10-2011-0033494,1020110033494,1020110033494,,10,PG1501,출원공개,20121224,"출원인의 신청에 의하여 조기공개신청  또는 특허출원 이후 1년 6개월 경과 후 심사여부와 관계없이 출원공개를 해야하며 이는  발명의 공개를 통해 제3자의 중복연구, 중복투자 및 중복출원을 방지하는 한편 기술이용의 기회를 제공한다."
35,10-2011-0033494,1020110033494,1020110033494,,11,PR0701,설정등록,20130827,"특허권은 설정등록에 의해 발생하며, 특허결정이 된 후 출원인이 특허료를 납부하거나 보전한 경우 또는 추가납부하거나 특허료가 면제된 경우에 특허청장은 특허권을 설정하기 위한 등록을 해야 한다."
35,10-2011-0033494,1020110033494,1020110033494,,12,PR1001,연차료납부,20190701,"특허법 제87조 1항에 따른 특허권의 설정등록을 받으려는 자는 설정등록을 받으려는 날부터 3년분의 특허료를 납부해야 하는데, 그 다음 연도분부터는 특허료를 해당 권리의 설정등록일에 해당하는 날을 기준으로 일정기간 내에 매년 1년분씩 납부함으로써 특허권을 유지한다. 연차료의 납부기간의 종류는 아래와 같다.정상납부기간(정상납부만료일 이전), 추가납부기간(추가납부안내서 발송 이후 6개월), 회복납부기간(권리소멸 시점부터 3개월 이내)"
36,10-2011-0064515,1020110064515,1020110064515,,1,PA0109,특허출원,20110630,특허를 받고자 하는 자는 특허가 담은 발명에 대한 서류를 작성한 특허출원서를 특허청장에게 제출하여야한다.
36,10-2011-0064515,1020110064515,1020110064515,,2,PE0701,등록결정,20120928,심사관은 특허출원에 대해 거절이유를 발견할 수 없는 경우 특허결정을 해야 한다. 특허결정이 있는 경우 특허청장은 그 특허결정의 등본을 출원인에게 송달해야 한다. 특허결정은 그 결정 등본이 송달된 때에 확정된다.
36,10-2011-0064515,1020110064515,1020110064515,,3,PG1601,등록공고,20121012,특허권은 설정등록에 의해 발생하며 등록이 있는 때는 그 특허에 관하여 특허공보에 게재하여 등록공고를 하여야 한다. 비밀취급을 요하는 특허발명에 대하여는 비밀취급의 해제시까지 등록공고를 보류하며 그 비밀취급이 해제된 때에는 지체없이 등록공고를 하여야 하며 등록공고가 있는 날부터 3월간 출원서류 및 그 부속물건을 공중의 열람에 제공해야 한다.
36,10-2011-0064515,1020110064515,1020110064515,,4,PR1002,등록료납부,20121004,"특허권의 설정등록을 받으려는 자는 설정등록받으려는 날 부터 3년분의 특허료를 납부한다.특허권의 설정등록을 받고자 하는자 또는 특허권자는 특허료 납부기간이 경과한 후에도 6개월 이내 특허료를 추가 납부할 수 있으며 특허료 추가 납부할 때에는 납부하여야 할 특허료의 2배 이내의 범위에서 납부해야한다. 추가납부기간 이내에 특허료를 납부하지 못한 경우에는 특허권리를 소멸하게 되는데, 이때 특허권자는 추가납부기간 만료일부터 3개월 이내에 특허료의 3배를 납부하고 그 소멸한 권리의 회복을 신청 할 수 있다."
36,10-2011-0064515,1020110064515,1020110064515,,5,PA0201,심사청구,20110630,"특허출원 이후 3년 이내에 특허청장에게 그 특허출원에 관하여 출원심사의 청구를 할 수 있고, 다만, 제34조 및 제35조에 따른 정당한 권리자의 특허출원, 분할출원 또는 변경출원에 관하여는 그 기간이 지난 후에도 정당한 권리자가 특허출원을 한 날, 분할출원을 한 날 또는 변경출원을 한 날부터 각각 30일 이내에 출원심사 청구를 할 수 있다. 심사청구가 있을 시에 한하여 특허출원을 심사한다."
36,10-2011-0064515,1020110064515,1020110064515,,6,PE0902,거절이유통지,20120627,심사관은 특허법 제62조(특허거절결정)에 따라 특허거절결정을 하고자 할 때에는 출원인에게 거절이유를 통지하고 기간을 정하여 의견서를 제출할 기회를 주어야 한다. 다만 특허법 제51조(보정각하)에 따라 보정각하결정을 할때는 그러지 아니한다. 심사관이 행하는 거절이유통지는 2종류로 구분되며 그 종류에 따라 출원인이 할 수 있는 명세서 또는 도면의 보정 범위가 다르게 제한된다. 하나는 거절이유통지에 대한 보정에 따라 발생한 거절이유만을 통지하는 거절이유통지(최후거절이유통지)와 다른 하나는 출원인이 처음으로 받거나 최후거절이유통지가 아닌 거절이유통지(최초거절이유통지)를 말한다.
36,10-2011-0064515,1020110064515,1020110064515,,7,PR0701,설정등록,20121004,"특허권은 설정등록에 의해 발생하며, 특허결정이 된 후 출원인이 특허료를 납부하거나 보전한 경우 또는 추가납부하거나 특허료가 면제된 경우에 특허청장은 특허권을 설정하기 위한 등록을 해야 한다."
36,10-2011-0064515,1020110064515,1020110064515,,8,PR1001,연차료납부,20150922,"특허법 제87조 1항에 따른 특허권의 설정등록을 받으려는 자는 설정등록을 받으려는 날부터 3년분의 특허료를 납부해야 하는데, 그 다음 연도분부터는 특허료를 해당 권리의 설정등록일에 해당하는 날을 기준으로 일정기간 내에 매년 1년분씩 납부함으로써 특허권을 유지한다. 연차료의 납부기간의 종류는 아래와 같다.정상납부기간(정상납부만료일 이전), 추가납부기간(추가납부안내서 발송 이후 6개월), 회복납부기간(권리소멸 시점부터 3개월 이내)"
36,10-2011-0064515,1020110064515,1020110064515,,9,PR1001,연차료납부,20210927,"특허법 제87조 1항에 따른 특허권의 설정등록을 받으려는 자는 설정등록을 받으려는 날부터 3년분의 특허료를 납부해야 하는데, 그 다음 연도분부터는 특허료를 해당 권리의 설정등록일에 해당하는 날을 기준으로 일정기간 내에 매년 1년분씩 납부함으로써 특허권을 유지한다. 연차료의 납부기간의 종류는 아래와 같다.정상납부기간(정상납부만료일 이전), 추가납부기간(추가납부안내서 발송 이후 6개월), 회복납부기간(권리소멸 시점부터 3개월 이내)"
36,10-2011-0064515,1020110064515,1020110064515,,10,PR1001,연차료납부,20240919,"특허법 제87조 1항에 따른 특허권의 설정등록을 받으려는 자는 설정등록을 받으려는 날부터 3년분의 특허료를 납부해야 하는데, 그 다음 연도분부터는 특허료를 해당 권리의 설정등록일에 해당하는 날을 기준으로 일정기간 내에 매년 1년분씩 납부함으로써 특허권을 유지한다. 연차료의 납부기간의 종류는 아래와 같다.정상납부기간(정상납부만료일 이전), 추가납부기간(추가납부안내서 발송 이후 6개월), 회복납부기간(권리소멸 시점부터 3개월 이내)"
37,10-2011-0072473,1020110072473,1020110072473,,1,PA0109,특허출원,20110721,특허를 받고자 하는 자는 특허가 담은 발명에 대한 서류를 작성한 특허출원서를 특허청장에게 제출하여야한다.
37,10-2011-0072473,1020110072473,1020110072473,,2,PE0601,특허거절결정,20130222,심사관은 특허출원이 특허법 제62조 각호의 어느 하나에 해당 할 경우 거절이유 통지 후 거절결정을 해야한다. 다만 거절결정전에 출원인은 심사관의 거절이유통지에 대응하여 의견서를 제출할수 있고 지정한 의견서 제출기간 이내에 보정서를 제출하여 명세서 또는 도면을 보정 할수 있다. 출원인이 의견서를 제출한 경우 제출된 의견서를 반영하여 거절이유가 유지될수 있는지 여부를 다시 심사한다. 만약 의견서 제출기간 이내에 보정서도 같이 제출한 경우에는 해당 보정서에 의한 보정사항을 반영하여 심사한다. 심사관은 의견서 및 보정사항을 반영하여 다시 심사한 후에도 거절이유통지에서 지적한 거절이유가 해소되지 않았다고 인정하는 경우 거절결정을 해야 한다.
37,10-2011-0072473,1020110072473,1020110072473,,4,PG1601,등록공고,20130507,특허권은 설정등록에 의해 발생하며 등록이 있는 때는 그 특허에 관하여 특허공보에 게재하여 등록공고를 하여야 한다. 비밀취급을 요하는 특허발명에 대하여는 비밀취급의 해제시까지 등록공고를 보류하며 그 비밀취급이 해제된 때에는 지체없이 등록공고를 하여야 하며 등록공고가 있는 날부터 3월간 출원서류 및 그 부속물건을 공중의 열람에 제공해야 한다.
37,10-2011-0072473,1020110072473,1020110072473,,5,PR1002,등록료납부,20130429,"특허권의 설정등록을 받으려는 자는 설정등록받으려는 날 부터 3년분의 특허료를 납부한다.특허권의 설정등록을 받고자 하는자 또는 특허권자는 특허료 납부기간이 경과한 후에도 6개월 이내 특허료를 추가 납부할 수 있으며 특허료 추가 납부할 때에는 납부하여야 할 특허료의 2배 이내의 범위에서 납부해야한다. 추가납부기간 이내에 특허료를 납부하지 못한 경우에는 특허권리를 소멸하게 되는데, 이때 특허권자는 추가납부기간 만료일부터 3개월 이내에 특허료의 3배를 납부하고 그 소멸한 권리의 회복을 신청 할 수 있다."
37,10-2011-0072473,1020110072473,1020110072473,,6,PX0701,재심사후 등록결정,20130419,심사관이 거절결정한 출원에 대하여 출원인이 거절결정등본을 송달받은 날부터 30일(법정기간이 연장된 경우에는 그 연장된 때까지) 이내에 명세서 또는 도면을 보정하면 심사관은 보정된 출원을 다시 심사 해야 한다. 심사관은 보정서를 반영하여 재심사한 결과 거절이유를 발견할 수 없는 경우 특허결정을 해야 한다.
37,10-2011-0072473,1020110072473,1020110072473,,7,PX0901,재심사,20130319,심사관이 거절결정한 출원에 대하여 출원인이 거절결정등본을 송달받은 날부터 30일(법정기간이 연장된 경우에는 그 연장된 때까지) 이내에 명세서 또는 도면을 보정하면 심사관은 보정된 출원을 다시 심사 해야 한다. 재심사청구된 경우 종전의 거절결정은 취소된 것으로 보므로 거절결정 전으로 돌아가 보정서가 제출된 통상의 심사와 동일하게 심사를 진행한다. 보정이 적법한 경우 보정사항을 반영하여 특허결정 또는 거절결정 여부를 결정한다. 보정이 부적법해 보정각하가 되면 바로 보정전 명세서를 심사대상으로 하여 심사를 계속 진행한다
37,10-2011-0072473,1020110072473,1020110072473,,8,PA0201,심사청구,20110721,"특허출원 이후 3년 이내에 특허청장에게 그 특허출원에 관하여 출원심사의 청구를 할 수 있고, 다만, 제34조 및 제35조에 따른 정당한 권리자의 특허출원, 분할출원 또는 변경출원에 관하여는 그 기간이 지난 후에도 정당한 권리자가 특허출원을 한 날, 분할출원을 한 날 또는 변경출원을 한 날부터 각각 30일 이내에 출원심사 청구를 할 수 있다. 심사청구가 있을 시에 한하여 특허출원을 심사한다."
37,10-2011-0072473,1020110072473,1020110072473,,9,PE0902,거절이유통지,20120730,심사관은 특허법 제62조(특허거절결정)에 따라 특허거절결정을 하고자 할 때에는 출원인에게 거절이유를 통지하고 기간을 정하여 의견서를 제출할 기회를 주어야 한다. 다만 특허법 제51조(보정각하)에 따라 보정각하결정을 할때는 그러지 아니한다. 심사관이 행하는 거절이유통지는 2종류로 구분되며 그 종류에 따라 출원인이 할 수 있는 명세서 또는 도면의 보정 범위가 다르게 제한된다. 하나는 거절이유통지에 대한 보정에 따라 발생한 거절이유만을 통지하는 거절이유통지(최후거절이유통지)와 다른 하나는 출원인이 처음으로 받거나 최후거절이유통지가 아닌 거절이유통지(최초거절이유통지)를 말한다.
37,10-2011-0072473,1020110072473,1020110072473,,10,PG1501,출원공개,20130130,"출원인의 신청에 의하여 조기공개신청  또는 특허출원 이후 1년 6개월 경과 후 심사여부와 관계없이 출원공개를 해야하며 이는  발명의 공개를 통해 제3자의 중복연구, 중복투자 및 중복출원을 방지하는 한편 기술이용의 기회를 제공한다."
37,10-2011-0072473,1020110072473,1020110072473,,11,PR0701,설정등록,20130429,"특허권은 설정등록에 의해 발생하며, 특허결정이 된 후 출원인이 특허료를 납부하거나 보전한 경우 또는 추가납부하거나 특허료가 면제된 경우에 특허청장은 특허권을 설정하기 위한 등록을 해야 한다."
37,10-2011-0072473,1020110072473,1020110072473,,12,PR1001,연차료납부,20190327,"특허법 제87조 1항에 따른 특허권의 설정등록을 받으려는 자는 설정등록을 받으려는 날부터 3년분의 특허료를 납부해야 하는데, 그 다음 연도분부터는 특허료를 해당 권리의 설정등록일에 해당하는 날을 기준으로 일정기간 내에 매년 1년분씩 납부함으로써 특허권을 유지한다. 연차료의 납부기간의 종류는 아래와 같다.정상납부기간(정상납부만료일 이전), 추가납부기간(추가납부안내서 발송 이후 6개월), 회복납부기간(권리소멸 시점부터 3개월 이내)"
38,10-2011-0072477,1020110072477,1020110072477,,1,PA0109,특허출원,20110721,특허를 받고자 하는 자는 특허가 담은 발명에 대한 서류를 작성한 특허출원서를 특허청장에게 제출하여야한다.
38,10-2011-0072477,1020110072477,1020110072477,,2,PE0701,등록결정,20130426,심사관은 특허출원에 대해 거절이유를 발견할 수 없는 경우 특허결정을 해야 한다. 특허결정이 있는 경우 특허청장은 그 특허결정의 등본을 출원인에게 송달해야 한다. 특허결정은 그 결정 등본이 송달된 때에 확정된다.
38,10-2011-0072477,1020110072477,1020110072477,,3,PG1601,등록공고,20130507,특허권은 설정등록에 의해 발생하며 등록이 있는 때는 그 특허에 관하여 특허공보에 게재하여 등록공고를 하여야 한다. 비밀취급을 요하는 특허발명에 대하여는 비밀취급의 해제시까지 등록공고를 보류하며 그 비밀취급이 해제된 때에는 지체없이 등록공고를 하여야 하며 등록공고가 있는 날부터 3월간 출원서류 및 그 부속물건을 공중의 열람에 제공해야 한다.
38,10-2011-0072477,1020110072477,1020110072477,,4,PR1002,등록료납부,20130501,"특허권의 설정등록을 받으려는 자는 설정등록받으려는 날 부터 3년분의 특허료를 납부한다.특허권의 설정등록을 받고자 하는자 또는 특허권자는 특허료 납부기간이 경과한 후에도 6개월 이내 특허료를 추가 납부할 수 있으며 특허료 추가 납부할 때에는 납부하여야 할 특허료의 2배 이내의 범위에서 납부해야한다. 추가납부기간 이내에 특허료를 납부하지 못한 경우에는 특허권리를 소멸하게 되는데, 이때 특허권자는 추가납부기간 만료일부터 3개월 이내에 특허료의 3배를 납부하고 그 소멸한 권리의 회복을 신청 할 수 있다."
38,10-2011-0072477,1020110072477,1020110072477,,5,PA0201,심사청구,20110721,"특허출원 이후 3년 이내에 특허청장에게 그 특허출원에 관하여 출원심사의 청구를 할 수 있고, 다만, 제34조 및 제35조에 따른 정당한 권리자의 특허출원, 분할출원 또는 변경출원에 관하여는 그 기간이 지난 후에도 정당한 권리자가 특허출원을 한 날, 분할출원을 한 날 또는 변경출원을 한 날부터 각각 30일 이내에 출원심사 청구를 할 수 있다. 심사청구가 있을 시에 한하여 특허출원을 심사한다."
38,10-2011-0072477,1020110072477,1020110072477,,6,PE0902,거절이유통지,20121031,심사관은 특허법 제62조(특허거절결정)에 따라 특허거절결정을 하고자 할 때에는 출원인에게 거절이유를 통지하고 기간을 정하여 의견서를 제출할 기회를 주어야 한다. 다만 특허법 제51조(보정각하)에 따라 보정각하결정을 할때는 그러지 아니한다. 심사관이 행하는 거절이유통지는 2종류로 구분되며 그 종류에 따라 출원인이 할 수 있는 명세서 또는 도면의 보정 범위가 다르게 제한된다. 하나는 거절이유통지에 대한 보정에 따라 발생한 거절이유만을 통지하는 거절이유통지(최후거절이유통지)와 다른 하나는 출원인이 처음으로 받거나 최후거절이유통지가 아닌 거절이유통지(최초거절이유통지)를 말한다.
38,10-2011-0072477,1020110072477,1020110072477,,7,PG1501,출원공개,20130130,"출원인의 신청에 의하여 조기공개신청  또는 특허출원 이후 1년 6개월 경과 후 심사여부와 관계없이 출원공개를 해야하며 이는  발명의 공개를 통해 제3자의 중복연구, 중복투자 및 중복출원을 방지하는 한편 기술이용의 기회를 제공한다."
38,10-2011-0072477,1020110072477,1020110072477,,8,PR0701,설정등록,20130501,"특허권은 설정등록에 의해 발생하며, 특허결정이 된 후 출원인이 특허료를 납부하거나 보전한 경우 또는 추가납부하거나 특허료가 면제된 경우에 특허청장은 특허권을 설정하기 위한 등록을 해야 한다."
38,10-2011-0072477,1020110072477,1020110072477,,9,PR1001,연차료납부,20160418,"특허법 제87조 1항에 따른 특허권의 설정등록을 받으려는 자는 설정등록을 받으려는 날부터 3년분의 특허료를 납부해야 하는데, 그 다음 연도분부터는 특허료를 해당 권리의 설정등록일에 해당하는 날을 기준으로 일정기간 내에 매년 1년분씩 납부함으로써 특허권을 유지한다. 연차료의 납부기간의 종류는 아래와 같다.정상납부기간(정상납부만료일 이전), 추가납부기간(추가납부안내서 발송 이후 6개월), 회복납부기간(권리소멸 시점부터 3개월 이내)"
38,10-2011-0072477,1020110072477,1020110072477,,10,PR1001,연차료납부,20190327,"특허법 제87조 1항에 따른 특허권의 설정등록을 받으려는 자는 설정등록을 받으려는 날부터 3년분의 특허료를 납부해야 하는데, 그 다음 연도분부터는 특허료를 해당 권리의 설정등록일에 해당하는 날을 기준으로 일정기간 내에 매년 1년분씩 납부함으로써 특허권을 유지한다. 연차료의 납부기간의 종류는 아래와 같다.정상납부기간(정상납부만료일 이전), 추가납부기간(추가납부안내서 발송 이후 6개월), 회복납부기간(권리소멸 시점부터 3개월 이내)"
39,10-2011-0094243,1020110094243,1020110094243,,1,PA0109,특허출원,20110919,특허를 받고자 하는 자는 특허가 담은 발명에 대한 서류를 작성한 특허출원서를 특허청장에게 제출하여야한다.
39,10-2011-0094243,1020110094243,1020110094243,,2,PE0701,등록결정,20131120,심사관은 특허출원에 대해 거절이유를 발견할 수 없는 경우 특허결정을 해야 한다. 특허결정이 있는 경우 특허청장은 그 특허결정의 등본을 출원인에게 송달해야 한다. 특허결정은 그 결정 등본이 송달된 때에 확정된다.
39,10-2011-0094243,1020110094243,1020110094243,,3,PG1601,등록공고,20131129,특허권은 설정등록에 의해 발생하며 등록이 있는 때는 그 특허에 관하여 특허공보에 게재하여 등록공고를 하여야 한다. 비밀취급을 요하는 특허발명에 대하여는 비밀취급의 해제시까지 등록공고를 보류하며 그 비밀취급이 해제된 때에는 지체없이 등록공고를 하여야 하며 등록공고가 있는 날부터 3월간 출원서류 및 그 부속물건을 공중의 열람에 제공해야 한다.
39,10-2011-0094243,1020110094243,1020110094243,,4,PR1002,등록료납부,20131125,"특허권의 설정등록을 받으려는 자는 설정등록받으려는 날 부터 3년분의 특허료를 납부한다.특허권의 설정등록을 받고자 하는자 또는 특허권자는 특허료 납부기간이 경과한 후에도 6개월 이내 특허료를 추가 납부할 수 있으며 특허료 추가 납부할 때에는 납부하여야 할 특허료의 2배 이내의 범위에서 납부해야한다. 추가납부기간 이내에 특허료를 납부하지 못한 경우에는 특허권리를 소멸하게 되는데, 이때 특허권자는 추가납부기간 만료일부터 3개월 이내에 특허료의 3배를 납부하고 그 소멸한 권리의 회복을 신청 할 수 있다."
39,10-2011-0094243,1020110094243,1020110094243,,5,PA0201,심사청구,20110919,"특허출원 이후 3년 이내에 특허청장에게 그 특허출원에 관하여 출원심사의 청구를 할 수 있고, 다만, 제34조 및 제35조에 따른 정당한 권리자의 특허출원, 분할출원 또는 변경출원에 관하여는 그 기간이 지난 후에도 정당한 권리자가 특허출원을 한 날, 분할출원을 한 날 또는 변경출원을 한 날부터 각각 30일 이내에 출원심사 청구를 할 수 있다. 심사청구가 있을 시에 한하여 특허출원을 심사한다."
39,10-2011-0094243,1020110094243,1020110094243,,6,PE0902,거절이유통지,20130530,심사관은 특허법 제62조(특허거절결정)에 따라 특허거절결정을 하고자 할 때에는 출원인에게 거절이유를 통지하고 기간을 정하여 의견서를 제출할 기회를 주어야 한다. 다만 특허법 제51조(보정각하)에 따라 보정각하결정을 할때는 그러지 아니한다. 심사관이 행하는 거절이유통지는 2종류로 구분되며 그 종류에 따라 출원인이 할 수 있는 명세서 또는 도면의 보정 범위가 다르게 제한된다. 하나는 거절이유통지에 대한 보정에 따라 발생한 거절이유만을 통지하는 거절이유통지(최후거절이유통지)와 다른 하나는 출원인이 처음으로 받거나 최후거절이유통지가 아닌 거절이유통지(최초거절이유통지)를 말한다.
39,10-2011-0094243,1020110094243,1020110094243,,7,PG1501,출원공개,20130327,"출원인의 신청에 의하여 조기공개신청  또는 특허출원 이후 1년 6개월 경과 후 심사여부와 관계없이 출원공개를 해야하며 이는  발명의 공개를 통해 제3자의 중복연구, 중복투자 및 중복출원을 방지하는 한편 기술이용의 기회를 제공한다."
39,10-2011-0094243,1020110094243,1020110094243,,8,PR0701,설정등록,20131125,"특허권은 설정등록에 의해 발생하며, 특허결정이 된 후 출원인이 특허료를 납부하거나 보전한 경우 또는 추가납부하거나 특허료가 면제된 경우에 특허청장은 특허권을 설정하기 위한 등록을 해야 한다."
39,10-2011-0094243,1020110094243,1020110094243,,9,PR1001,연차료납부,20161020,"특허법 제87조 1항에 따른 특허권의 설정등록을 받으려는 자는 설정등록을 받으려는 날부터 3년분의 특허료를 납부해야 하는데, 그 다음 연도분부터는 특허료를 해당 권리의 설정등록일에 해당하는 날을 기준으로 일정기간 내에 매년 1년분씩 납부함으로써 특허권을 유지한다. 연차료의 납부기간의 종류는 아래와 같다.정상납부기간(정상납부만료일 이전), 추가납부기간(추가납부안내서 발송 이후 6개월), 회복납부기간(권리소멸 시점부터 3개월 이내)"
39,10-2011-0094243,1020110094243,1020110094243,,10,PR1001,연차료납부,20190926,"특허법 제87조 1항에 따른 특허권의 설정등록을 받으려는 자는 설정등록을 받으려는 날부터 3년분의 특허료를 납부해야 하는데, 그 다음 연도분부터는 특허료를 해당 권리의 설정등록일에 해당하는 날을 기준으로 일정기간 내에 매년 1년분씩 납부함으로써 특허권을 유지한다. 연차료의 납부기간의 종류는 아래와 같다.정상납부기간(정상납부만료일 이전), 추가납부기간(추가납부안내서 발송 이후 6개월), 회복납부기간(권리소멸 시점부터 3개월 이내)"
40,10-2011-0100073,1020110100073,1020110100073,,1,PA0109,특허출원,20110930,특허를 받고자 하는 자는 특허가 담은 발명에 대한 서류를 작성한 특허출원서를 특허청장에게 제출하여야한다.
40,10-2011-0100073,1020110100073,1020110100073,,2,PE0701,등록결정,20130628,심사관은 특허출원에 대해 거절이유를 발견할 수 없는 경우 특허결정을 해야 한다. 특허결정이 있는 경우 특허청장은 그 특허결정의 등본을 출원인에게 송달해야 한다. 특허결정은 그 결정 등본이 송달된 때에 확정된다.
40,10-2011-0100073,1020110100073,1020110100073,,3,PG1601,등록공고,20130823,특허권은 설정등록에 의해 발생하며 등록이 있는 때는 그 특허에 관하여 특허공보에 게재하여 등록공고를 하여야 한다. 비밀취급을 요하는 특허발명에 대하여는 비밀취급의 해제시까지 등록공고를 보류하며 그 비밀취급이 해제된 때에는 지체없이 등록공고를 하여야 하며 등록공고가 있는 날부터 3월간 출원서류 및 그 부속물건을 공중의 열람에 제공해야 한다.
40,10-2011-0100073,1020110100073,1020110100073,,4,PR1002,등록료납부,20130628,"특허권의 설정등록을 받으려는 자는 설정등록받으려는 날 부터 3년분의 특허료를 납부한다.특허권의 설정등록을 받고자 하는자 또는 특허권자는 특허료 납부기간이 경과한 후에도 6개월 이내 특허료를 추가 납부할 수 있으며 특허료 추가 납부할 때에는 납부하여야 할 특허료의 2배 이내의 범위에서 납부해야한다. 추가납부기간 이내에 특허료를 납부하지 못한 경우에는 특허권리를 소멸하게 되는데, 이때 특허권자는 추가납부기간 만료일부터 3개월 이내에 특허료의 3배를 납부하고 그 소멸한 권리의 회복을 신청 할 수 있다."
40,10-2011-0100073,1020110100073,1020110100073,,5,PA0201,심사청구,20110930,"특허출원 이후 3년 이내에 특허청장에게 그 특허출원에 관하여 출원심사의 청구를 할 수 있고, 다만, 제34조 및 제35조에 따른 정당한 권리자의 특허출원, 분할출원 또는 변경출원에 관하여는 그 기간이 지난 후에도 정당한 권리자가 특허출원을 한 날, 분할출원을 한 날 또는 변경출원을 한 날부터 각각 30일 이내에 출원심사 청구를 할 수 있다. 심사청구가 있을 시에 한하여 특허출원을 심사한다."
40,10-2011-0100073,1020110100073,1020110100073,,6,PE0902,거절이유통지,20130110,심사관은 특허법 제62조(특허거절결정)에 따라 특허거절결정을 하고자 할 때에는 출원인에게 거절이유를 통지하고 기간을 정하여 의견서를 제출할 기회를 주어야 한다. 다만 특허법 제51조(보정각하)에 따라 보정각하결정을 할때는 그러지 아니한다. 심사관이 행하는 거절이유통지는 2종류로 구분되며 그 종류에 따라 출원인이 할 수 있는 명세서 또는 도면의 보정 범위가 다르게 제한된다. 하나는 거절이유통지에 대한 보정에 따라 발생한 거절이유만을 통지하는 거절이유통지(최후거절이유통지)와 다른 하나는 출원인이 처음으로 받거나 최후거절이유통지가 아닌 거절이유통지(최초거절이유통지)를 말한다.
40,10-2011-0100073,1020110100073,1020110100073,,7,PG1501,출원공개,20130409,"출원인의 신청에 의하여 조기공개신청  또는 특허출원 이후 1년 6개월 경과 후 심사여부와 관계없이 출원공개를 해야하며 이는  발명의 공개를 통해 제3자의 중복연구, 중복투자 및 중복출원을 방지하는 한편 기술이용의 기회를 제공한다."
40,10-2011-0100073,1020110100073,1020110100073,,8,PR0701,설정등록,20130628,"특허권은 설정등록에 의해 발생하며, 특허결정이 된 후 출원인이 특허료를 납부하거나 보전한 경우 또는 추가납부하거나 특허료가 면제된 경우에 특허청장은 특허권을 설정하기 위한 등록을 해야 한다."
40,10-2011-0100073,1020110100073,1020110100073,,9,PR1001,연차료납부,20160516,"특허법 제87조 1항에 따른 특허권의 설정등록을 받으려는 자는 설정등록을 받으려는 날부터 3년분의 특허료를 납부해야 하는데, 그 다음 연도분부터는 특허료를 해당 권리의 설정등록일에 해당하는 날을 기준으로 일정기간 내에 매년 1년분씩 납부함으로써 특허권을 유지한다. 연차료의 납부기간의 종류는 아래와 같다.정상납부기간(정상납부만료일 이전), 추가납부기간(추가납부안내서 발송 이후 6개월), 회복납부기간(권리소멸 시점부터 3개월 이내)"
40,10-2011-0100073,1020110100073,1020110100073,,10,PR1001,연차료납부,20190327,"특허법 제87조 1항에 따른 특허권의 설정등록을 받으려는 자는 설정등록을 받으려는 날부터 3년분의 특허료를 납부해야 하는데, 그 다음 연도분부터는 특허료를 해당 권리의 설정등록일에 해당하는 날을 기준으로 일정기간 내에 매년 1년분씩 납부함으로써 특허권을 유지한다. 연차료의 납부기간의 종류는 아래와 같다.정상납부기간(정상납부만료일 이전), 추가납부기간(추가납부안내서 발송 이후 6개월), 회복납부기간(권리소멸 시점부터 3개월 이내)"
41,10-2011-0103232,1020110103232,1020110103232,,1,PA0109,특허출원,20111010,특허를 받고자 하는 자는 특허가 담은 발명에 대한 서류를 작성한 특허출원서를 특허청장에게 제출하여야한다.
41,10-2011-0103232,1020110103232,1020110103232,,2,PE0701,등록결정,20120507,심사관은 특허출원에 대해 거절이유를 발견할 수 없는 경우 특허결정을 해야 한다. 특허결정이 있는 경우 특허청장은 그 특허결정의 등본을 출원인에게 송달해야 한다. 특허결정은 그 결정 등본이 송달된 때에 확정된다.
41,10-2011-0103232,1020110103232,1020110103232,,3,PG1601,등록공고,20120807,특허권은 설정등록에 의해 발생하며 등록이 있는 때는 그 특허에 관하여 특허공보에 게재하여 등록공고를 하여야 한다. 비밀취급을 요하는 특허발명에 대하여는 비밀취급의 해제시까지 등록공고를 보류하며 그 비밀취급이 해제된 때에는 지체없이 등록공고를 하여야 하며 등록공고가 있는 날부터 3월간 출원서류 및 그 부속물건을 공중의 열람에 제공해야 한다.
41,10-2011-0103232,1020110103232,1020110103232,,4,PR1002,등록료납부,20120621,"특허권의 설정등록을 받으려는 자는 설정등록받으려는 날 부터 3년분의 특허료를 납부한다.특허권의 설정등록을 받고자 하는자 또는 특허권자는 특허료 납부기간이 경과한 후에도 6개월 이내 특허료를 추가 납부할 수 있으며 특허료 추가 납부할 때에는 납부하여야 할 특허료의 2배 이내의 범위에서 납부해야한다. 추가납부기간 이내에 특허료를 납부하지 못한 경우에는 특허권리를 소멸하게 되는데, 이때 특허권자는 추가납부기간 만료일부터 3개월 이내에 특허료의 3배를 납부하고 그 소멸한 권리의 회복을 신청 할 수 있다."
41,10-2011-0103232,1020110103232,1020110103232,,5,PA0201,심사청구,20111010,"특허출원 이후 3년 이내에 특허청장에게 그 특허출원에 관하여 출원심사의 청구를 할 수 있고, 다만, 제34조 및 제35조에 따른 정당한 권리자의 특허출원, 분할출원 또는 변경출원에 관하여는 그 기간이 지난 후에도 정당한 권리자가 특허출원을 한 날, 분할출원을 한 날 또는 변경출원을 한 날부터 각각 30일 이내에 출원심사 청구를 할 수 있다. 심사청구가 있을 시에 한하여 특허출원을 심사한다."
41,10-2011-0103232,1020110103232,1020110103232,,6,PA0302,우선심사신청,20111031,"특허출원인이 아닌 자가 업으로서 특허출원된 발명을 실시하고 있다고 인정되거나 대통령령이 정하는 특허출원으로서 긴급처리가 필요하다고 인정되는 경우 우선심사를 신청할 수 있고, 신청사유가 타당할 시 해당하는 특허출원에 대하여 심사관으로 하여금 다른 특허출원에 우선하여 심사하게 하도록 우선심사신청을 한다."
41,10-2011-0103232,1020110103232,1020110103232,,7,PE0902,거절이유통지,20111223,심사관은 특허법 제62조(특허거절결정)에 따라 특허거절결정을 하고자 할 때에는 출원인에게 거절이유를 통지하고 기간을 정하여 의견서를 제출할 기회를 주어야 한다. 다만 특허법 제51조(보정각하)에 따라 보정각하결정을 할때는 그러지 아니한다. 심사관이 행하는 거절이유통지는 2종류로 구분되며 그 종류에 따라 출원인이 할 수 있는 명세서 또는 도면의 보정 범위가 다르게 제한된다. 하나는 거절이유통지에 대한 보정에 따라 발생한 거절이유만을 통지하는 거절이유통지(최후거절이유통지)와 다른 하나는 출원인이 처음으로 받거나 최후거절이유통지가 아닌 거절이유통지(최초거절이유통지)를 말한다.
41,10-2011-0103232,1020110103232,1020110103232,,8,PR0701,설정등록,20120621,"특허권은 설정등록에 의해 발생하며, 특허결정이 된 후 출원인이 특허료를 납부하거나 보전한 경우 또는 추가납부하거나 특허료가 면제된 경우에 특허청장은 특허권을 설정하기 위한 등록을 해야 한다."
41,10-2011-0103232,1020110103232,1020110103232,,9,PR1001,연차료납부,20150430,"특허법 제87조 1항에 따른 특허권의 설정등록을 받으려는 자는 설정등록을 받으려는 날부터 3년분의 특허료를 납부해야 하는데, 그 다음 연도분부터는 특허료를 해당 권리의 설정등록일에 해당하는 날을 기준으로 일정기간 내에 매년 1년분씩 납부함으로써 특허권을 유지한다. 연차료의 납부기간의 종류는 아래와 같다.정상납부기간(정상납부만료일 이전), 추가납부기간(추가납부안내서 발송 이후 6개월), 회복납부기간(권리소멸 시점부터 3개월 이내)"
41,10-2011-0103232,1020110103232,1020110103232,,10,PN2301,출원인변경,20120614,"특허출원 전에 이루어진 특허를 받을 수 있는 권리의 승계는 그 승계인이 특허출원을 하여야 제3자에게 대항할 수 있다. 특허출원 후에는 특허를 받을 수 있는 권리의 승계는 상속, 그 밖의 일반승계의 경우를 제외하고는 특허출원인변경신고를 하여야만 그 효력이 발생한다."
41,10-2011-0103232,1020110103232,1020110103232,,11,PR1001,연차료납부,20170425,"특허법 제87조 1항에 따른 특허권의 설정등록을 받으려는 자는 설정등록을 받으려는 날부터 3년분의 특허료를 납부해야 하는데, 그 다음 연도분부터는 특허료를 해당 권리의 설정등록일에 해당하는 날을 기준으로 일정기간 내에 매년 1년분씩 납부함으로써 특허권을 유지한다. 연차료의 납부기간의 종류는 아래와 같다.정상납부기간(정상납부만료일 이전), 추가납부기간(추가납부안내서 발송 이후 6개월), 회복납부기간(권리소멸 시점부터 3개월 이내)"
41,10-2011-0103232,1020110103232,1020110103232,,12,PR1001,연차료납부,20180525,"특허법 제87조 1항에 따른 특허권의 설정등록을 받으려는 자는 설정등록을 받으려는 날부터 3년분의 특허료를 납부해야 하는데, 그 다음 연도분부터는 특허료를 해당 권리의 설정등록일에 해당하는 날을 기준으로 일정기간 내에 매년 1년분씩 납부함으로써 특허권을 유지한다. 연차료의 납부기간의 종류는 아래와 같다.정상납부기간(정상납부만료일 이전), 추가납부기간(추가납부안내서 발송 이후 6개월), 회복납부기간(권리소멸 시점부터 3개월 이내)"
41,10-2011-0103232,1020110103232,1020110103232,,13,PR1001,연차료납부,20190425,"특허법 제87조 1항에 따른 특허권의 설정등록을 받으려는 자는 설정등록을 받으려는 날부터 3년분의 특허료를 납부해야 하는데, 그 다음 연도분부터는 특허료를 해당 권리의 설정등록일에 해당하는 날을 기준으로 일정기간 내에 매년 1년분씩 납부함으로써 특허권을 유지한다. 연차료의 납부기간의 종류는 아래와 같다.정상납부기간(정상납부만료일 이전), 추가납부기간(추가납부안내서 발송 이후 6개월), 회복납부기간(권리소멸 시점부터 3개월 이내)"
41,10-2011-0103232,1020110103232,1020110103232,,14,PR1001,연차료납부,20200427,"특허법 제87조 1항에 따른 특허권의 설정등록을 받으려는 자는 설정등록을 받으려는 날부터 3년분의 특허료를 납부해야 하는데, 그 다음 연도분부터는 특허료를 해당 권리의 설정등록일에 해당하는 날을 기준으로 일정기간 내에 매년 1년분씩 납부함으로써 특허권을 유지한다. 연차료의 납부기간의 종류는 아래와 같다.정상납부기간(정상납부만료일 이전), 추가납부기간(추가납부안내서 발송 이후 6개월), 회복납부기간(권리소멸 시점부터 3개월 이내)"
41,10-2011-0103232,1020110103232,1020110103232,,15,PR1001,연차료납부,20210426,"특허법 제87조 1항에 따른 특허권의 설정등록을 받으려는 자는 설정등록을 받으려는 날부터 3년분의 특허료를 납부해야 하는데, 그 다음 연도분부터는 특허료를 해당 권리의 설정등록일에 해당하는 날을 기준으로 일정기간 내에 매년 1년분씩 납부함으로써 특허권을 유지한다. 연차료의 납부기간의 종류는 아래와 같다.정상납부기간(정상납부만료일 이전), 추가납부기간(추가납부안내서 발송 이후 6개월), 회복납부기간(권리소멸 시점부터 3개월 이내)"
41,10-2011-0103232,1020110103232,1020110103232,,16,PR1001,연차료납부,20220425,"특허법 제87조 1항에 따른 특허권의 설정등록을 받으려는 자는 설정등록을 받으려는 날부터 3년분의 특허료를 납부해야 하는데, 그 다음 연도분부터는 특허료를 해당 권리의 설정등록일에 해당하는 날을 기준으로 일정기간 내에 매년 1년분씩 납부함으로써 특허권을 유지한다. 연차료의 납부기간의 종류는 아래와 같다.정상납부기간(정상납부만료일 이전), 추가납부기간(추가납부안내서 발송 이후 6개월), 회복납부기간(권리소멸 시점부터 3개월 이내)"
41,10-2011-0103232,1020110103232,1020110103232,,17,PR1001,연차료납부,20230425,"특허법 제87조 1항에 따른 특허권의 설정등록을 받으려는 자는 설정등록을 받으려는 날부터 3년분의 특허료를 납부해야 하는데, 그 다음 연도분부터는 특허료를 해당 권리의 설정등록일에 해당하는 날을 기준으로 일정기간 내에 매년 1년분씩 납부함으로써 특허권을 유지한다. 연차료의 납부기간의 종류는 아래와 같다.정상납부기간(정상납부만료일 이전), 추가납부기간(추가납부안내서 발송 이후 6개월), 회복납부기간(권리소멸 시점부터 3개월 이내)"
41,10-2011-0103232,1020110103232,1020110103232,,18,PR1001,연차료납부,20240527,"특허법 제87조 1항에 따른 특허권의 설정등록을 받으려는 자는 설정등록을 받으려는 날부터 3년분의 특허료를 납부해야 하는데, 그 다음 연도분부터는 특허료를 해당 권리의 설정등록일에 해당하는 날을 기준으로 일정기간 내에 매년 1년분씩 납부함으로써 특허권을 유지한다. 연차료의 납부기간의 종류는 아래와 같다.정상납부기간(정상납부만료일 이전), 추가납부기간(추가납부안내서 발송 이후 6개월), 회복납부기간(권리소멸 시점부터 3개월 이내)"
42,10-2011-0109696,1020110109696,1020110109696,,1,PA0109,특허출원,20111026,특허를 받고자 하는 자는 특허가 담은 발명에 대한 서류를 작성한 특허출원서를 특허청장에게 제출하여야한다.
42,10-2011-0109696,1020110109696,1020110109696,,2,PE0601,특허거절결정,20130813,심사관은 특허출원이 특허법 제62조 각호의 어느 하나에 해당 할 경우 거절이유 통지 후 거절결정을 해야한다. 다만 거절결정전에 출원인은 심사관의 거절이유통지에 대응하여 의견서를 제출할수 있고 지정한 의견서 제출기간 이내에 보정서를 제출하여 명세서 또는 도면을 보정 할수 있다. 출원인이 의견서를 제출한 경우 제출된 의견서를 반영하여 거절이유가 유지될수 있는지 여부를 다시 심사한다. 만약 의견서 제출기간 이내에 보정서도 같이 제출한 경우에는 해당 보정서에 의한 보정사항을 반영하여 심사한다. 심사관은 의견서 및 보정사항을 반영하여 다시 심사한 후에도 거절이유통지에서 지적한 거절이유가 해소되지 않았다고 인정하는 경우 거절결정을 해야 한다.
42,10-2011-0109696,1020110109696,1020110109696,,4,PG1601,등록공고,20131004,특허권은 설정등록에 의해 발생하며 등록이 있는 때는 그 특허에 관하여 특허공보에 게재하여 등록공고를 하여야 한다. 비밀취급을 요하는 특허발명에 대하여는 비밀취급의 해제시까지 등록공고를 보류하며 그 비밀취급이 해제된 때에는 지체없이 등록공고를 하여야 하며 등록공고가 있는 날부터 3월간 출원서류 및 그 부속물건을 공중의 열람에 제공해야 한다.
42,10-2011-0109696,1020110109696,1020110109696,,5,PR1002,등록료납부,20130926,"특허권의 설정등록을 받으려는 자는 설정등록받으려는 날 부터 3년분의 특허료를 납부한다.특허권의 설정등록을 받고자 하는자 또는 특허권자는 특허료 납부기간이 경과한 후에도 6개월 이내 특허료를 추가 납부할 수 있으며 특허료 추가 납부할 때에는 납부하여야 할 특허료의 2배 이내의 범위에서 납부해야한다. 추가납부기간 이내에 특허료를 납부하지 못한 경우에는 특허권리를 소멸하게 되는데, 이때 특허권자는 추가납부기간 만료일부터 3개월 이내에 특허료의 3배를 납부하고 그 소멸한 권리의 회복을 신청 할 수 있다."
42,10-2011-0109696,1020110109696,1020110109696,,6,PX0701,재심사후 등록결정,20130924,심사관이 거절결정한 출원에 대하여 출원인이 거절결정등본을 송달받은 날부터 30일(법정기간이 연장된 경우에는 그 연장된 때까지) 이내에 명세서 또는 도면을 보정하면 심사관은 보정된 출원을 다시 심사 해야 한다. 심사관은 보정서를 반영하여 재심사한 결과 거절이유를 발견할 수 없는 경우 특허결정을 해야 한다.
42,10-2011-0109696,1020110109696,1020110109696,,7,PX0901,재심사,20130910,심사관이 거절결정한 출원에 대하여 출원인이 거절결정등본을 송달받은 날부터 30일(법정기간이 연장된 경우에는 그 연장된 때까지) 이내에 명세서 또는 도면을 보정하면 심사관은 보정된 출원을 다시 심사 해야 한다. 재심사청구된 경우 종전의 거절결정은 취소된 것으로 보므로 거절결정 전으로 돌아가 보정서가 제출된 통상의 심사와 동일하게 심사를 진행한다. 보정이 적법한 경우 보정사항을 반영하여 특허결정 또는 거절결정 여부를 결정한다. 보정이 부적법해 보정각하가 되면 바로 보정전 명세서를 심사대상으로 하여 심사를 계속 진행한다
42,10-2011-0109696,1020110109696,1020110109696,,8,PA0201,심사청구,20111026,"특허출원 이후 3년 이내에 특허청장에게 그 특허출원에 관하여 출원심사의 청구를 할 수 있고, 다만, 제34조 및 제35조에 따른 정당한 권리자의 특허출원, 분할출원 또는 변경출원에 관하여는 그 기간이 지난 후에도 정당한 권리자가 특허출원을 한 날, 분할출원을 한 날 또는 변경출원을 한 날부터 각각 30일 이내에 출원심사 청구를 할 수 있다. 심사청구가 있을 시에 한하여 특허출원을 심사한다."
42,10-2011-0109696,1020110109696,1020110109696,,9,PE0902,거절이유통지,20130217,심사관은 특허법 제62조(특허거절결정)에 따라 특허거절결정을 하고자 할 때에는 출원인에게 거절이유를 통지하고 기간을 정하여 의견서를 제출할 기회를 주어야 한다. 다만 특허법 제51조(보정각하)에 따라 보정각하결정을 할때는 그러지 아니한다. 심사관이 행하는 거절이유통지는 2종류로 구분되며 그 종류에 따라 출원인이 할 수 있는 명세서 또는 도면의 보정 범위가 다르게 제한된다. 하나는 거절이유통지에 대한 보정에 따라 발생한 거절이유만을 통지하는 거절이유통지(최후거절이유통지)와 다른 하나는 출원인이 처음으로 받거나 최후거절이유통지가 아닌 거절이유통지(최초거절이유통지)를 말한다.
42,10-2011-0109696,1020110109696,1020110109696,,10,PG1501,출원공개,20130506,"출원인의 신청에 의하여 조기공개신청  또는 특허출원 이후 1년 6개월 경과 후 심사여부와 관계없이 출원공개를 해야하며 이는  발명의 공개를 통해 제3자의 중복연구, 중복투자 및 중복출원을 방지하는 한편 기술이용의 기회를 제공한다."
42,10-2011-0109696,1020110109696,1020110109696,,11,PR0701,설정등록,20130926,"특허권은 설정등록에 의해 발생하며, 특허결정이 된 후 출원인이 특허료를 납부하거나 보전한 경우 또는 추가납부하거나 특허료가 면제된 경우에 특허청장은 특허권을 설정하기 위한 등록을 해야 한다."
42,10-2011-0109696,1020110109696,1020110109696,,12,PR1001,연차료납부,20160819,"특허법 제87조 1항에 따른 특허권의 설정등록을 받으려는 자는 설정등록을 받으려는 날부터 3년분의 특허료를 납부해야 하는데, 그 다음 연도분부터는 특허료를 해당 권리의 설정등록일에 해당하는 날을 기준으로 일정기간 내에 매년 1년분씩 납부함으로써 특허권을 유지한다. 연차료의 납부기간의 종류는 아래와 같다.정상납부기간(정상납부만료일 이전), 추가납부기간(추가납부안내서 발송 이후 6개월), 회복납부기간(권리소멸 시점부터 3개월 이내)"
42,10-2011-0109696,1020110109696,1020110109696,,13,PR1001,연차료납부,20190701,"특허법 제87조 1항에 따른 특허권의 설정등록을 받으려는 자는 설정등록을 받으려는 날부터 3년분의 특허료를 납부해야 하는데, 그 다음 연도분부터는 특허료를 해당 권리의 설정등록일에 해당하는 날을 기준으로 일정기간 내에 매년 1년분씩 납부함으로써 특허권을 유지한다. 연차료의 납부기간의 종류는 아래와 같다.정상납부기간(정상납부만료일 이전), 추가납부기간(추가납부안내서 발송 이후 6개월), 회복납부기간(권리소멸 시점부터 3개월 이내)"
43,10-2011-0109866,1020110109866,1020110109866,,1,PA0109,특허출원,20111026,특허를 받고자 하는 자는 특허가 담은 발명에 대한 서류를 작성한 특허출원서를 특허청장에게 제출하여야한다.
43,10-2011-0109866,1020110109866,1020110109866,,2,PE0701,등록결정,20130731,심사관은 특허출원에 대해 거절이유를 발견할 수 없는 경우 특허결정을 해야 한다. 특허결정이 있는 경우 특허청장은 그 특허결정의 등본을 출원인에게 송달해야 한다. 특허결정은 그 결정 등본이 송달된 때에 확정된다.
43,10-2011-0109866,1020110109866,1020110109866,,3,PG1601,등록공고,20130807,특허권은 설정등록에 의해 발생하며 등록이 있는 때는 그 특허에 관하여 특허공보에 게재하여 등록공고를 하여야 한다. 비밀취급을 요하는 특허발명에 대하여는 비밀취급의 해제시까지 등록공고를 보류하며 그 비밀취급이 해제된 때에는 지체없이 등록공고를 하여야 하며 등록공고가 있는 날부터 3월간 출원서류 및 그 부속물건을 공중의 열람에 제공해야 한다.
43,10-2011-0109866,1020110109866,1020110109866,,4,PR1002,등록료납부,20130731,"특허권의 설정등록을 받으려는 자는 설정등록받으려는 날 부터 3년분의 특허료를 납부한다.특허권의 설정등록을 받고자 하는자 또는 특허권자는 특허료 납부기간이 경과한 후에도 6개월 이내 특허료를 추가 납부할 수 있으며 특허료 추가 납부할 때에는 납부하여야 할 특허료의 2배 이내의 범위에서 납부해야한다. 추가납부기간 이내에 특허료를 납부하지 못한 경우에는 특허권리를 소멸하게 되는데, 이때 특허권자는 추가납부기간 만료일부터 3개월 이내에 특허료의 3배를 납부하고 그 소멸한 권리의 회복을 신청 할 수 있다."
43,10-2011-0109866,1020110109866,1020110109866,,5,PA0201,심사청구,20111026,"특허출원 이후 3년 이내에 특허청장에게 그 특허출원에 관하여 출원심사의 청구를 할 수 있고, 다만, 제34조 및 제35조에 따른 정당한 권리자의 특허출원, 분할출원 또는 변경출원에 관하여는 그 기간이 지난 후에도 정당한 권리자가 특허출원을 한 날, 분할출원을 한 날 또는 변경출원을 한 날부터 각각 30일 이내에 출원심사 청구를 할 수 있다. 심사청구가 있을 시에 한하여 특허출원을 심사한다."
43,10-2011-0109866,1020110109866,1020110109866,,6,PE0902,거절이유통지,20130219,심사관은 특허법 제62조(특허거절결정)에 따라 특허거절결정을 하고자 할 때에는 출원인에게 거절이유를 통지하고 기간을 정하여 의견서를 제출할 기회를 주어야 한다. 다만 특허법 제51조(보정각하)에 따라 보정각하결정을 할때는 그러지 아니한다. 심사관이 행하는 거절이유통지는 2종류로 구분되며 그 종류에 따라 출원인이 할 수 있는 명세서 또는 도면의 보정 범위가 다르게 제한된다. 하나는 거절이유통지에 대한 보정에 따라 발생한 거절이유만을 통지하는 거절이유통지(최후거절이유통지)와 다른 하나는 출원인이 처음으로 받거나 최후거절이유통지가 아닌 거절이유통지(최초거절이유통지)를 말한다.
43,10-2011-0109866,1020110109866,1020110109866,,7,PG1501,출원공개,20130506,"출원인의 신청에 의하여 조기공개신청  또는 특허출원 이후 1년 6개월 경과 후 심사여부와 관계없이 출원공개를 해야하며 이는  발명의 공개를 통해 제3자의 중복연구, 중복투자 및 중복출원을 방지하는 한편 기술이용의 기회를 제공한다."
43,10-2011-0109866,1020110109866,1020110109866,,8,PR0701,설정등록,20130731,"특허권은 설정등록에 의해 발생하며, 특허결정이 된 후 출원인이 특허료를 납부하거나 보전한 경우 또는 추가납부하거나 특허료가 면제된 경우에 특허청장은 특허권을 설정하기 위한 등록을 해야 한다."
43,10-2011-0109866,1020110109866,1020110109866,,9,PR1001,연차료납부,20160615,"특허법 제87조 1항에 따른 특허권의 설정등록을 받으려는 자는 설정등록을 받으려는 날부터 3년분의 특허료를 납부해야 하는데, 그 다음 연도분부터는 특허료를 해당 권리의 설정등록일에 해당하는 날을 기준으로 일정기간 내에 매년 1년분씩 납부함으로써 특허권을 유지한다. 연차료의 납부기간의 종류는 아래와 같다.정상납부기간(정상납부만료일 이전), 추가납부기간(추가납부안내서 발송 이후 6개월), 회복납부기간(권리소멸 시점부터 3개월 이내)"
43,10-2011-0109866,1020110109866,1020110109866,,10,PR1001,연차료납부,20190701,"특허법 제87조 1항에 따른 특허권의 설정등록을 받으려는 자는 설정등록을 받으려는 날부터 3년분의 특허료를 납부해야 하는데, 그 다음 연도분부터는 특허료를 해당 권리의 설정등록일에 해당하는 날을 기준으로 일정기간 내에 매년 1년분씩 납부함으로써 특허권을 유지한다. 연차료의 납부기간의 종류는 아래와 같다.정상납부기간(정상납부만료일 이전), 추가납부기간(추가납부안내서 발송 이후 6개월), 회복납부기간(권리소멸 시점부터 3개월 이내)"
44,10-2011-0109867,1020110109867,1020110109867,,1,PA0109,특허출원,20111026,특허를 받고자 하는 자는 특허가 담은 발명에 대한 서류를 작성한 특허출원서를 특허청장에게 제출하여야한다.
44,10-2011-0109867,1020110109867,1020110109867,,2,PE0701,등록결정,20140117,심사관은 특허출원에 대해 거절이유를 발견할 수 없는 경우 특허결정을 해야 한다. 특허결정이 있는 경우 특허청장은 그 특허결정의 등본을 출원인에게 송달해야 한다. 특허결정은 그 결정 등본이 송달된 때에 확정된다.
44,10-2011-0109867,1020110109867,1020110109867,,3,PG1601,등록공고,20140204,특허권은 설정등록에 의해 발생하며 등록이 있는 때는 그 특허에 관하여 특허공보에 게재하여 등록공고를 하여야 한다. 비밀취급을 요하는 특허발명에 대하여는 비밀취급의 해제시까지 등록공고를 보류하며 그 비밀취급이 해제된 때에는 지체없이 등록공고를 하여야 하며 등록공고가 있는 날부터 3월간 출원서류 및 그 부속물건을 공중의 열람에 제공해야 한다.
44,10-2011-0109867,1020110109867,1020110109867,,4,PR1002,등록료납부,20140123,"특허권의 설정등록을 받으려는 자는 설정등록받으려는 날 부터 3년분의 특허료를 납부한다.특허권의 설정등록을 받고자 하는자 또는 특허권자는 특허료 납부기간이 경과한 후에도 6개월 이내 특허료를 추가 납부할 수 있으며 특허료 추가 납부할 때에는 납부하여야 할 특허료의 2배 이내의 범위에서 납부해야한다. 추가납부기간 이내에 특허료를 납부하지 못한 경우에는 특허권리를 소멸하게 되는데, 이때 특허권자는 추가납부기간 만료일부터 3개월 이내에 특허료의 3배를 납부하고 그 소멸한 권리의 회복을 신청 할 수 있다."
44,10-2011-0109867,1020110109867,1020110109867,,5,PA0201,심사청구,20111026,"특허출원 이후 3년 이내에 특허청장에게 그 특허출원에 관하여 출원심사의 청구를 할 수 있고, 다만, 제34조 및 제35조에 따른 정당한 권리자의 특허출원, 분할출원 또는 변경출원에 관하여는 그 기간이 지난 후에도 정당한 권리자가 특허출원을 한 날, 분할출원을 한 날 또는 변경출원을 한 날부터 각각 30일 이내에 출원심사 청구를 할 수 있다. 심사청구가 있을 시에 한하여 특허출원을 심사한다."
44,10-2011-0109867,1020110109867,1020110109867,,6,PE0902,거절이유통지,20130218,심사관은 특허법 제62조(특허거절결정)에 따라 특허거절결정을 하고자 할 때에는 출원인에게 거절이유를 통지하고 기간을 정하여 의견서를 제출할 기회를 주어야 한다. 다만 특허법 제51조(보정각하)에 따라 보정각하결정을 할때는 그러지 아니한다. 심사관이 행하는 거절이유통지는 2종류로 구분되며 그 종류에 따라 출원인이 할 수 있는 명세서 또는 도면의 보정 범위가 다르게 제한된다. 하나는 거절이유통지에 대한 보정에 따라 발생한 거절이유만을 통지하는 거절이유통지(최후거절이유통지)와 다른 하나는 출원인이 처음으로 받거나 최후거절이유통지가 아닌 거절이유통지(최초거절이유통지)를 말한다.
44,10-2011-0109867,1020110109867,1020110109867,,7,PE0902,거절이유통지,20130813,심사관은 특허법 제62조(특허거절결정)에 따라 특허거절결정을 하고자 할 때에는 출원인에게 거절이유를 통지하고 기간을 정하여 의견서를 제출할 기회를 주어야 한다. 다만 특허법 제51조(보정각하)에 따라 보정각하결정을 할때는 그러지 아니한다. 심사관이 행하는 거절이유통지는 2종류로 구분되며 그 종류에 따라 출원인이 할 수 있는 명세서 또는 도면의 보정 범위가 다르게 제한된다. 하나는 거절이유통지에 대한 보정에 따라 발생한 거절이유만을 통지하는 거절이유통지(최후거절이유통지)와 다른 하나는 출원인이 처음으로 받거나 최후거절이유통지가 아닌 거절이유통지(최초거절이유통지)를 말한다.
44,10-2011-0109867,1020110109867,1020110109867,,8,PG1501,출원공개,20130506,"출원인의 신청에 의하여 조기공개신청  또는 특허출원 이후 1년 6개월 경과 후 심사여부와 관계없이 출원공개를 해야하며 이는  발명의 공개를 통해 제3자의 중복연구, 중복투자 및 중복출원을 방지하는 한편 기술이용의 기회를 제공한다."
44,10-2011-0109867,1020110109867,1020110109867,,9,PR0701,설정등록,20140123,"특허권은 설정등록에 의해 발생하며, 특허결정이 된 후 출원인이 특허료를 납부하거나 보전한 경우 또는 추가납부하거나 특허료가 면제된 경우에 특허청장은 특허권을 설정하기 위한 등록을 해야 한다."
44,10-2011-0109867,1020110109867,1020110109867,,10,PR1001,연차료납부,20161221,"특허법 제87조 1항에 따른 특허권의 설정등록을 받으려는 자는 설정등록을 받으려는 날부터 3년분의 특허료를 납부해야 하는데, 그 다음 연도분부터는 특허료를 해당 권리의 설정등록일에 해당하는 날을 기준으로 일정기간 내에 매년 1년분씩 납부함으로써 특허권을 유지한다. 연차료의 납부기간의 종류는 아래와 같다.정상납부기간(정상납부만료일 이전), 추가납부기간(추가납부안내서 발송 이후 6개월), 회복납부기간(권리소멸 시점부터 3개월 이내)"
44,10-2011-0109867,1020110109867,1020110109867,,11,PR1001,연차료납부,20191226,"특허법 제87조 1항에 따른 특허권의 설정등록을 받으려는 자는 설정등록을 받으려는 날부터 3년분의 특허료를 납부해야 하는데, 그 다음 연도분부터는 특허료를 해당 권리의 설정등록일에 해당하는 날을 기준으로 일정기간 내에 매년 1년분씩 납부함으로써 특허권을 유지한다. 연차료의 납부기간의 종류는 아래와 같다.정상납부기간(정상납부만료일 이전), 추가납부기간(추가납부안내서 발송 이후 6개월), 회복납부기간(권리소멸 시점부터 3개월 이내)"
45,10-2011-0111243,1020110111243,1020110111243,,1,PA0109,특허출원,20111028,특허를 받고자 하는 자는 특허가 담은 발명에 대한 서류를 작성한 특허출원서를 특허청장에게 제출하여야한다.
45,10-2011-0111243,1020110111243,1020110111243,,2,PE0701,등록결정,20130523,심사관은 특허출원에 대해 거절이유를 발견할 수 없는 경우 특허결정을 해야 한다. 특허결정이 있는 경우 특허청장은 그 특허결정의 등본을 출원인에게 송달해야 한다. 특허결정은 그 결정 등본이 송달된 때에 확정된다.
45,10-2011-0111243,1020110111243,1020110111243,,3,PG1601,등록공고,20130605,특허권은 설정등록에 의해 발생하며 등록이 있는 때는 그 특허에 관하여 특허공보에 게재하여 등록공고를 하여야 한다. 비밀취급을 요하는 특허발명에 대하여는 비밀취급의 해제시까지 등록공고를 보류하며 그 비밀취급이 해제된 때에는 지체없이 등록공고를 하여야 하며 등록공고가 있는 날부터 3월간 출원서류 및 그 부속물건을 공중의 열람에 제공해야 한다.
45,10-2011-0111243,1020110111243,1020110111243,,4,PR1002,등록료납부,20130527,"특허권의 설정등록을 받으려는 자는 설정등록받으려는 날 부터 3년분의 특허료를 납부한다.특허권의 설정등록을 받고자 하는자 또는 특허권자는 특허료 납부기간이 경과한 후에도 6개월 이내 특허료를 추가 납부할 수 있으며 특허료 추가 납부할 때에는 납부하여야 할 특허료의 2배 이내의 범위에서 납부해야한다. 추가납부기간 이내에 특허료를 납부하지 못한 경우에는 특허권리를 소멸하게 되는데, 이때 특허권자는 추가납부기간 만료일부터 3개월 이내에 특허료의 3배를 납부하고 그 소멸한 권리의 회복을 신청 할 수 있다."
45,10-2011-0111243,1020110111243,1020110111243,,5,PA0201,심사청구,20111028,"특허출원 이후 3년 이내에 특허청장에게 그 특허출원에 관하여 출원심사의 청구를 할 수 있고, 다만, 제34조 및 제35조에 따른 정당한 권리자의 특허출원, 분할출원 또는 변경출원에 관하여는 그 기간이 지난 후에도 정당한 권리자가 특허출원을 한 날, 분할출원을 한 날 또는 변경출원을 한 날부터 각각 30일 이내에 출원심사 청구를 할 수 있다. 심사청구가 있을 시에 한하여 특허출원을 심사한다."
45,10-2011-0111243,1020110111243,1020110111243,,6,PE0902,거절이유통지,20120924,심사관은 특허법 제62조(특허거절결정)에 따라 특허거절결정을 하고자 할 때에는 출원인에게 거절이유를 통지하고 기간을 정하여 의견서를 제출할 기회를 주어야 한다. 다만 특허법 제51조(보정각하)에 따라 보정각하결정을 할때는 그러지 아니한다. 심사관이 행하는 거절이유통지는 2종류로 구분되며 그 종류에 따라 출원인이 할 수 있는 명세서 또는 도면의 보정 범위가 다르게 제한된다. 하나는 거절이유통지에 대한 보정에 따라 발생한 거절이유만을 통지하는 거절이유통지(최후거절이유통지)와 다른 하나는 출원인이 처음으로 받거나 최후거절이유통지가 아닌 거절이유통지(최초거절이유통지)를 말한다.
45,10-2011-0111243,1020110111243,1020110111243,,7,PE0902,거절이유통지,20130131,심사관은 특허법 제62조(특허거절결정)에 따라 특허거절결정을 하고자 할 때에는 출원인에게 거절이유를 통지하고 기간을 정하여 의견서를 제출할 기회를 주어야 한다. 다만 특허법 제51조(보정각하)에 따라 보정각하결정을 할때는 그러지 아니한다. 심사관이 행하는 거절이유통지는 2종류로 구분되며 그 종류에 따라 출원인이 할 수 있는 명세서 또는 도면의 보정 범위가 다르게 제한된다. 하나는 거절이유통지에 대한 보정에 따라 발생한 거절이유만을 통지하는 거절이유통지(최후거절이유통지)와 다른 하나는 출원인이 처음으로 받거나 최후거절이유통지가 아닌 거절이유통지(최초거절이유통지)를 말한다.
45,10-2011-0111243,1020110111243,1020110111243,,8,PG1501,출원공개,20130508,"출원인의 신청에 의하여 조기공개신청  또는 특허출원 이후 1년 6개월 경과 후 심사여부와 관계없이 출원공개를 해야하며 이는  발명의 공개를 통해 제3자의 중복연구, 중복투자 및 중복출원을 방지하는 한편 기술이용의 기회를 제공한다."
45,10-2011-0111243,1020110111243,1020110111243,,9,PR0701,설정등록,20130527,"특허권은 설정등록에 의해 발생하며, 특허결정이 된 후 출원인이 특허료를 납부하거나 보전한 경우 또는 추가납부하거나 특허료가 면제된 경우에 특허청장은 특허권을 설정하기 위한 등록을 해야 한다."
45,10-2011-0111243,1020110111243,1020110111243,,10,PR1001,연차료납부,20160418,"특허법 제87조 1항에 따른 특허권의 설정등록을 받으려는 자는 설정등록을 받으려는 날부터 3년분의 특허료를 납부해야 하는데, 그 다음 연도분부터는 특허료를 해당 권리의 설정등록일에 해당하는 날을 기준으로 일정기간 내에 매년 1년분씩 납부함으로써 특허권을 유지한다. 연차료의 납부기간의 종류는 아래와 같다.정상납부기간(정상납부만료일 이전), 추가납부기간(추가납부안내서 발송 이후 6개월), 회복납부기간(권리소멸 시점부터 3개월 이내)"
45,10-2011-0111243,1020110111243,1020110111243,,11,PR1001,연차료납부,20190327,"특허법 제87조 1항에 따른 특허권의 설정등록을 받으려는 자는 설정등록을 받으려는 날부터 3년분의 특허료를 납부해야 하는데, 그 다음 연도분부터는 특허료를 해당 권리의 설정등록일에 해당하는 날을 기준으로 일정기간 내에 매년 1년분씩 납부함으로써 특허권을 유지한다. 연차료의 납부기간의 종류는 아래와 같다.정상납부기간(정상납부만료일 이전), 추가납부기간(추가납부안내서 발송 이후 6개월), 회복납부기간(권리소멸 시점부터 3개월 이내)"
46,10-2011-0111986,1020110111986,1020110111986,,1,PA0109,특허출원,20111031,특허를 받고자 하는 자는 특허가 담은 발명에 대한 서류를 작성한 특허출원서를 특허청장에게 제출하여야한다.
46,10-2011-0111986,1020110111986,1020110111986,,2,PE0701,등록결정,20130620,심사관은 특허출원에 대해 거절이유를 발견할 수 없는 경우 특허결정을 해야 한다. 특허결정이 있는 경우 특허청장은 그 특허결정의 등본을 출원인에게 송달해야 한다. 특허결정은 그 결정 등본이 송달된 때에 확정된다.
46,10-2011-0111986,1020110111986,1020110111986,,3,PG1601,등록공고,20130627,특허권은 설정등록에 의해 발생하며 등록이 있는 때는 그 특허에 관하여 특허공보에 게재하여 등록공고를 하여야 한다. 비밀취급을 요하는 특허발명에 대하여는 비밀취급의 해제시까지 등록공고를 보류하며 그 비밀취급이 해제된 때에는 지체없이 등록공고를 하여야 하며 등록공고가 있는 날부터 3월간 출원서류 및 그 부속물건을 공중의 열람에 제공해야 한다.
46,10-2011-0111986,1020110111986,1020110111986,,4,PR1002,등록료납부,20130621,"특허권의 설정등록을 받으려는 자는 설정등록받으려는 날 부터 3년분의 특허료를 납부한다.특허권의 설정등록을 받고자 하는자 또는 특허권자는 특허료 납부기간이 경과한 후에도 6개월 이내 특허료를 추가 납부할 수 있으며 특허료 추가 납부할 때에는 납부하여야 할 특허료의 2배 이내의 범위에서 납부해야한다. 추가납부기간 이내에 특허료를 납부하지 못한 경우에는 특허권리를 소멸하게 되는데, 이때 특허권자는 추가납부기간 만료일부터 3개월 이내에 특허료의 3배를 납부하고 그 소멸한 권리의 회복을 신청 할 수 있다."
46,10-2011-0111986,1020110111986,1020110111986,,5,PA0201,심사청구,20111031,"특허출원 이후 3년 이내에 특허청장에게 그 특허출원에 관하여 출원심사의 청구를 할 수 있고, 다만, 제34조 및 제35조에 따른 정당한 권리자의 특허출원, 분할출원 또는 변경출원에 관하여는 그 기간이 지난 후에도 정당한 권리자가 특허출원을 한 날, 분할출원을 한 날 또는 변경출원을 한 날부터 각각 30일 이내에 출원심사 청구를 할 수 있다. 심사청구가 있을 시에 한하여 특허출원을 심사한다."
46,10-2011-0111986,1020110111986,1020110111986,,6,PE0902,거절이유통지,20121214,심사관은 특허법 제62조(특허거절결정)에 따라 특허거절결정을 하고자 할 때에는 출원인에게 거절이유를 통지하고 기간을 정하여 의견서를 제출할 기회를 주어야 한다. 다만 특허법 제51조(보정각하)에 따라 보정각하결정을 할때는 그러지 아니한다. 심사관이 행하는 거절이유통지는 2종류로 구분되며 그 종류에 따라 출원인이 할 수 있는 명세서 또는 도면의 보정 범위가 다르게 제한된다. 하나는 거절이유통지에 대한 보정에 따라 발생한 거절이유만을 통지하는 거절이유통지(최후거절이유통지)와 다른 하나는 출원인이 처음으로 받거나 최후거절이유통지가 아닌 거절이유통지(최초거절이유통지)를 말한다.
46,10-2011-0111986,1020110111986,1020110111986,,7,PG1501,출원공개,20130508,"출원인의 신청에 의하여 조기공개신청  또는 특허출원 이후 1년 6개월 경과 후 심사여부와 관계없이 출원공개를 해야하며 이는  발명의 공개를 통해 제3자의 중복연구, 중복투자 및 중복출원을 방지하는 한편 기술이용의 기회를 제공한다."
46,10-2011-0111986,1020110111986,1020110111986,,8,PR0701,설정등록,20130621,"특허권은 설정등록에 의해 발생하며, 특허결정이 된 후 출원인이 특허료를 납부하거나 보전한 경우 또는 추가납부하거나 특허료가 면제된 경우에 특허청장은 특허권을 설정하기 위한 등록을 해야 한다."
46,10-2011-0111986,1020110111986,1020110111986,,9,PR1001,연차료납부,20160516,"특허법 제87조 1항에 따른 특허권의 설정등록을 받으려는 자는 설정등록을 받으려는 날부터 3년분의 특허료를 납부해야 하는데, 그 다음 연도분부터는 특허료를 해당 권리의 설정등록일에 해당하는 날을 기준으로 일정기간 내에 매년 1년분씩 납부함으로써 특허권을 유지한다. 연차료의 납부기간의 종류는 아래와 같다.정상납부기간(정상납부만료일 이전), 추가납부기간(추가납부안내서 발송 이후 6개월), 회복납부기간(권리소멸 시점부터 3개월 이내)"
46,10-2011-0111986,1020110111986,1020110111986,,10,PR1001,연차료납부,20190327,"특허법 제87조 1항에 따른 특허권의 설정등록을 받으려는 자는 설정등록을 받으려는 날부터 3년분의 특허료를 납부해야 하는데, 그 다음 연도분부터는 특허료를 해당 권리의 설정등록일에 해당하는 날을 기준으로 일정기간 내에 매년 1년분씩 납부함으로써 특허권을 유지한다. 연차료의 납부기간의 종류는 아래와 같다.정상납부기간(정상납부만료일 이전), 추가납부기간(추가납부안내서 발송 이후 6개월), 회복납부기간(권리소멸 시점부터 3개월 이내)"
47,10-2011-0125028,1020110125028,1020110125028,,1,PA0109,특허출원,20111128,특허를 받고자 하는 자는 특허가 담은 발명에 대한 서류를 작성한 특허출원서를 특허청장에게 제출하여야한다.
47,10-2011-0125028,1020110125028,1020110125028,,2,PA0201,심사청구,20111128,"특허출원 이후 3년 이내에 특허청장에게 그 특허출원에 관하여 출원심사의 청구를 할 수 있고, 다만, 제34조 및 제35조에 따른 정당한 권리자의 특허출원, 분할출원 또는 변경출원에 관하여는 그 기간이 지난 후에도 정당한 권리자가 특허출원을 한 날, 분할출원을 한 날 또는 변경출원을 한 날부터 각각 30일 이내에 출원심사 청구를 할 수 있다. 심사청구가 있을 시에 한하여 특허출원을 심사한다."
47,10-2011-0125028,1020110125028,1020110125028,,3,PE0902,거절이유통지,20130416,심사관은 특허법 제62조(특허거절결정)에 따라 특허거절결정을 하고자 할 때에는 출원인에게 거절이유를 통지하고 기간을 정하여 의견서를 제출할 기회를 주어야 한다. 다만 특허법 제51조(보정각하)에 따라 보정각하결정을 할때는 그러지 아니한다. 심사관이 행하는 거절이유통지는 2종류로 구분되며 그 종류에 따라 출원인이 할 수 있는 명세서 또는 도면의 보정 범위가 다르게 제한된다. 하나는 거절이유통지에 대한 보정에 따라 발생한 거절이유만을 통지하는 거절이유통지(최후거절이유통지)와 다른 하나는 출원인이 처음으로 받거나 최후거절이유통지가 아닌 거절이유통지(최초거절이유통지)를 말한다.
47,10-2011-0125028,1020110125028,1020110125028,,4,PE0902,거절이유통지,20131024,심사관은 특허법 제62조(특허거절결정)에 따라 특허거절결정을 하고자 할 때에는 출원인에게 거절이유를 통지하고 기간을 정하여 의견서를 제출할 기회를 주어야 한다. 다만 특허법 제51조(보정각하)에 따라 보정각하결정을 할때는 그러지 아니한다. 심사관이 행하는 거절이유통지는 2종류로 구분되며 그 종류에 따라 출원인이 할 수 있는 명세서 또는 도면의 보정 범위가 다르게 제한된다. 하나는 거절이유통지에 대한 보정에 따라 발생한 거절이유만을 통지하는 거절이유통지(최후거절이유통지)와 다른 하나는 출원인이 처음으로 받거나 최후거절이유통지가 아닌 거절이유통지(최초거절이유통지)를 말한다.
47,10-2011-0125028,1020110125028,1020110125028,,5,PG1501,출원공개,20130605,"출원인의 신청에 의하여 조기공개신청  또는 특허출원 이후 1년 6개월 경과 후 심사여부와 관계없이 출원공개를 해야하며 이는  발명의 공개를 통해 제3자의 중복연구, 중복투자 및 중복출원을 방지하는 한편 기술이용의 기회를 제공한다."
47,10-2011-0125028,1020110125028,1020110125028,,6,PE0701,등록결정,20140418,심사관은 특허출원에 대해 거절이유를 발견할 수 없는 경우 특허결정을 해야 한다. 특허결정이 있는 경우 특허청장은 그 특허결정의 등본을 출원인에게 송달해야 한다. 특허결정은 그 결정 등본이 송달된 때에 확정된다.
47,10-2011-0125028,1020110125028,1020110125028,,7,PG1601,등록공고,20140428,특허권은 설정등록에 의해 발생하며 등록이 있는 때는 그 특허에 관하여 특허공보에 게재하여 등록공고를 하여야 한다. 비밀취급을 요하는 특허발명에 대하여는 비밀취급의 해제시까지 등록공고를 보류하며 그 비밀취급이 해제된 때에는 지체없이 등록공고를 하여야 하며 등록공고가 있는 날부터 3월간 출원서류 및 그 부속물건을 공중의 열람에 제공해야 한다.
47,10-2011-0125028,1020110125028,1020110125028,,8,PR0701,설정등록,20140422,"특허권은 설정등록에 의해 발생하며, 특허결정이 된 후 출원인이 특허료를 납부하거나 보전한 경우 또는 추가납부하거나 특허료가 면제된 경우에 특허청장은 특허권을 설정하기 위한 등록을 해야 한다."
47,10-2011-0125028,1020110125028,1020110125028,,9,PR1002,등록료납부,20140422,"특허권의 설정등록을 받으려는 자는 설정등록받으려는 날 부터 3년분의 특허료를 납부한다.특허권의 설정등록을 받고자 하는자 또는 특허권자는 특허료 납부기간이 경과한 후에도 6개월 이내 특허료를 추가 납부할 수 있으며 특허료 추가 납부할 때에는 납부하여야 할 특허료의 2배 이내의 범위에서 납부해야한다. 추가납부기간 이내에 특허료를 납부하지 못한 경우에는 특허권리를 소멸하게 되는데, 이때 특허권자는 추가납부기간 만료일부터 3개월 이내에 특허료의 3배를 납부하고 그 소멸한 권리의 회복을 신청 할 수 있다."
47,10-2011-0125028,1020110125028,1020110125028,,10,PR1001,연차료납부,20170320,"특허법 제87조 1항에 따른 특허권의 설정등록을 받으려는 자는 설정등록을 받으려는 날부터 3년분의 특허료를 납부해야 하는데, 그 다음 연도분부터는 특허료를 해당 권리의 설정등록일에 해당하는 날을 기준으로 일정기간 내에 매년 1년분씩 납부함으로써 특허권을 유지한다. 연차료의 납부기간의 종류는 아래와 같다.정상납부기간(정상납부만료일 이전), 추가납부기간(추가납부안내서 발송 이후 6개월), 회복납부기간(권리소멸 시점부터 3개월 이내)"
47,10-2011-0125028,1020110125028,1020110125028,,11,PR1001,연차료납부,20200330,"특허법 제87조 1항에 따른 특허권의 설정등록을 받으려는 자는 설정등록을 받으려는 날부터 3년분의 특허료를 납부해야 하는데, 그 다음 연도분부터는 특허료를 해당 권리의 설정등록일에 해당하는 날을 기준으로 일정기간 내에 매년 1년분씩 납부함으로써 특허권을 유지한다. 연차료의 납부기간의 종류는 아래와 같다.정상납부기간(정상납부만료일 이전), 추가납부기간(추가납부안내서 발송 이후 6개월), 회복납부기간(권리소멸 시점부터 3개월 이내)"
47,10-2011-0125028,1020110125028,1020110125028,,12,PR1001,연차료납부,20230323,"특허법 제87조 1항에 따른 특허권의 설정등록을 받으려는 자는 설정등록을 받으려는 날부터 3년분의 특허료를 납부해야 하는데, 그 다음 연도분부터는 특허료를 해당 권리의 설정등록일에 해당하는 날을 기준으로 일정기간 내에 매년 1년분씩 납부함으로써 특허권을 유지한다. 연차료의 납부기간의 종류는 아래와 같다.정상납부기간(정상납부만료일 이전), 추가납부기간(추가납부안내서 발송 이후 6개월), 회복납부기간(권리소멸 시점부터 3개월 이내)"
48,10-2011-0135240,1020110135240,1020110135240,,1,PA0109,특허출원,20111215,특허를 받고자 하는 자는 특허가 담은 발명에 대한 서류를 작성한 특허출원서를 특허청장에게 제출하여야한다.
48,10-2011-0135240,1020110135240,1020110135240,,2,PE0701,등록결정,20140129,심사관은 특허출원에 대해 거절이유를 발견할 수 없는 경우 특허결정을 해야 한다. 특허결정이 있는 경우 특허청장은 그 특허결정의 등본을 출원인에게 송달해야 한다. 특허결정은 그 결정 등본이 송달된 때에 확정된다.
48,10-2011-0135240,1020110135240,1020110135240,,3,PG1601,등록공고,20140213,특허권은 설정등록에 의해 발생하며 등록이 있는 때는 그 특허에 관하여 특허공보에 게재하여 등록공고를 하여야 한다. 비밀취급을 요하는 특허발명에 대하여는 비밀취급의 해제시까지 등록공고를 보류하며 그 비밀취급이 해제된 때에는 지체없이 등록공고를 하여야 하며 등록공고가 있는 날부터 3월간 출원서류 및 그 부속물건을 공중의 열람에 제공해야 한다.
48,10-2011-0135240,1020110135240,1020110135240,,4,PR1002,등록료납부,20140204,"특허권의 설정등록을 받으려는 자는 설정등록받으려는 날 부터 3년분의 특허료를 납부한다.특허권의 설정등록을 받고자 하는자 또는 특허권자는 특허료 납부기간이 경과한 후에도 6개월 이내 특허료를 추가 납부할 수 있으며 특허료 추가 납부할 때에는 납부하여야 할 특허료의 2배 이내의 범위에서 납부해야한다. 추가납부기간 이내에 특허료를 납부하지 못한 경우에는 특허권리를 소멸하게 되는데, 이때 특허권자는 추가납부기간 만료일부터 3개월 이내에 특허료의 3배를 납부하고 그 소멸한 권리의 회복을 신청 할 수 있다."
48,10-2011-0135240,1020110135240,1020110135240,,5,PA0201,심사청구,20111215,"특허출원 이후 3년 이내에 특허청장에게 그 특허출원에 관하여 출원심사의 청구를 할 수 있고, 다만, 제34조 및 제35조에 따른 정당한 권리자의 특허출원, 분할출원 또는 변경출원에 관하여는 그 기간이 지난 후에도 정당한 권리자가 특허출원을 한 날, 분할출원을 한 날 또는 변경출원을 한 날부터 각각 30일 이내에 출원심사 청구를 할 수 있다. 심사청구가 있을 시에 한하여 특허출원을 심사한다."
48,10-2011-0135240,1020110135240,1020110135240,,6,PE0902,거절이유통지,20130319,심사관은 특허법 제62조(특허거절결정)에 따라 특허거절결정을 하고자 할 때에는 출원인에게 거절이유를 통지하고 기간을 정하여 의견서를 제출할 기회를 주어야 한다. 다만 특허법 제51조(보정각하)에 따라 보정각하결정을 할때는 그러지 아니한다. 심사관이 행하는 거절이유통지는 2종류로 구분되며 그 종류에 따라 출원인이 할 수 있는 명세서 또는 도면의 보정 범위가 다르게 제한된다. 하나는 거절이유통지에 대한 보정에 따라 발생한 거절이유만을 통지하는 거절이유통지(최후거절이유통지)와 다른 하나는 출원인이 처음으로 받거나 최후거절이유통지가 아닌 거절이유통지(최초거절이유통지)를 말한다.
48,10-2011-0135240,1020110135240,1020110135240,,7,PE0902,거절이유통지,20130826,심사관은 특허법 제62조(특허거절결정)에 따라 특허거절결정을 하고자 할 때에는 출원인에게 거절이유를 통지하고 기간을 정하여 의견서를 제출할 기회를 주어야 한다. 다만 특허법 제51조(보정각하)에 따라 보정각하결정을 할때는 그러지 아니한다. 심사관이 행하는 거절이유통지는 2종류로 구분되며 그 종류에 따라 출원인이 할 수 있는 명세서 또는 도면의 보정 범위가 다르게 제한된다. 하나는 거절이유통지에 대한 보정에 따라 발생한 거절이유만을 통지하는 거절이유통지(최후거절이유통지)와 다른 하나는 출원인이 처음으로 받거나 최후거절이유통지가 아닌 거절이유통지(최초거절이유통지)를 말한다.
48,10-2011-0135240,1020110135240,1020110135240,,8,PG1501,출원공개,20130628,"출원인의 신청에 의하여 조기공개신청  또는 특허출원 이후 1년 6개월 경과 후 심사여부와 관계없이 출원공개를 해야하며 이는  발명의 공개를 통해 제3자의 중복연구, 중복투자 및 중복출원을 방지하는 한편 기술이용의 기회를 제공한다."
48,10-2011-0135240,1020110135240,1020110135240,,9,PR0701,설정등록,20140204,"특허권은 설정등록에 의해 발생하며, 특허결정이 된 후 출원인이 특허료를 납부하거나 보전한 경우 또는 추가납부하거나 특허료가 면제된 경우에 특허청장은 특허권을 설정하기 위한 등록을 해야 한다."
48,10-2011-0135240,1020110135240,1020110135240,,10,PR1001,연차료납부,20170112,"특허법 제87조 1항에 따른 특허권의 설정등록을 받으려는 자는 설정등록을 받으려는 날부터 3년분의 특허료를 납부해야 하는데, 그 다음 연도분부터는 특허료를 해당 권리의 설정등록일에 해당하는 날을 기준으로 일정기간 내에 매년 1년분씩 납부함으로써 특허권을 유지한다. 연차료의 납부기간의 종류는 아래와 같다.정상납부기간(정상납부만료일 이전), 추가납부기간(추가납부안내서 발송 이후 6개월), 회복납부기간(권리소멸 시점부터 3개월 이내)"
48,10-2011-0135240,1020110135240,1020110135240,,11,PR1001,연차료납부,20191226,"특허법 제87조 1항에 따른 특허권의 설정등록을 받으려는 자는 설정등록을 받으려는 날부터 3년분의 특허료를 납부해야 하는데, 그 다음 연도분부터는 특허료를 해당 권리의 설정등록일에 해당하는 날을 기준으로 일정기간 내에 매년 1년분씩 납부함으로써 특허권을 유지한다. 연차료의 납부기간의 종류는 아래와 같다.정상납부기간(정상납부만료일 이전), 추가납부기간(추가납부안내서 발송 이후 6개월), 회복납부기간(권리소멸 시점부터 3개월 이내)"
49,10-2012-0012421,1020120012421,1020120012421,,1,PA0109,특허출원,20120207,특허를 받고자 하는 자는 특허가 담은 발명에 대한 서류를 작성한 특허출원서를 특허청장에게 제출하여야한다.
49,10-2012-0012421,1020120012421,1020120012421,,2,PA0201,심사청구,20120207,"특허출원 이후 3년 이내에 특허청장에게 그 특허출원에 관하여 출원심사의 청구를 할 수 있고, 다만, 제34조 및 제35조에 따른 정당한 권리자의 특허출원, 분할출원 또는 변경출원에 관하여는 그 기간이 지난 후에도 정당한 권리자가 특허출원을 한 날, 분할출원을 한 날 또는 변경출원을 한 날부터 각각 30일 이내에 출원심사 청구를 할 수 있다. 심사청구가 있을 시에 한하여 특허출원을 심사한다."
49,10-2012-0012421,1020120012421,1020120012421,,3,PE0902,거절이유통지,20130412,심사관은 특허법 제62조(특허거절결정)에 따라 특허거절결정을 하고자 할 때에는 출원인에게 거절이유를 통지하고 기간을 정하여 의견서를 제출할 기회를 주어야 한다. 다만 특허법 제51조(보정각하)에 따라 보정각하결정을 할때는 그러지 아니한다. 심사관이 행하는 거절이유통지는 2종류로 구분되며 그 종류에 따라 출원인이 할 수 있는 명세서 또는 도면의 보정 범위가 다르게 제한된다. 하나는 거절이유통지에 대한 보정에 따라 발생한 거절이유만을 통지하는 거절이유통지(최후거절이유통지)와 다른 하나는 출원인이 처음으로 받거나 최후거절이유통지가 아닌 거절이유통지(최초거절이유통지)를 말한다.
49,10-2012-0012421,1020120012421,1020120012421,,4,PE0902,거절이유통지,20131025,심사관은 특허법 제62조(특허거절결정)에 따라 특허거절결정을 하고자 할 때에는 출원인에게 거절이유를 통지하고 기간을 정하여 의견서를 제출할 기회를 주어야 한다. 다만 특허법 제51조(보정각하)에 따라 보정각하결정을 할때는 그러지 아니한다. 심사관이 행하는 거절이유통지는 2종류로 구분되며 그 종류에 따라 출원인이 할 수 있는 명세서 또는 도면의 보정 범위가 다르게 제한된다. 하나는 거절이유통지에 대한 보정에 따라 발생한 거절이유만을 통지하는 거절이유통지(최후거절이유통지)와 다른 하나는 출원인이 처음으로 받거나 최후거절이유통지가 아닌 거절이유통지(최초거절이유통지)를 말한다.
49,10-2012-0012421,1020120012421,1020120012421,,5,PG1501,출원공개,20130816,"출원인의 신청에 의하여 조기공개신청  또는 특허출원 이후 1년 6개월 경과 후 심사여부와 관계없이 출원공개를 해야하며 이는  발명의 공개를 통해 제3자의 중복연구, 중복투자 및 중복출원을 방지하는 한편 기술이용의 기회를 제공한다."
49,10-2012-0012421,1020120012421,1020120012421,,6,PE0601,특허거절결정,20140425,심사관은 특허출원이 특허법 제62조 각호의 어느 하나에 해당 할 경우 거절이유 통지 후 거절결정을 해야한다. 다만 거절결정전에 출원인은 심사관의 거절이유통지에 대응하여 의견서를 제출할수 있고 지정한 의견서 제출기간 이내에 보정서를 제출하여 명세서 또는 도면을 보정 할수 있다. 출원인이 의견서를 제출한 경우 제출된 의견서를 반영하여 거절이유가 유지될수 있는지 여부를 다시 심사한다. 만약 의견서 제출기간 이내에 보정서도 같이 제출한 경우에는 해당 보정서에 의한 보정사항을 반영하여 심사한다. 심사관은 의견서 및 보정사항을 반영하여 다시 심사한 후에도 거절이유통지에서 지적한 거절이유가 해소되지 않았다고 인정하는 경우 거절결정을 해야 한다.
49,10-2012-0012421,1020120012421,1020120012421,,7,PX0901,재심사,20140526,심사관이 거절결정한 출원에 대하여 출원인이 거절결정등본을 송달받은 날부터 30일(법정기간이 연장된 경우에는 그 연장된 때까지) 이내에 명세서 또는 도면을 보정하면 심사관은 보정된 출원을 다시 심사 해야 한다. 재심사청구된 경우 종전의 거절결정은 취소된 것으로 보므로 거절결정 전으로 돌아가 보정서가 제출된 통상의 심사와 동일하게 심사를 진행한다. 보정이 적법한 경우 보정사항을 반영하여 특허결정 또는 거절결정 여부를 결정한다. 보정이 부적법해 보정각하가 되면 바로 보정전 명세서를 심사대상으로 하여 심사를 계속 진행한다
49,10-2012-0012421,1020120012421,1020120012421,,8,PG1601,등록공고,20140707,특허권은 설정등록에 의해 발생하며 등록이 있는 때는 그 특허에 관하여 특허공보에 게재하여 등록공고를 하여야 한다. 비밀취급을 요하는 특허발명에 대하여는 비밀취급의 해제시까지 등록공고를 보류하며 그 비밀취급이 해제된 때에는 지체없이 등록공고를 하여야 하며 등록공고가 있는 날부터 3월간 출원서류 및 그 부속물건을 공중의 열람에 제공해야 한다.
49,10-2012-0012421,1020120012421,1020120012421,,9,PR0701,설정등록,20140617,"특허권은 설정등록에 의해 발생하며, 특허결정이 된 후 출원인이 특허료를 납부하거나 보전한 경우 또는 추가납부하거나 특허료가 면제된 경우에 특허청장은 특허권을 설정하기 위한 등록을 해야 한다."
49,10-2012-0012421,1020120012421,1020120012421,,10,PR1002,등록료납부,20140617,"특허권의 설정등록을 받으려는 자는 설정등록받으려는 날 부터 3년분의 특허료를 납부한다.특허권의 설정등록을 받고자 하는자 또는 특허권자는 특허료 납부기간이 경과한 후에도 6개월 이내 특허료를 추가 납부할 수 있으며 특허료 추가 납부할 때에는 납부하여야 할 특허료의 2배 이내의 범위에서 납부해야한다. 추가납부기간 이내에 특허료를 납부하지 못한 경우에는 특허권리를 소멸하게 되는데, 이때 특허권자는 추가납부기간 만료일부터 3개월 이내에 특허료의 3배를 납부하고 그 소멸한 권리의 회복을 신청 할 수 있다."
49,10-2012-0012421,1020120012421,1020120012421,,11,PX0701,재심사후 등록결정,20140616,심사관이 거절결정한 출원에 대하여 출원인이 거절결정등본을 송달받은 날부터 30일(법정기간이 연장된 경우에는 그 연장된 때까지) 이내에 명세서 또는 도면을 보정하면 심사관은 보정된 출원을 다시 심사 해야 한다. 심사관은 보정서를 반영하여 재심사한 결과 거절이유를 발견할 수 없는 경우 특허결정을 해야 한다.
49,10-2012-0012421,1020120012421,1020120012421,,12,PR1001,연차료납부,20170526,"특허법 제87조 1항에 따른 특허권의 설정등록을 받으려는 자는 설정등록을 받으려는 날부터 3년분의 특허료를 납부해야 하는데, 그 다음 연도분부터는 특허료를 해당 권리의 설정등록일에 해당하는 날을 기준으로 일정기간 내에 매년 1년분씩 납부함으로써 특허권을 유지한다. 연차료의 납부기간의 종류는 아래와 같다.정상납부기간(정상납부만료일 이전), 추가납부기간(추가납부안내서 발송 이후 6개월), 회복납부기간(권리소멸 시점부터 3개월 이내)"
49,10-2012-0012421,1020120012421,1020120012421,,13,PR1001,연차료납부,20200330,"특허법 제87조 1항에 따른 특허권의 설정등록을 받으려는 자는 설정등록을 받으려는 날부터 3년분의 특허료를 납부해야 하는데, 그 다음 연도분부터는 특허료를 해당 권리의 설정등록일에 해당하는 날을 기준으로 일정기간 내에 매년 1년분씩 납부함으로써 특허권을 유지한다. 연차료의 납부기간의 종류는 아래와 같다.정상납부기간(정상납부만료일 이전), 추가납부기간(추가납부안내서 발송 이후 6개월), 회복납부기간(권리소멸 시점부터 3개월 이내)"
49,10-2012-0012421,1020120012421,1020120012421,,14,PR1001,연차료납부,20230323,"특허법 제87조 1항에 따른 특허권의 설정등록을 받으려는 자는 설정등록을 받으려는 날부터 3년분의 특허료를 납부해야 하는데, 그 다음 연도분부터는 특허료를 해당 권리의 설정등록일에 해당하는 날을 기준으로 일정기간 내에 매년 1년분씩 납부함으로써 특허권을 유지한다. 연차료의 납부기간의 종류는 아래와 같다.정상납부기간(정상납부만료일 이전), 추가납부기간(추가납부안내서 발송 이후 6개월), 회복납부기간(권리소멸 시점부터 3개월 이내)"
50,10-2012-0012424,1020120012424,1020120012424,,1,PA0109,특허출원,20120207,특허를 받고자 하는 자는 특허가 담은 발명에 대한 서류를 작성한 특허출원서를 특허청장에게 제출하여야한다.
50,10-2012-0012424,1020120012424,1020120012424,,2,PE0701,등록결정,20131031,심사관은 특허출원에 대해 거절이유를 발견할 수 없는 경우 특허결정을 해야 한다. 특허결정이 있는 경우 특허청장은 그 특허결정의 등본을 출원인에게 송달해야 한다. 특허결정은 그 결정 등본이 송달된 때에 확정된다.
50,10-2012-0012424,1020120012424,1020120012424,,3,PG1601,등록공고,20131107,특허권은 설정등록에 의해 발생하며 등록이 있는 때는 그 특허에 관하여 특허공보에 게재하여 등록공고를 하여야 한다. 비밀취급을 요하는 특허발명에 대하여는 비밀취급의 해제시까지 등록공고를 보류하며 그 비밀취급이 해제된 때에는 지체없이 등록공고를 하여야 하며 등록공고가 있는 날부터 3월간 출원서류 및 그 부속물건을 공중의 열람에 제공해야 한다.
50,10-2012-0012424,1020120012424,1020120012424,,4,PR1002,등록료납부,20131031,"특허권의 설정등록을 받으려는 자는 설정등록받으려는 날 부터 3년분의 특허료를 납부한다.특허권의 설정등록을 받고자 하는자 또는 특허권자는 특허료 납부기간이 경과한 후에도 6개월 이내 특허료를 추가 납부할 수 있으며 특허료 추가 납부할 때에는 납부하여야 할 특허료의 2배 이내의 범위에서 납부해야한다. 추가납부기간 이내에 특허료를 납부하지 못한 경우에는 특허권리를 소멸하게 되는데, 이때 특허권자는 추가납부기간 만료일부터 3개월 이내에 특허료의 3배를 납부하고 그 소멸한 권리의 회복을 신청 할 수 있다."
50,10-2012-0012424,1020120012424,1020120012424,,5,PA0201,심사청구,20120207,"특허출원 이후 3년 이내에 특허청장에게 그 특허출원에 관하여 출원심사의 청구를 할 수 있고, 다만, 제34조 및 제35조에 따른 정당한 권리자의 특허출원, 분할출원 또는 변경출원에 관하여는 그 기간이 지난 후에도 정당한 권리자가 특허출원을 한 날, 분할출원을 한 날 또는 변경출원을 한 날부터 각각 30일 이내에 출원심사 청구를 할 수 있다. 심사청구가 있을 시에 한하여 특허출원을 심사한다."
50,10-2012-0012424,1020120012424,1020120012424,,6,PE0902,거절이유통지,20130424,심사관은 특허법 제62조(특허거절결정)에 따라 특허거절결정을 하고자 할 때에는 출원인에게 거절이유를 통지하고 기간을 정하여 의견서를 제출할 기회를 주어야 한다. 다만 특허법 제51조(보정각하)에 따라 보정각하결정을 할때는 그러지 아니한다. 심사관이 행하는 거절이유통지는 2종류로 구분되며 그 종류에 따라 출원인이 할 수 있는 명세서 또는 도면의 보정 범위가 다르게 제한된다. 하나는 거절이유통지에 대한 보정에 따라 발생한 거절이유만을 통지하는 거절이유통지(최후거절이유통지)와 다른 하나는 출원인이 처음으로 받거나 최후거절이유통지가 아닌 거절이유통지(최초거절이유통지)를 말한다.
50,10-2012-0012424,1020120012424,1020120012424,,7,PG1501,출원공개,20130816,"출원인의 신청에 의하여 조기공개신청  또는 특허출원 이후 1년 6개월 경과 후 심사여부와 관계없이 출원공개를 해야하며 이는  발명의 공개를 통해 제3자의 중복연구, 중복투자 및 중복출원을 방지하는 한편 기술이용의 기회를 제공한다."
50,10-2012-0012424,1020120012424,1020120012424,,8,PR0701,설정등록,20131031,"특허권은 설정등록에 의해 발생하며, 특허결정이 된 후 출원인이 특허료를 납부하거나 보전한 경우 또는 추가납부하거나 특허료가 면제된 경우에 특허청장은 특허권을 설정하기 위한 등록을 해야 한다."
50,10-2012-0012424,1020120012424,1020120012424,,9,PR1001,연차료납부,20160921,"특허법 제87조 1항에 따른 특허권의 설정등록을 받으려는 자는 설정등록을 받으려는 날부터 3년분의 특허료를 납부해야 하는데, 그 다음 연도분부터는 특허료를 해당 권리의 설정등록일에 해당하는 날을 기준으로 일정기간 내에 매년 1년분씩 납부함으로써 특허권을 유지한다. 연차료의 납부기간의 종류는 아래와 같다.정상납부기간(정상납부만료일 이전), 추가납부기간(추가납부안내서 발송 이후 6개월), 회복납부기간(권리소멸 시점부터 3개월 이내)"
50,10-2012-0012424,1020120012424,1020120012424,,10,PR1001,연차료납부,20190926,"특허법 제87조 1항에 따른 특허권의 설정등록을 받으려는 자는 설정등록을 받으려는 날부터 3년분의 특허료를 납부해야 하는데, 그 다음 연도분부터는 특허료를 해당 권리의 설정등록일에 해당하는 날을 기준으로 일정기간 내에 매년 1년분씩 납부함으로써 특허권을 유지한다. 연차료의 납부기간의 종류는 아래와 같다.정상납부기간(정상납부만료일 이전), 추가납부기간(추가납부안내서 발송 이후 6개월), 회복납부기간(권리소멸 시점부터 3개월 이내)"
51,10-2012-0018945,1020120018945,1020120018945,,1,PA0109,특허출원,20120224,특허를 받고자 하는 자는 특허가 담은 발명에 대한 서류를 작성한 특허출원서를 특허청장에게 제출하여야한다.
51,10-2012-0018945,1020120018945,1020120018945,,2,PE0601,특허거절결정,20130725,심사관은 특허출원이 특허법 제62조 각호의 어느 하나에 해당 할 경우 거절이유 통지 후 거절결정을 해야한다. 다만 거절결정전에 출원인은 심사관의 거절이유통지에 대응하여 의견서를 제출할수 있고 지정한 의견서 제출기간 이내에 보정서를 제출하여 명세서 또는 도면을 보정 할수 있다. 출원인이 의견서를 제출한 경우 제출된 의견서를 반영하여 거절이유가 유지될수 있는지 여부를 다시 심사한다. 만약 의견서 제출기간 이내에 보정서도 같이 제출한 경우에는 해당 보정서에 의한 보정사항을 반영하여 심사한다. 심사관은 의견서 및 보정사항을 반영하여 다시 심사한 후에도 거절이유통지에서 지적한 거절이유가 해소되지 않았다고 인정하는 경우 거절결정을 해야 한다.
51,10-2012-0018945,1020120018945,1020120018945,,4,PG1601,등록공고,20130909,특허권은 설정등록에 의해 발생하며 등록이 있는 때는 그 특허에 관하여 특허공보에 게재하여 등록공고를 하여야 한다. 비밀취급을 요하는 특허발명에 대하여는 비밀취급의 해제시까지 등록공고를 보류하며 그 비밀취급이 해제된 때에는 지체없이 등록공고를 하여야 하며 등록공고가 있는 날부터 3월간 출원서류 및 그 부속물건을 공중의 열람에 제공해야 한다.
51,10-2012-0018945,1020120018945,1020120018945,,5,PR1002,등록료납부,20130903,"특허권의 설정등록을 받으려는 자는 설정등록받으려는 날 부터 3년분의 특허료를 납부한다.특허권의 설정등록을 받고자 하는자 또는 특허권자는 특허료 납부기간이 경과한 후에도 6개월 이내 특허료를 추가 납부할 수 있으며 특허료 추가 납부할 때에는 납부하여야 할 특허료의 2배 이내의 범위에서 납부해야한다. 추가납부기간 이내에 특허료를 납부하지 못한 경우에는 특허권리를 소멸하게 되는데, 이때 특허권자는 추가납부기간 만료일부터 3개월 이내에 특허료의 3배를 납부하고 그 소멸한 권리의 회복을 신청 할 수 있다."
51,10-2012-0018945,1020120018945,1020120018945,,6,PX0701,재심사후 등록결정,20130902,심사관이 거절결정한 출원에 대하여 출원인이 거절결정등본을 송달받은 날부터 30일(법정기간이 연장된 경우에는 그 연장된 때까지) 이내에 명세서 또는 도면을 보정하면 심사관은 보정된 출원을 다시 심사 해야 한다. 심사관은 보정서를 반영하여 재심사한 결과 거절이유를 발견할 수 없는 경우 특허결정을 해야 한다.
51,10-2012-0018945,1020120018945,1020120018945,,7,PX0901,재심사,20130822,심사관이 거절결정한 출원에 대하여 출원인이 거절결정등본을 송달받은 날부터 30일(법정기간이 연장된 경우에는 그 연장된 때까지) 이내에 명세서 또는 도면을 보정하면 심사관은 보정된 출원을 다시 심사 해야 한다. 재심사청구된 경우 종전의 거절결정은 취소된 것으로 보므로 거절결정 전으로 돌아가 보정서가 제출된 통상의 심사와 동일하게 심사를 진행한다. 보정이 적법한 경우 보정사항을 반영하여 특허결정 또는 거절결정 여부를 결정한다. 보정이 부적법해 보정각하가 되면 바로 보정전 명세서를 심사대상으로 하여 심사를 계속 진행한다
51,10-2012-0018945,1020120018945,1020120018945,,8,PA0201,심사청구,20120224,"특허출원 이후 3년 이내에 특허청장에게 그 특허출원에 관하여 출원심사의 청구를 할 수 있고, 다만, 제34조 및 제35조에 따른 정당한 권리자의 특허출원, 분할출원 또는 변경출원에 관하여는 그 기간이 지난 후에도 정당한 권리자가 특허출원을 한 날, 분할출원을 한 날 또는 변경출원을 한 날부터 각각 30일 이내에 출원심사 청구를 할 수 있다. 심사청구가 있을 시에 한하여 특허출원을 심사한다."
51,10-2012-0018945,1020120018945,1020120018945,,9,PE0902,거절이유통지,20130321,심사관은 특허법 제62조(특허거절결정)에 따라 특허거절결정을 하고자 할 때에는 출원인에게 거절이유를 통지하고 기간을 정하여 의견서를 제출할 기회를 주어야 한다. 다만 특허법 제51조(보정각하)에 따라 보정각하결정을 할때는 그러지 아니한다. 심사관이 행하는 거절이유통지는 2종류로 구분되며 그 종류에 따라 출원인이 할 수 있는 명세서 또는 도면의 보정 범위가 다르게 제한된다. 하나는 거절이유통지에 대한 보정에 따라 발생한 거절이유만을 통지하는 거절이유통지(최후거절이유통지)와 다른 하나는 출원인이 처음으로 받거나 최후거절이유통지가 아닌 거절이유통지(최초거절이유통지)를 말한다.
51,10-2012-0018945,1020120018945,1020120018945,,10,PG1501,출원공개,20130903,"출원인의 신청에 의하여 조기공개신청  또는 특허출원 이후 1년 6개월 경과 후 심사여부와 관계없이 출원공개를 해야하며 이는  발명의 공개를 통해 제3자의 중복연구, 중복투자 및 중복출원을 방지하는 한편 기술이용의 기회를 제공한다."
51,10-2012-0018945,1020120018945,1020120018945,,11,PR0701,설정등록,20130903,"특허권은 설정등록에 의해 발생하며, 특허결정이 된 후 출원인이 특허료를 납부하거나 보전한 경우 또는 추가납부하거나 특허료가 면제된 경우에 특허청장은 특허권을 설정하기 위한 등록을 해야 한다."
51,10-2012-0018945,1020120018945,1020120018945,,12,PA0107,특허분할출원,20130822,하나의 특허출원에 2이상의 발명이 포함되는 경우 해당 출원발명을 분할하여 새로운 특허로 출원할 수 있다.
51,10-2012-0018945,1020120018945,1020120018945,,13,PR1001,연차료납부,20160630,"특허법 제87조 1항에 따른 특허권의 설정등록을 받으려는 자는 설정등록을 받으려는 날부터 3년분의 특허료를 납부해야 하는데, 그 다음 연도분부터는 특허료를 해당 권리의 설정등록일에 해당하는 날을 기준으로 일정기간 내에 매년 1년분씩 납부함으로써 특허권을 유지한다. 연차료의 납부기간의 종류는 아래와 같다.정상납부기간(정상납부만료일 이전), 추가납부기간(추가납부안내서 발송 이후 6개월), 회복납부기간(권리소멸 시점부터 3개월 이내)"
51,10-2012-0018945,1020120018945,1020120018945,,14,PR1001,연차료납부,20170626,"특허법 제87조 1항에 따른 특허권의 설정등록을 받으려는 자는 설정등록을 받으려는 날부터 3년분의 특허료를 납부해야 하는데, 그 다음 연도분부터는 특허료를 해당 권리의 설정등록일에 해당하는 날을 기준으로 일정기간 내에 매년 1년분씩 납부함으로써 특허권을 유지한다. 연차료의 납부기간의 종류는 아래와 같다.정상납부기간(정상납부만료일 이전), 추가납부기간(추가납부안내서 발송 이후 6개월), 회복납부기간(권리소멸 시점부터 3개월 이내)"
51,10-2012-0018945,1020120018945,1020120018945,,15,PR1001,연차료납부,20180625,"특허법 제87조 1항에 따른 특허권의 설정등록을 받으려는 자는 설정등록을 받으려는 날부터 3년분의 특허료를 납부해야 하는데, 그 다음 연도분부터는 특허료를 해당 권리의 설정등록일에 해당하는 날을 기준으로 일정기간 내에 매년 1년분씩 납부함으로써 특허권을 유지한다. 연차료의 납부기간의 종류는 아래와 같다.정상납부기간(정상납부만료일 이전), 추가납부기간(추가납부안내서 발송 이후 6개월), 회복납부기간(권리소멸 시점부터 3개월 이내)"
51,10-2012-0018945,1020120018945,1020120018945,,16,PR1001,연차료납부,20190625,"특허법 제87조 1항에 따른 특허권의 설정등록을 받으려는 자는 설정등록을 받으려는 날부터 3년분의 특허료를 납부해야 하는데, 그 다음 연도분부터는 특허료를 해당 권리의 설정등록일에 해당하는 날을 기준으로 일정기간 내에 매년 1년분씩 납부함으로써 특허권을 유지한다. 연차료의 납부기간의 종류는 아래와 같다.정상납부기간(정상납부만료일 이전), 추가납부기간(추가납부안내서 발송 이후 6개월), 회복납부기간(권리소멸 시점부터 3개월 이내)"
51,10-2012-0018945,1020120018945,1020120018945,,17,PR1001,연차료납부,20200625,"특허법 제87조 1항에 따른 특허권의 설정등록을 받으려는 자는 설정등록을 받으려는 날부터 3년분의 특허료를 납부해야 하는데, 그 다음 연도분부터는 특허료를 해당 권리의 설정등록일에 해당하는 날을 기준으로 일정기간 내에 매년 1년분씩 납부함으로써 특허권을 유지한다. 연차료의 납부기간의 종류는 아래와 같다.정상납부기간(정상납부만료일 이전), 추가납부기간(추가납부안내서 발송 이후 6개월), 회복납부기간(권리소멸 시점부터 3개월 이내)"
51,10-2012-0018945,1020120018945,1020120018945,,18,PR1001,연차료납부,20220630,"특허법 제87조 1항에 따른 특허권의 설정등록을 받으려는 자는 설정등록을 받으려는 날부터 3년분의 특허료를 납부해야 하는데, 그 다음 연도분부터는 특허료를 해당 권리의 설정등록일에 해당하는 날을 기준으로 일정기간 내에 매년 1년분씩 납부함으로써 특허권을 유지한다. 연차료의 납부기간의 종류는 아래와 같다.정상납부기간(정상납부만료일 이전), 추가납부기간(추가납부안내서 발송 이후 6개월), 회복납부기간(권리소멸 시점부터 3개월 이내)"
52,10-2012-0018947,1020120018947,1020120018947,,1,PA0107,특허분할출원,20130822,하나의 특허출원에 2이상의 발명이 포함되는 경우 해당 출원발명을 분할하여 새로운 특허로 출원할 수 있다.
52,10-2012-0018947,1020120018947,1020120018947,,2,PA0109,특허출원,20120224,특허를 받고자 하는 자는 특허가 담은 발명에 대한 서류를 작성한 특허출원서를 특허청장에게 제출하여야한다.
52,10-2012-0018947,1020120018947,1020120018947,,3,PE0601,특허거절결정,20130725,심사관은 특허출원이 특허법 제62조 각호의 어느 하나에 해당 할 경우 거절이유 통지 후 거절결정을 해야한다. 다만 거절결정전에 출원인은 심사관의 거절이유통지에 대응하여 의견서를 제출할수 있고 지정한 의견서 제출기간 이내에 보정서를 제출하여 명세서 또는 도면을 보정 할수 있다. 출원인이 의견서를 제출한 경우 제출된 의견서를 반영하여 거절이유가 유지될수 있는지 여부를 다시 심사한다. 만약 의견서 제출기간 이내에 보정서도 같이 제출한 경우에는 해당 보정서에 의한 보정사항을 반영하여 심사한다. 심사관은 의견서 및 보정사항을 반영하여 다시 심사한 후에도 거절이유통지에서 지적한 거절이유가 해소되지 않았다고 인정하는 경우 거절결정을 해야 한다.
52,10-2012-0018947,1020120018947,1020120018947,,5,PG1601,등록공고,20130909,특허권은 설정등록에 의해 발생하며 등록이 있는 때는 그 특허에 관하여 특허공보에 게재하여 등록공고를 하여야 한다. 비밀취급을 요하는 특허발명에 대하여는 비밀취급의 해제시까지 등록공고를 보류하며 그 비밀취급이 해제된 때에는 지체없이 등록공고를 하여야 하며 등록공고가 있는 날부터 3월간 출원서류 및 그 부속물건을 공중의 열람에 제공해야 한다.
52,10-2012-0018947,1020120018947,1020120018947,,6,PR1002,등록료납부,20130903,"특허권의 설정등록을 받으려는 자는 설정등록받으려는 날 부터 3년분의 특허료를 납부한다.특허권의 설정등록을 받고자 하는자 또는 특허권자는 특허료 납부기간이 경과한 후에도 6개월 이내 특허료를 추가 납부할 수 있으며 특허료 추가 납부할 때에는 납부하여야 할 특허료의 2배 이내의 범위에서 납부해야한다. 추가납부기간 이내에 특허료를 납부하지 못한 경우에는 특허권리를 소멸하게 되는데, 이때 특허권자는 추가납부기간 만료일부터 3개월 이내에 특허료의 3배를 납부하고 그 소멸한 권리의 회복을 신청 할 수 있다."
52,10-2012-0018947,1020120018947,1020120018947,,7,PX0701,재심사후 등록결정,20130902,심사관이 거절결정한 출원에 대하여 출원인이 거절결정등본을 송달받은 날부터 30일(법정기간이 연장된 경우에는 그 연장된 때까지) 이내에 명세서 또는 도면을 보정하면 심사관은 보정된 출원을 다시 심사 해야 한다. 심사관은 보정서를 반영하여 재심사한 결과 거절이유를 발견할 수 없는 경우 특허결정을 해야 한다.
52,10-2012-0018947,1020120018947,1020120018947,,8,PX0901,재심사,20130822,심사관이 거절결정한 출원에 대하여 출원인이 거절결정등본을 송달받은 날부터 30일(법정기간이 연장된 경우에는 그 연장된 때까지) 이내에 명세서 또는 도면을 보정하면 심사관은 보정된 출원을 다시 심사 해야 한다. 재심사청구된 경우 종전의 거절결정은 취소된 것으로 보므로 거절결정 전으로 돌아가 보정서가 제출된 통상의 심사와 동일하게 심사를 진행한다. 보정이 적법한 경우 보정사항을 반영하여 특허결정 또는 거절결정 여부를 결정한다. 보정이 부적법해 보정각하가 되면 바로 보정전 명세서를 심사대상으로 하여 심사를 계속 진행한다
52,10-2012-0018947,1020120018947,1020120018947,,9,PA0201,심사청구,20120224,"특허출원 이후 3년 이내에 특허청장에게 그 특허출원에 관하여 출원심사의 청구를 할 수 있고, 다만, 제34조 및 제35조에 따른 정당한 권리자의 특허출원, 분할출원 또는 변경출원에 관하여는 그 기간이 지난 후에도 정당한 권리자가 특허출원을 한 날, 분할출원을 한 날 또는 변경출원을 한 날부터 각각 30일 이내에 출원심사 청구를 할 수 있다. 심사청구가 있을 시에 한하여 특허출원을 심사한다."
52,10-2012-0018947,1020120018947,1020120018947,,10,PE0902,거절이유통지,20130321,심사관은 특허법 제62조(특허거절결정)에 따라 특허거절결정을 하고자 할 때에는 출원인에게 거절이유를 통지하고 기간을 정하여 의견서를 제출할 기회를 주어야 한다. 다만 특허법 제51조(보정각하)에 따라 보정각하결정을 할때는 그러지 아니한다. 심사관이 행하는 거절이유통지는 2종류로 구분되며 그 종류에 따라 출원인이 할 수 있는 명세서 또는 도면의 보정 범위가 다르게 제한된다. 하나는 거절이유통지에 대한 보정에 따라 발생한 거절이유만을 통지하는 거절이유통지(최후거절이유통지)와 다른 하나는 출원인이 처음으로 받거나 최후거절이유통지가 아닌 거절이유통지(최초거절이유통지)를 말한다.
52,10-2012-0018947,1020120018947,1020120018947,,11,PG1501,출원공개,20130903,"출원인의 신청에 의하여 조기공개신청  또는 특허출원 이후 1년 6개월 경과 후 심사여부와 관계없이 출원공개를 해야하며 이는  발명의 공개를 통해 제3자의 중복연구, 중복투자 및 중복출원을 방지하는 한편 기술이용의 기회를 제공한다."
52,10-2012-0018947,1020120018947,1020120018947,,12,PR0701,설정등록,20130903,"특허권은 설정등록에 의해 발생하며, 특허결정이 된 후 출원인이 특허료를 납부하거나 보전한 경우 또는 추가납부하거나 특허료가 면제된 경우에 특허청장은 특허권을 설정하기 위한 등록을 해야 한다."
52,10-2012-0018947,1020120018947,1020120018947,,13,PR1001,연차료납부,20160630,"특허법 제87조 1항에 따른 특허권의 설정등록을 받으려는 자는 설정등록을 받으려는 날부터 3년분의 특허료를 납부해야 하는데, 그 다음 연도분부터는 특허료를 해당 권리의 설정등록일에 해당하는 날을 기준으로 일정기간 내에 매년 1년분씩 납부함으로써 특허권을 유지한다. 연차료의 납부기간의 종류는 아래와 같다.정상납부기간(정상납부만료일 이전), 추가납부기간(추가납부안내서 발송 이후 6개월), 회복납부기간(권리소멸 시점부터 3개월 이내)"
52,10-2012-0018947,1020120018947,1020120018947,,14,PR1001,연차료납부,20170626,"특허법 제87조 1항에 따른 특허권의 설정등록을 받으려는 자는 설정등록을 받으려는 날부터 3년분의 특허료를 납부해야 하는데, 그 다음 연도분부터는 특허료를 해당 권리의 설정등록일에 해당하는 날을 기준으로 일정기간 내에 매년 1년분씩 납부함으로써 특허권을 유지한다. 연차료의 납부기간의 종류는 아래와 같다.정상납부기간(정상납부만료일 이전), 추가납부기간(추가납부안내서 발송 이후 6개월), 회복납부기간(권리소멸 시점부터 3개월 이내)"
52,10-2012-0018947,1020120018947,1020120018947,,15,PR1001,연차료납부,20180625,"특허법 제87조 1항에 따른 특허권의 설정등록을 받으려는 자는 설정등록을 받으려는 날부터 3년분의 특허료를 납부해야 하는데, 그 다음 연도분부터는 특허료를 해당 권리의 설정등록일에 해당하는 날을 기준으로 일정기간 내에 매년 1년분씩 납부함으로써 특허권을 유지한다. 연차료의 납부기간의 종류는 아래와 같다.정상납부기간(정상납부만료일 이전), 추가납부기간(추가납부안내서 발송 이후 6개월), 회복납부기간(권리소멸 시점부터 3개월 이내)"
52,10-2012-0018947,1020120018947,1020120018947,,16,PR1001,연차료납부,20190625,"특허법 제87조 1항에 따른 특허권의 설정등록을 받으려는 자는 설정등록을 받으려는 날부터 3년분의 특허료를 납부해야 하는데, 그 다음 연도분부터는 특허료를 해당 권리의 설정등록일에 해당하는 날을 기준으로 일정기간 내에 매년 1년분씩 납부함으로써 특허권을 유지한다. 연차료의 납부기간의 종류는 아래와 같다.정상납부기간(정상납부만료일 이전), 추가납부기간(추가납부안내서 발송 이후 6개월), 회복납부기간(권리소멸 시점부터 3개월 이내)"
52,10-2012-0018947,1020120018947,1020120018947,,17,PR1001,연차료납부,20200625,"특허법 제87조 1항에 따른 특허권의 설정등록을 받으려는 자는 설정등록을 받으려는 날부터 3년분의 특허료를 납부해야 하는데, 그 다음 연도분부터는 특허료를 해당 권리의 설정등록일에 해당하는 날을 기준으로 일정기간 내에 매년 1년분씩 납부함으로써 특허권을 유지한다. 연차료의 납부기간의 종류는 아래와 같다.정상납부기간(정상납부만료일 이전), 추가납부기간(추가납부안내서 발송 이후 6개월), 회복납부기간(권리소멸 시점부터 3개월 이내)"
52,10-2012-0018947,1020120018947,1020120018947,,18,PR1001,연차료납부,20220630,"특허법 제87조 1항에 따른 특허권의 설정등록을 받으려는 자는 설정등록을 받으려는 날부터 3년분의 특허료를 납부해야 하는데, 그 다음 연도분부터는 특허료를 해당 권리의 설정등록일에 해당하는 날을 기준으로 일정기간 내에 매년 1년분씩 납부함으로써 특허권을 유지한다. 연차료의 납부기간의 종류는 아래와 같다.정상납부기간(정상납부만료일 이전), 추가납부기간(추가납부안내서 발송 이후 6개월), 회복납부기간(권리소멸 시점부터 3개월 이내)"
53,10-2012-0040840,1020120040840,1020120040840,,1,PA0109,특허출원,20120419,특허를 받고자 하는 자는 특허가 담은 발명에 대한 서류를 작성한 특허출원서를 특허청장에게 제출하여야한다.
53,10-2012-0040840,1020120040840,1020120040840,,2,PE0601,특허거절결정,20140224,심사관은 특허출원이 특허법 제62조 각호의 어느 하나에 해당 할 경우 거절이유 통지 후 거절결정을 해야한다. 다만 거절결정전에 출원인은 심사관의 거절이유통지에 대응하여 의견서를 제출할수 있고 지정한 의견서 제출기간 이내에 보정서를 제출하여 명세서 또는 도면을 보정 할수 있다. 출원인이 의견서를 제출한 경우 제출된 의견서를 반영하여 거절이유가 유지될수 있는지 여부를 다시 심사한다. 만약 의견서 제출기간 이내에 보정서도 같이 제출한 경우에는 해당 보정서에 의한 보정사항을 반영하여 심사한다. 심사관은 의견서 및 보정사항을 반영하여 다시 심사한 후에도 거절이유통지에서 지적한 거절이유가 해소되지 않았다고 인정하는 경우 거절결정을 해야 한다.
53,10-2012-0040840,1020120040840,1020120040840,,3,PX0901,재심사,20140324,심사관이 거절결정한 출원에 대하여 출원인이 거절결정등본을 송달받은 날부터 30일(법정기간이 연장된 경우에는 그 연장된 때까지) 이내에 명세서 또는 도면을 보정하면 심사관은 보정된 출원을 다시 심사 해야 한다. 재심사청구된 경우 종전의 거절결정은 취소된 것으로 보므로 거절결정 전으로 돌아가 보정서가 제출된 통상의 심사와 동일하게 심사를 진행한다. 보정이 적법한 경우 보정사항을 반영하여 특허결정 또는 거절결정 여부를 결정한다. 보정이 부적법해 보정각하가 되면 바로 보정전 명세서를 심사대상으로 하여 심사를 계속 진행한다
53,10-2012-0040840,1020120040840,1020120040840,,4,PA0201,심사청구,20120419,"특허출원 이후 3년 이내에 특허청장에게 그 특허출원에 관하여 출원심사의 청구를 할 수 있고, 다만, 제34조 및 제35조에 따른 정당한 권리자의 특허출원, 분할출원 또는 변경출원에 관하여는 그 기간이 지난 후에도 정당한 권리자가 특허출원을 한 날, 분할출원을 한 날 또는 변경출원을 한 날부터 각각 30일 이내에 출원심사 청구를 할 수 있다. 심사청구가 있을 시에 한하여 특허출원을 심사한다."
53,10-2012-0040840,1020120040840,1020120040840,,5,PE0902,거절이유통지,20130808,심사관은 특허법 제62조(특허거절결정)에 따라 특허거절결정을 하고자 할 때에는 출원인에게 거절이유를 통지하고 기간을 정하여 의견서를 제출할 기회를 주어야 한다. 다만 특허법 제51조(보정각하)에 따라 보정각하결정을 할때는 그러지 아니한다. 심사관이 행하는 거절이유통지는 2종류로 구분되며 그 종류에 따라 출원인이 할 수 있는 명세서 또는 도면의 보정 범위가 다르게 제한된다. 하나는 거절이유통지에 대한 보정에 따라 발생한 거절이유만을 통지하는 거절이유통지(최후거절이유통지)와 다른 하나는 출원인이 처음으로 받거나 최후거절이유통지가 아닌 거절이유통지(최초거절이유통지)를 말한다.
53,10-2012-0040840,1020120040840,1020120040840,,6,PG1501,출원공개,20131029,"출원인의 신청에 의하여 조기공개신청  또는 특허출원 이후 1년 6개월 경과 후 심사여부와 관계없이 출원공개를 해야하며 이는  발명의 공개를 통해 제3자의 중복연구, 중복투자 및 중복출원을 방지하는 한편 기술이용의 기회를 제공한다."
53,10-2012-0040840,1020120040840,1020120040840,,7,PG1601,등록공고,20140516,특허권은 설정등록에 의해 발생하며 등록이 있는 때는 그 특허에 관하여 특허공보에 게재하여 등록공고를 하여야 한다. 비밀취급을 요하는 특허발명에 대하여는 비밀취급의 해제시까지 등록공고를 보류하며 그 비밀취급이 해제된 때에는 지체없이 등록공고를 하여야 하며 등록공고가 있는 날부터 3월간 출원서류 및 그 부속물건을 공중의 열람에 제공해야 한다.
53,10-2012-0040840,1020120040840,1020120040840,,8,PR0701,설정등록,20140509,"특허권은 설정등록에 의해 발생하며, 특허결정이 된 후 출원인이 특허료를 납부하거나 보전한 경우 또는 추가납부하거나 특허료가 면제된 경우에 특허청장은 특허권을 설정하기 위한 등록을 해야 한다."
53,10-2012-0040840,1020120040840,1020120040840,,9,PR1002,등록료납부,20140509,"특허권의 설정등록을 받으려는 자는 설정등록받으려는 날 부터 3년분의 특허료를 납부한다.특허권의 설정등록을 받고자 하는자 또는 특허권자는 특허료 납부기간이 경과한 후에도 6개월 이내 특허료를 추가 납부할 수 있으며 특허료 추가 납부할 때에는 납부하여야 할 특허료의 2배 이내의 범위에서 납부해야한다. 추가납부기간 이내에 특허료를 납부하지 못한 경우에는 특허권리를 소멸하게 되는데, 이때 특허권자는 추가납부기간 만료일부터 3개월 이내에 특허료의 3배를 납부하고 그 소멸한 권리의 회복을 신청 할 수 있다."
53,10-2012-0040840,1020120040840,1020120040840,,10,PX0701,재심사후 등록결정,20140428,심사관이 거절결정한 출원에 대하여 출원인이 거절결정등본을 송달받은 날부터 30일(법정기간이 연장된 경우에는 그 연장된 때까지) 이내에 명세서 또는 도면을 보정하면 심사관은 보정된 출원을 다시 심사 해야 한다. 심사관은 보정서를 반영하여 재심사한 결과 거절이유를 발견할 수 없는 경우 특허결정을 해야 한다.
53,10-2012-0040840,1020120040840,1020120040840,,11,PR1001,연차료납부,20170418,"특허법 제87조 1항에 따른 특허권의 설정등록을 받으려는 자는 설정등록을 받으려는 날부터 3년분의 특허료를 납부해야 하는데, 그 다음 연도분부터는 특허료를 해당 권리의 설정등록일에 해당하는 날을 기준으로 일정기간 내에 매년 1년분씩 납부함으로써 특허권을 유지한다. 연차료의 납부기간의 종류는 아래와 같다.정상납부기간(정상납부만료일 이전), 추가납부기간(추가납부안내서 발송 이후 6개월), 회복납부기간(권리소멸 시점부터 3개월 이내)"
53,10-2012-0040840,1020120040840,1020120040840,,12,PR1001,연차료납부,20200330,"특허법 제87조 1항에 따른 특허권의 설정등록을 받으려는 자는 설정등록을 받으려는 날부터 3년분의 특허료를 납부해야 하는데, 그 다음 연도분부터는 특허료를 해당 권리의 설정등록일에 해당하는 날을 기준으로 일정기간 내에 매년 1년분씩 납부함으로써 특허권을 유지한다. 연차료의 납부기간의 종류는 아래와 같다.정상납부기간(정상납부만료일 이전), 추가납부기간(추가납부안내서 발송 이후 6개월), 회복납부기간(권리소멸 시점부터 3개월 이내)"
53,10-2012-0040840,1020120040840,1020120040840,,13,PR1001,연차료납부,20230323,"특허법 제87조 1항에 따른 특허권의 설정등록을 받으려는 자는 설정등록을 받으려는 날부터 3년분의 특허료를 납부해야 하는데, 그 다음 연도분부터는 특허료를 해당 권리의 설정등록일에 해당하는 날을 기준으로 일정기간 내에 매년 1년분씩 납부함으로써 특허권을 유지한다. 연차료의 납부기간의 종류는 아래와 같다.정상납부기간(정상납부만료일 이전), 추가납부기간(추가납부안내서 발송 이후 6개월), 회복납부기간(권리소멸 시점부터 3개월 이내)"
54,10-2012-0044492,1020120044492,1020120044492,,1,PA0109,특허출원,20120427,특허를 받고자 하는 자는 특허가 담은 발명에 대한 서류를 작성한 특허출원서를 특허청장에게 제출하여야한다.
54,10-2012-0044492,1020120044492,1020120044492,,2,PE0701,등록결정,20130913,심사관은 특허출원에 대해 거절이유를 발견할 수 없는 경우 특허결정을 해야 한다. 특허결정이 있는 경우 특허청장은 그 특허결정의 등본을 출원인에게 송달해야 한다. 특허결정은 그 결정 등본이 송달된 때에 확정된다.
54,10-2012-0044492,1020120044492,1020120044492,,3,PG1601,등록공고,20130926,특허권은 설정등록에 의해 발생하며 등록이 있는 때는 그 특허에 관하여 특허공보에 게재하여 등록공고를 하여야 한다. 비밀취급을 요하는 특허발명에 대하여는 비밀취급의 해제시까지 등록공고를 보류하며 그 비밀취급이 해제된 때에는 지체없이 등록공고를 하여야 하며 등록공고가 있는 날부터 3월간 출원서류 및 그 부속물건을 공중의 열람에 제공해야 한다.
54,10-2012-0044492,1020120044492,1020120044492,,4,PR1002,등록료납부,20130917,"특허권의 설정등록을 받으려는 자는 설정등록받으려는 날 부터 3년분의 특허료를 납부한다.특허권의 설정등록을 받고자 하는자 또는 특허권자는 특허료 납부기간이 경과한 후에도 6개월 이내 특허료를 추가 납부할 수 있으며 특허료 추가 납부할 때에는 납부하여야 할 특허료의 2배 이내의 범위에서 납부해야한다. 추가납부기간 이내에 특허료를 납부하지 못한 경우에는 특허권리를 소멸하게 되는데, 이때 특허권자는 추가납부기간 만료일부터 3개월 이내에 특허료의 3배를 납부하고 그 소멸한 권리의 회복을 신청 할 수 있다."
54,10-2012-0044492,1020120044492,1020120044492,,5,PA0201,심사청구,20120427,"특허출원 이후 3년 이내에 특허청장에게 그 특허출원에 관하여 출원심사의 청구를 할 수 있고, 다만, 제34조 및 제35조에 따른 정당한 권리자의 특허출원, 분할출원 또는 변경출원에 관하여는 그 기간이 지난 후에도 정당한 권리자가 특허출원을 한 날, 분할출원을 한 날 또는 변경출원을 한 날부터 각각 30일 이내에 출원심사 청구를 할 수 있다. 심사청구가 있을 시에 한하여 특허출원을 심사한다."
54,10-2012-0044492,1020120044492,1020120044492,,6,PE0902,거절이유통지,20130527,심사관은 특허법 제62조(특허거절결정)에 따라 특허거절결정을 하고자 할 때에는 출원인에게 거절이유를 통지하고 기간을 정하여 의견서를 제출할 기회를 주어야 한다. 다만 특허법 제51조(보정각하)에 따라 보정각하결정을 할때는 그러지 아니한다. 심사관이 행하는 거절이유통지는 2종류로 구분되며 그 종류에 따라 출원인이 할 수 있는 명세서 또는 도면의 보정 범위가 다르게 제한된다. 하나는 거절이유통지에 대한 보정에 따라 발생한 거절이유만을 통지하는 거절이유통지(최후거절이유통지)와 다른 하나는 출원인이 처음으로 받거나 최후거절이유통지가 아닌 거절이유통지(최초거절이유통지)를 말한다.
54,10-2012-0044492,1020120044492,1020120044492,,7,PR0701,설정등록,20130917,"특허권은 설정등록에 의해 발생하며, 특허결정이 된 후 출원인이 특허료를 납부하거나 보전한 경우 또는 추가납부하거나 특허료가 면제된 경우에 특허청장은 특허권을 설정하기 위한 등록을 해야 한다."
54,10-2012-0044492,1020120044492,1020120044492,,8,PR1001,연차료납부,20160819,"특허법 제87조 1항에 따른 특허권의 설정등록을 받으려는 자는 설정등록을 받으려는 날부터 3년분의 특허료를 납부해야 하는데, 그 다음 연도분부터는 특허료를 해당 권리의 설정등록일에 해당하는 날을 기준으로 일정기간 내에 매년 1년분씩 납부함으로써 특허권을 유지한다. 연차료의 납부기간의 종류는 아래와 같다.정상납부기간(정상납부만료일 이전), 추가납부기간(추가납부안내서 발송 이후 6개월), 회복납부기간(권리소멸 시점부터 3개월 이내)"
54,10-2012-0044492,1020120044492,1020120044492,,9,PR1001,연차료납부,20190701,"특허법 제87조 1항에 따른 특허권의 설정등록을 받으려는 자는 설정등록을 받으려는 날부터 3년분의 특허료를 납부해야 하는데, 그 다음 연도분부터는 특허료를 해당 권리의 설정등록일에 해당하는 날을 기준으로 일정기간 내에 매년 1년분씩 납부함으로써 특허권을 유지한다. 연차료의 납부기간의 종류는 아래와 같다.정상납부기간(정상납부만료일 이전), 추가납부기간(추가납부안내서 발송 이후 6개월), 회복납부기간(권리소멸 시점부터 3개월 이내)"
54,10-2012-0044492,1020120044492,1020120044492,,10,PR1001,연차료납부,20250619,"특허법 제87조 1항에 따른 특허권의 설정등록을 받으려는 자는 설정등록을 받으려는 날부터 3년분의 특허료를 납부해야 하는데, 그 다음 연도분부터는 특허료를 해당 권리의 설정등록일에 해당하는 날을 기준으로 일정기간 내에 매년 1년분씩 납부함으로써 특허권을 유지한다. 연차료의 납부기간의 종류는 아래와 같다.정상납부기간(정상납부만료일 이전), 추가납부기간(추가납부안내서 발송 이후 6개월), 회복납부기간(권리소멸 시점부터 3개월 이내)"
55,10-2012-0054739,1020120054739,1020120054739,,1,PA0109,특허출원,20120523,특허를 받고자 하는 자는 특허가 담은 발명에 대한 서류를 작성한 특허출원서를 특허청장에게 제출하여야한다.
55,10-2012-0054739,1020120054739,1020120054739,,2,PE0701,등록결정,20140224,심사관은 특허출원에 대해 거절이유를 발견할 수 없는 경우 특허결정을 해야 한다. 특허결정이 있는 경우 특허청장은 그 특허결정의 등본을 출원인에게 송달해야 한다. 특허결정은 그 결정 등본이 송달된 때에 확정된다.
55,10-2012-0054739,1020120054739,1020120054739,,3,PG1601,등록공고,20140306,특허권은 설정등록에 의해 발생하며 등록이 있는 때는 그 특허에 관하여 특허공보에 게재하여 등록공고를 하여야 한다. 비밀취급을 요하는 특허발명에 대하여는 비밀취급의 해제시까지 등록공고를 보류하며 그 비밀취급이 해제된 때에는 지체없이 등록공고를 하여야 하며 등록공고가 있는 날부터 3월간 출원서류 및 그 부속물건을 공중의 열람에 제공해야 한다.
55,10-2012-0054739,1020120054739,1020120054739,,4,PR1002,등록료납부,20140225,"특허권의 설정등록을 받으려는 자는 설정등록받으려는 날 부터 3년분의 특허료를 납부한다.특허권의 설정등록을 받고자 하는자 또는 특허권자는 특허료 납부기간이 경과한 후에도 6개월 이내 특허료를 추가 납부할 수 있으며 특허료 추가 납부할 때에는 납부하여야 할 특허료의 2배 이내의 범위에서 납부해야한다. 추가납부기간 이내에 특허료를 납부하지 못한 경우에는 특허권리를 소멸하게 되는데, 이때 특허권자는 추가납부기간 만료일부터 3개월 이내에 특허료의 3배를 납부하고 그 소멸한 권리의 회복을 신청 할 수 있다."
55,10-2012-0054739,1020120054739,1020120054739,,5,PA0201,심사청구,20120523,"특허출원 이후 3년 이내에 특허청장에게 그 특허출원에 관하여 출원심사의 청구를 할 수 있고, 다만, 제34조 및 제35조에 따른 정당한 권리자의 특허출원, 분할출원 또는 변경출원에 관하여는 그 기간이 지난 후에도 정당한 권리자가 특허출원을 한 날, 분할출원을 한 날 또는 변경출원을 한 날부터 각각 30일 이내에 출원심사 청구를 할 수 있다. 심사청구가 있을 시에 한하여 특허출원을 심사한다."
55,10-2012-0054739,1020120054739,1020120054739,,6,PE0902,거절이유통지,20130913,심사관은 특허법 제62조(특허거절결정)에 따라 특허거절결정을 하고자 할 때에는 출원인에게 거절이유를 통지하고 기간을 정하여 의견서를 제출할 기회를 주어야 한다. 다만 특허법 제51조(보정각하)에 따라 보정각하결정을 할때는 그러지 아니한다. 심사관이 행하는 거절이유통지는 2종류로 구분되며 그 종류에 따라 출원인이 할 수 있는 명세서 또는 도면의 보정 범위가 다르게 제한된다. 하나는 거절이유통지에 대한 보정에 따라 발생한 거절이유만을 통지하는 거절이유통지(최후거절이유통지)와 다른 하나는 출원인이 처음으로 받거나 최후거절이유통지가 아닌 거절이유통지(최초거절이유통지)를 말한다.
55,10-2012-0054739,1020120054739,1020120054739,,7,PG1501,출원공개,20131203,"출원인의 신청에 의하여 조기공개신청  또는 특허출원 이후 1년 6개월 경과 후 심사여부와 관계없이 출원공개를 해야하며 이는  발명의 공개를 통해 제3자의 중복연구, 중복투자 및 중복출원을 방지하는 한편 기술이용의 기회를 제공한다."
55,10-2012-0054739,1020120054739,1020120054739,,8,PR0701,설정등록,20140225,"특허권은 설정등록에 의해 발생하며, 특허결정이 된 후 출원인이 특허료를 납부하거나 보전한 경우 또는 추가납부하거나 특허료가 면제된 경우에 특허청장은 특허권을 설정하기 위한 등록을 해야 한다."
55,10-2012-0054739,1020120054739,1020120054739,,9,PR1001,연차료납부,20170112,"특허법 제87조 1항에 따른 특허권의 설정등록을 받으려는 자는 설정등록을 받으려는 날부터 3년분의 특허료를 납부해야 하는데, 그 다음 연도분부터는 특허료를 해당 권리의 설정등록일에 해당하는 날을 기준으로 일정기간 내에 매년 1년분씩 납부함으로써 특허권을 유지한다. 연차료의 납부기간의 종류는 아래와 같다.정상납부기간(정상납부만료일 이전), 추가납부기간(추가납부안내서 발송 이후 6개월), 회복납부기간(권리소멸 시점부터 3개월 이내)"
55,10-2012-0054739,1020120054739,1020120054739,,10,PR1001,연차료납부,20191226,"특허법 제87조 1항에 따른 특허권의 설정등록을 받으려는 자는 설정등록을 받으려는 날부터 3년분의 특허료를 납부해야 하는데, 그 다음 연도분부터는 특허료를 해당 권리의 설정등록일에 해당하는 날을 기준으로 일정기간 내에 매년 1년분씩 납부함으로써 특허권을 유지한다. 연차료의 납부기간의 종류는 아래와 같다.정상납부기간(정상납부만료일 이전), 추가납부기간(추가납부안내서 발송 이후 6개월), 회복납부기간(권리소멸 시점부터 3개월 이내)"
56,10-2012-0063157,1020120063157,1020120063157,,1,PA0109,특허출원,20120613,특허를 받고자 하는 자는 특허가 담은 발명에 대한 서류를 작성한 특허출원서를 특허청장에게 제출하여야한다.
56,10-2012-0063157,1020120063157,1020120063157,,2,PE0701,등록결정,20140220,심사관은 특허출원에 대해 거절이유를 발견할 수 없는 경우 특허결정을 해야 한다. 특허결정이 있는 경우 특허청장은 그 특허결정의 등본을 출원인에게 송달해야 한다. 특허결정은 그 결정 등본이 송달된 때에 확정된다.
56,10-2012-0063157,1020120063157,1020120063157,,3,PG1601,등록공고,20140228,특허권은 설정등록에 의해 발생하며 등록이 있는 때는 그 특허에 관하여 특허공보에 게재하여 등록공고를 하여야 한다. 비밀취급을 요하는 특허발명에 대하여는 비밀취급의 해제시까지 등록공고를 보류하며 그 비밀취급이 해제된 때에는 지체없이 등록공고를 하여야 하며 등록공고가 있는 날부터 3월간 출원서류 및 그 부속물건을 공중의 열람에 제공해야 한다.
56,10-2012-0063157,1020120063157,1020120063157,,4,PR1002,등록료납부,20140221,"특허권의 설정등록을 받으려는 자는 설정등록받으려는 날 부터 3년분의 특허료를 납부한다.특허권의 설정등록을 받고자 하는자 또는 특허권자는 특허료 납부기간이 경과한 후에도 6개월 이내 특허료를 추가 납부할 수 있으며 특허료 추가 납부할 때에는 납부하여야 할 특허료의 2배 이내의 범위에서 납부해야한다. 추가납부기간 이내에 특허료를 납부하지 못한 경우에는 특허권리를 소멸하게 되는데, 이때 특허권자는 추가납부기간 만료일부터 3개월 이내에 특허료의 3배를 납부하고 그 소멸한 권리의 회복을 신청 할 수 있다."
56,10-2012-0063157,1020120063157,1020120063157,,5,PA0201,심사청구,20120613,"특허출원 이후 3년 이내에 특허청장에게 그 특허출원에 관하여 출원심사의 청구를 할 수 있고, 다만, 제34조 및 제35조에 따른 정당한 권리자의 특허출원, 분할출원 또는 변경출원에 관하여는 그 기간이 지난 후에도 정당한 권리자가 특허출원을 한 날, 분할출원을 한 날 또는 변경출원을 한 날부터 각각 30일 이내에 출원심사 청구를 할 수 있다. 심사청구가 있을 시에 한하여 특허출원을 심사한다."
56,10-2012-0063157,1020120063157,1020120063157,,6,PE0902,거절이유통지,20130729,심사관은 특허법 제62조(특허거절결정)에 따라 특허거절결정을 하고자 할 때에는 출원인에게 거절이유를 통지하고 기간을 정하여 의견서를 제출할 기회를 주어야 한다. 다만 특허법 제51조(보정각하)에 따라 보정각하결정을 할때는 그러지 아니한다. 심사관이 행하는 거절이유통지는 2종류로 구분되며 그 종류에 따라 출원인이 할 수 있는 명세서 또는 도면의 보정 범위가 다르게 제한된다. 하나는 거절이유통지에 대한 보정에 따라 발생한 거절이유만을 통지하는 거절이유통지(최후거절이유통지)와 다른 하나는 출원인이 처음으로 받거나 최후거절이유통지가 아닌 거절이유통지(최초거절이유통지)를 말한다.
56,10-2012-0063157,1020120063157,1020120063157,,7,PG1501,출원공개,20131223,"출원인의 신청에 의하여 조기공개신청  또는 특허출원 이후 1년 6개월 경과 후 심사여부와 관계없이 출원공개를 해야하며 이는  발명의 공개를 통해 제3자의 중복연구, 중복투자 및 중복출원을 방지하는 한편 기술이용의 기회를 제공한다."
56,10-2012-0063157,1020120063157,1020120063157,,8,PR0701,설정등록,20140221,"특허권은 설정등록에 의해 발생하며, 특허결정이 된 후 출원인이 특허료를 납부하거나 보전한 경우 또는 추가납부하거나 특허료가 면제된 경우에 특허청장은 특허권을 설정하기 위한 등록을 해야 한다."
56,10-2012-0063157,1020120063157,1020120063157,,9,PR1001,연차료납부,20170112,"특허법 제87조 1항에 따른 특허권의 설정등록을 받으려는 자는 설정등록을 받으려는 날부터 3년분의 특허료를 납부해야 하는데, 그 다음 연도분부터는 특허료를 해당 권리의 설정등록일에 해당하는 날을 기준으로 일정기간 내에 매년 1년분씩 납부함으로써 특허권을 유지한다. 연차료의 납부기간의 종류는 아래와 같다.정상납부기간(정상납부만료일 이전), 추가납부기간(추가납부안내서 발송 이후 6개월), 회복납부기간(권리소멸 시점부터 3개월 이내)"
56,10-2012-0063157,1020120063157,1020120063157,,10,PR1001,연차료납부,20191226,"특허법 제87조 1항에 따른 특허권의 설정등록을 받으려는 자는 설정등록을 받으려는 날부터 3년분의 특허료를 납부해야 하는데, 그 다음 연도분부터는 특허료를 해당 권리의 설정등록일에 해당하는 날을 기준으로 일정기간 내에 매년 1년분씩 납부함으로써 특허권을 유지한다. 연차료의 납부기간의 종류는 아래와 같다.정상납부기간(정상납부만료일 이전), 추가납부기간(추가납부안내서 발송 이후 6개월), 회복납부기간(권리소멸 시점부터 3개월 이내)"
57,10-2012-0063158,1020120063158,1020120063158,,1,PA0109,특허출원,20120613,특허를 받고자 하는 자는 특허가 담은 발명에 대한 서류를 작성한 특허출원서를 특허청장에게 제출하여야한다.
57,10-2012-0063158,1020120063158,1020120063158,,2,PE0701,등록결정,20140129,심사관은 특허출원에 대해 거절이유를 발견할 수 없는 경우 특허결정을 해야 한다. 특허결정이 있는 경우 특허청장은 그 특허결정의 등본을 출원인에게 송달해야 한다. 특허결정은 그 결정 등본이 송달된 때에 확정된다.
57,10-2012-0063158,1020120063158,1020120063158,,3,PG1601,등록공고,20140212,특허권은 설정등록에 의해 발생하며 등록이 있는 때는 그 특허에 관하여 특허공보에 게재하여 등록공고를 하여야 한다. 비밀취급을 요하는 특허발명에 대하여는 비밀취급의 해제시까지 등록공고를 보류하며 그 비밀취급이 해제된 때에는 지체없이 등록공고를 하여야 하며 등록공고가 있는 날부터 3월간 출원서류 및 그 부속물건을 공중의 열람에 제공해야 한다.
57,10-2012-0063158,1020120063158,1020120063158,,4,PR1002,등록료납부,20140204,"특허권의 설정등록을 받으려는 자는 설정등록받으려는 날 부터 3년분의 특허료를 납부한다.특허권의 설정등록을 받고자 하는자 또는 특허권자는 특허료 납부기간이 경과한 후에도 6개월 이내 특허료를 추가 납부할 수 있으며 특허료 추가 납부할 때에는 납부하여야 할 특허료의 2배 이내의 범위에서 납부해야한다. 추가납부기간 이내에 특허료를 납부하지 못한 경우에는 특허권리를 소멸하게 되는데, 이때 특허권자는 추가납부기간 만료일부터 3개월 이내에 특허료의 3배를 납부하고 그 소멸한 권리의 회복을 신청 할 수 있다."
57,10-2012-0063158,1020120063158,1020120063158,,5,PA0201,심사청구,20120613,"특허출원 이후 3년 이내에 특허청장에게 그 특허출원에 관하여 출원심사의 청구를 할 수 있고, 다만, 제34조 및 제35조에 따른 정당한 권리자의 특허출원, 분할출원 또는 변경출원에 관하여는 그 기간이 지난 후에도 정당한 권리자가 특허출원을 한 날, 분할출원을 한 날 또는 변경출원을 한 날부터 각각 30일 이내에 출원심사 청구를 할 수 있다. 심사청구가 있을 시에 한하여 특허출원을 심사한다."
57,10-2012-0063158,1020120063158,1020120063158,,6,PE0902,거절이유통지,20130729,심사관은 특허법 제62조(특허거절결정)에 따라 특허거절결정을 하고자 할 때에는 출원인에게 거절이유를 통지하고 기간을 정하여 의견서를 제출할 기회를 주어야 한다. 다만 특허법 제51조(보정각하)에 따라 보정각하결정을 할때는 그러지 아니한다. 심사관이 행하는 거절이유통지는 2종류로 구분되며 그 종류에 따라 출원인이 할 수 있는 명세서 또는 도면의 보정 범위가 다르게 제한된다. 하나는 거절이유통지에 대한 보정에 따라 발생한 거절이유만을 통지하는 거절이유통지(최후거절이유통지)와 다른 하나는 출원인이 처음으로 받거나 최후거절이유통지가 아닌 거절이유통지(최초거절이유통지)를 말한다.
57,10-2012-0063158,1020120063158,1020120063158,,7,PG1501,출원공개,20131223,"출원인의 신청에 의하여 조기공개신청  또는 특허출원 이후 1년 6개월 경과 후 심사여부와 관계없이 출원공개를 해야하며 이는  발명의 공개를 통해 제3자의 중복연구, 중복투자 및 중복출원을 방지하는 한편 기술이용의 기회를 제공한다."
57,10-2012-0063158,1020120063158,1020120063158,,8,PR0701,설정등록,20140204,"특허권은 설정등록에 의해 발생하며, 특허결정이 된 후 출원인이 특허료를 납부하거나 보전한 경우 또는 추가납부하거나 특허료가 면제된 경우에 특허청장은 특허권을 설정하기 위한 등록을 해야 한다."
57,10-2012-0063158,1020120063158,1020120063158,,9,PR1001,연차료납부,20170112,"특허법 제87조 1항에 따른 특허권의 설정등록을 받으려는 자는 설정등록을 받으려는 날부터 3년분의 특허료를 납부해야 하는데, 그 다음 연도분부터는 특허료를 해당 권리의 설정등록일에 해당하는 날을 기준으로 일정기간 내에 매년 1년분씩 납부함으로써 특허권을 유지한다. 연차료의 납부기간의 종류는 아래와 같다.정상납부기간(정상납부만료일 이전), 추가납부기간(추가납부안내서 발송 이후 6개월), 회복납부기간(권리소멸 시점부터 3개월 이내)"
57,10-2012-0063158,1020120063158,1020120063158,,10,PR1001,연차료납부,20191226,"특허법 제87조 1항에 따른 특허권의 설정등록을 받으려는 자는 설정등록을 받으려는 날부터 3년분의 특허료를 납부해야 하는데, 그 다음 연도분부터는 특허료를 해당 권리의 설정등록일에 해당하는 날을 기준으로 일정기간 내에 매년 1년분씩 납부함으로써 특허권을 유지한다. 연차료의 납부기간의 종류는 아래와 같다.정상납부기간(정상납부만료일 이전), 추가납부기간(추가납부안내서 발송 이후 6개월), 회복납부기간(권리소멸 시점부터 3개월 이내)"
58,10-2012-0068132,1020120068132,1020120068132,,1,PA0109,특허출원,20120625,특허를 받고자 하는 자는 특허가 담은 발명에 대한 서류를 작성한 특허출원서를 특허청장에게 제출하여야한다.
58,10-2012-0068132,1020120068132,1020120068132,,2,PE0701,등록결정,20130729,심사관은 특허출원에 대해 거절이유를 발견할 수 없는 경우 특허결정을 해야 한다. 특허결정이 있는 경우 특허청장은 그 특허결정의 등본을 출원인에게 송달해야 한다. 특허결정은 그 결정 등본이 송달된 때에 확정된다.
58,10-2012-0068132,1020120068132,1020120068132,,3,PG1601,등록공고,20130805,특허권은 설정등록에 의해 발생하며 등록이 있는 때는 그 특허에 관하여 특허공보에 게재하여 등록공고를 하여야 한다. 비밀취급을 요하는 특허발명에 대하여는 비밀취급의 해제시까지 등록공고를 보류하며 그 비밀취급이 해제된 때에는 지체없이 등록공고를 하여야 하며 등록공고가 있는 날부터 3월간 출원서류 및 그 부속물건을 공중의 열람에 제공해야 한다.
58,10-2012-0068132,1020120068132,1020120068132,,4,PR1002,등록료납부,20130730,"특허권의 설정등록을 받으려는 자는 설정등록받으려는 날 부터 3년분의 특허료를 납부한다.특허권의 설정등록을 받고자 하는자 또는 특허권자는 특허료 납부기간이 경과한 후에도 6개월 이내 특허료를 추가 납부할 수 있으며 특허료 추가 납부할 때에는 납부하여야 할 특허료의 2배 이내의 범위에서 납부해야한다. 추가납부기간 이내에 특허료를 납부하지 못한 경우에는 특허권리를 소멸하게 되는데, 이때 특허권자는 추가납부기간 만료일부터 3개월 이내에 특허료의 3배를 납부하고 그 소멸한 권리의 회복을 신청 할 수 있다."
58,10-2012-0068132,1020120068132,1020120068132,,5,PA0201,심사청구,20120625,"특허출원 이후 3년 이내에 특허청장에게 그 특허출원에 관하여 출원심사의 청구를 할 수 있고, 다만, 제34조 및 제35조에 따른 정당한 권리자의 특허출원, 분할출원 또는 변경출원에 관하여는 그 기간이 지난 후에도 정당한 권리자가 특허출원을 한 날, 분할출원을 한 날 또는 변경출원을 한 날부터 각각 30일 이내에 출원심사 청구를 할 수 있다. 심사청구가 있을 시에 한하여 특허출원을 심사한다."
58,10-2012-0068132,1020120068132,1020120068132,,6,PR0701,설정등록,20130730,"특허권은 설정등록에 의해 발생하며, 특허결정이 된 후 출원인이 특허료를 납부하거나 보전한 경우 또는 추가납부하거나 특허료가 면제된 경우에 특허청장은 특허권을 설정하기 위한 등록을 해야 한다."
58,10-2012-0068132,1020120068132,1020120068132,,7,PR1001,연차료납부,20160615,"특허법 제87조 1항에 따른 특허권의 설정등록을 받으려는 자는 설정등록을 받으려는 날부터 3년분의 특허료를 납부해야 하는데, 그 다음 연도분부터는 특허료를 해당 권리의 설정등록일에 해당하는 날을 기준으로 일정기간 내에 매년 1년분씩 납부함으로써 특허권을 유지한다. 연차료의 납부기간의 종류는 아래와 같다.정상납부기간(정상납부만료일 이전), 추가납부기간(추가납부안내서 발송 이후 6개월), 회복납부기간(권리소멸 시점부터 3개월 이내)"
58,10-2012-0068132,1020120068132,1020120068132,,8,PR1001,연차료납부,20190701,"특허법 제87조 1항에 따른 특허권의 설정등록을 받으려는 자는 설정등록을 받으려는 날부터 3년분의 특허료를 납부해야 하는데, 그 다음 연도분부터는 특허료를 해당 권리의 설정등록일에 해당하는 날을 기준으로 일정기간 내에 매년 1년분씩 납부함으로써 특허권을 유지한다. 연차료의 납부기간의 종류는 아래와 같다.정상납부기간(정상납부만료일 이전), 추가납부기간(추가납부안내서 발송 이후 6개월), 회복납부기간(권리소멸 시점부터 3개월 이내)"
59,10-2012-0075563,1020120075563,1020120075563,,1,PA0109,특허출원,20120711,특허를 받고자 하는 자는 특허가 담은 발명에 대한 서류를 작성한 특허출원서를 특허청장에게 제출하여야한다.
59,10-2012-0075563,1020120075563,1020120075563,,2,PA0201,심사청구,20120711,"특허출원 이후 3년 이내에 특허청장에게 그 특허출원에 관하여 출원심사의 청구를 할 수 있고, 다만, 제34조 및 제35조에 따른 정당한 권리자의 특허출원, 분할출원 또는 변경출원에 관하여는 그 기간이 지난 후에도 정당한 권리자가 특허출원을 한 날, 분할출원을 한 날 또는 변경출원을 한 날부터 각각 30일 이내에 출원심사 청구를 할 수 있다. 심사청구가 있을 시에 한하여 특허출원을 심사한다."
59,10-2012-0075563,1020120075563,1020120075563,,3,PE0902,거절이유통지,20130828,심사관은 특허법 제62조(특허거절결정)에 따라 특허거절결정을 하고자 할 때에는 출원인에게 거절이유를 통지하고 기간을 정하여 의견서를 제출할 기회를 주어야 한다. 다만 특허법 제51조(보정각하)에 따라 보정각하결정을 할때는 그러지 아니한다. 심사관이 행하는 거절이유통지는 2종류로 구분되며 그 종류에 따라 출원인이 할 수 있는 명세서 또는 도면의 보정 범위가 다르게 제한된다. 하나는 거절이유통지에 대한 보정에 따라 발생한 거절이유만을 통지하는 거절이유통지(최후거절이유통지)와 다른 하나는 출원인이 처음으로 받거나 최후거절이유통지가 아닌 거절이유통지(최초거절이유통지)를 말한다.
59,10-2012-0075563,1020120075563,1020120075563,,4,PG1501,출원공개,20140122,"출원인의 신청에 의하여 조기공개신청  또는 특허출원 이후 1년 6개월 경과 후 심사여부와 관계없이 출원공개를 해야하며 이는  발명의 공개를 통해 제3자의 중복연구, 중복투자 및 중복출원을 방지하는 한편 기술이용의 기회를 제공한다."
59,10-2012-0075563,1020120075563,1020120075563,,5,PE0701,등록결정,20140425,심사관은 특허출원에 대해 거절이유를 발견할 수 없는 경우 특허결정을 해야 한다. 특허결정이 있는 경우 특허청장은 그 특허결정의 등본을 출원인에게 송달해야 한다. 특허결정은 그 결정 등본이 송달된 때에 확정된다.
59,10-2012-0075563,1020120075563,1020120075563,,6,PG1601,등록공고,20140519,특허권은 설정등록에 의해 발생하며 등록이 있는 때는 그 특허에 관하여 특허공보에 게재하여 등록공고를 하여야 한다. 비밀취급을 요하는 특허발명에 대하여는 비밀취급의 해제시까지 등록공고를 보류하며 그 비밀취급이 해제된 때에는 지체없이 등록공고를 하여야 하며 등록공고가 있는 날부터 3월간 출원서류 및 그 부속물건을 공중의 열람에 제공해야 한다.
59,10-2012-0075563,1020120075563,1020120075563,,7,PR0701,설정등록,20140509,"특허권은 설정등록에 의해 발생하며, 특허결정이 된 후 출원인이 특허료를 납부하거나 보전한 경우 또는 추가납부하거나 특허료가 면제된 경우에 특허청장은 특허권을 설정하기 위한 등록을 해야 한다."
59,10-2012-0075563,1020120075563,1020120075563,,8,PR1002,등록료납부,20140509,"특허권의 설정등록을 받으려는 자는 설정등록받으려는 날 부터 3년분의 특허료를 납부한다.특허권의 설정등록을 받고자 하는자 또는 특허권자는 특허료 납부기간이 경과한 후에도 6개월 이내 특허료를 추가 납부할 수 있으며 특허료 추가 납부할 때에는 납부하여야 할 특허료의 2배 이내의 범위에서 납부해야한다. 추가납부기간 이내에 특허료를 납부하지 못한 경우에는 특허권리를 소멸하게 되는데, 이때 특허권자는 추가납부기간 만료일부터 3개월 이내에 특허료의 3배를 납부하고 그 소멸한 권리의 회복을 신청 할 수 있다."
59,10-2012-0075563,1020120075563,1020120075563,,9,PR1001,연차료납부,20170418,"특허법 제87조 1항에 따른 특허권의 설정등록을 받으려는 자는 설정등록을 받으려는 날부터 3년분의 특허료를 납부해야 하는데, 그 다음 연도분부터는 특허료를 해당 권리의 설정등록일에 해당하는 날을 기준으로 일정기간 내에 매년 1년분씩 납부함으로써 특허권을 유지한다. 연차료의 납부기간의 종류는 아래와 같다.정상납부기간(정상납부만료일 이전), 추가납부기간(추가납부안내서 발송 이후 6개월), 회복납부기간(권리소멸 시점부터 3개월 이내)"
59,10-2012-0075563,1020120075563,1020120075563,,10,PR1001,연차료납부,20200330,"특허법 제87조 1항에 따른 특허권의 설정등록을 받으려는 자는 설정등록을 받으려는 날부터 3년분의 특허료를 납부해야 하는데, 그 다음 연도분부터는 특허료를 해당 권리의 설정등록일에 해당하는 날을 기준으로 일정기간 내에 매년 1년분씩 납부함으로써 특허권을 유지한다. 연차료의 납부기간의 종류는 아래와 같다.정상납부기간(정상납부만료일 이전), 추가납부기간(추가납부안내서 발송 이후 6개월), 회복납부기간(권리소멸 시점부터 3개월 이내)"
59,10-2012-0075563,1020120075563,1020120075563,,11,PR1001,연차료납부,20230323,"특허법 제87조 1항에 따른 특허권의 설정등록을 받으려는 자는 설정등록을 받으려는 날부터 3년분의 특허료를 납부해야 하는데, 그 다음 연도분부터는 특허료를 해당 권리의 설정등록일에 해당하는 날을 기준으로 일정기간 내에 매년 1년분씩 납부함으로써 특허권을 유지한다. 연차료의 납부기간의 종류는 아래와 같다.정상납부기간(정상납부만료일 이전), 추가납부기간(추가납부안내서 발송 이후 6개월), 회복납부기간(권리소멸 시점부터 3개월 이내)"
60,10-2012-0081133,1020120081133,1020120081133,,1,PA0109,특허출원,20120725,특허를 받고자 하는 자는 특허가 담은 발명에 대한 서류를 작성한 특허출원서를 특허청장에게 제출하여야한다.
60,10-2012-0081133,1020120081133,1020120081133,,2,PE0601,특허거절결정,20140219,심사관은 특허출원이 특허법 제62조 각호의 어느 하나에 해당 할 경우 거절이유 통지 후 거절결정을 해야한다. 다만 거절결정전에 출원인은 심사관의 거절이유통지에 대응하여 의견서를 제출할수 있고 지정한 의견서 제출기간 이내에 보정서를 제출하여 명세서 또는 도면을 보정 할수 있다. 출원인이 의견서를 제출한 경우 제출된 의견서를 반영하여 거절이유가 유지될수 있는지 여부를 다시 심사한다. 만약 의견서 제출기간 이내에 보정서도 같이 제출한 경우에는 해당 보정서에 의한 보정사항을 반영하여 심사한다. 심사관은 의견서 및 보정사항을 반영하여 다시 심사한 후에도 거절이유통지에서 지적한 거절이유가 해소되지 않았다고 인정하는 경우 거절결정을 해야 한다.
60,10-2012-0081133,1020120081133,1020120081133,,3,PX0901,재심사,20140320,심사관이 거절결정한 출원에 대하여 출원인이 거절결정등본을 송달받은 날부터 30일(법정기간이 연장된 경우에는 그 연장된 때까지) 이내에 명세서 또는 도면을 보정하면 심사관은 보정된 출원을 다시 심사 해야 한다. 재심사청구된 경우 종전의 거절결정은 취소된 것으로 보므로 거절결정 전으로 돌아가 보정서가 제출된 통상의 심사와 동일하게 심사를 진행한다. 보정이 적법한 경우 보정사항을 반영하여 특허결정 또는 거절결정 여부를 결정한다. 보정이 부적법해 보정각하가 되면 바로 보정전 명세서를 심사대상으로 하여 심사를 계속 진행한다
60,10-2012-0081133,1020120081133,1020120081133,,4,PA0201,심사청구,20120725,"특허출원 이후 3년 이내에 특허청장에게 그 특허출원에 관하여 출원심사의 청구를 할 수 있고, 다만, 제34조 및 제35조에 따른 정당한 권리자의 특허출원, 분할출원 또는 변경출원에 관하여는 그 기간이 지난 후에도 정당한 권리자가 특허출원을 한 날, 분할출원을 한 날 또는 변경출원을 한 날부터 각각 30일 이내에 출원심사 청구를 할 수 있다. 심사청구가 있을 시에 한하여 특허출원을 심사한다."
60,10-2012-0081133,1020120081133,1020120081133,,5,PE0902,거절이유통지,20130827,심사관은 특허법 제62조(특허거절결정)에 따라 특허거절결정을 하고자 할 때에는 출원인에게 거절이유를 통지하고 기간을 정하여 의견서를 제출할 기회를 주어야 한다. 다만 특허법 제51조(보정각하)에 따라 보정각하결정을 할때는 그러지 아니한다. 심사관이 행하는 거절이유통지는 2종류로 구분되며 그 종류에 따라 출원인이 할 수 있는 명세서 또는 도면의 보정 범위가 다르게 제한된다. 하나는 거절이유통지에 대한 보정에 따라 발생한 거절이유만을 통지하는 거절이유통지(최후거절이유통지)와 다른 하나는 출원인이 처음으로 받거나 최후거절이유통지가 아닌 거절이유통지(최초거절이유통지)를 말한다.
60,10-2012-0081133,1020120081133,1020120081133,,6,PG1501,출원공개,20140207,"출원인의 신청에 의하여 조기공개신청  또는 특허출원 이후 1년 6개월 경과 후 심사여부와 관계없이 출원공개를 해야하며 이는  발명의 공개를 통해 제3자의 중복연구, 중복투자 및 중복출원을 방지하는 한편 기술이용의 기회를 제공한다."
60,10-2012-0081133,1020120081133,1020120081133,,7,PG1601,등록공고,20140414,특허권은 설정등록에 의해 발생하며 등록이 있는 때는 그 특허에 관하여 특허공보에 게재하여 등록공고를 하여야 한다. 비밀취급을 요하는 특허발명에 대하여는 비밀취급의 해제시까지 등록공고를 보류하며 그 비밀취급이 해제된 때에는 지체없이 등록공고를 하여야 하며 등록공고가 있는 날부터 3월간 출원서류 및 그 부속물건을 공중의 열람에 제공해야 한다.
60,10-2012-0081133,1020120081133,1020120081133,,8,PR0701,설정등록,20140403,"특허권은 설정등록에 의해 발생하며, 특허결정이 된 후 출원인이 특허료를 납부하거나 보전한 경우 또는 추가납부하거나 특허료가 면제된 경우에 특허청장은 특허권을 설정하기 위한 등록을 해야 한다."
60,10-2012-0081133,1020120081133,1020120081133,,9,PR1002,등록료납부,20140403,"특허권의 설정등록을 받으려는 자는 설정등록받으려는 날 부터 3년분의 특허료를 납부한다.특허권의 설정등록을 받고자 하는자 또는 특허권자는 특허료 납부기간이 경과한 후에도 6개월 이내 특허료를 추가 납부할 수 있으며 특허료 추가 납부할 때에는 납부하여야 할 특허료의 2배 이내의 범위에서 납부해야한다. 추가납부기간 이내에 특허료를 납부하지 못한 경우에는 특허권리를 소멸하게 되는데, 이때 특허권자는 추가납부기간 만료일부터 3개월 이내에 특허료의 3배를 납부하고 그 소멸한 권리의 회복을 신청 할 수 있다."
60,10-2012-0081133,1020120081133,1020120081133,,10,PX0701,재심사후 등록결정,20140402,심사관이 거절결정한 출원에 대하여 출원인이 거절결정등본을 송달받은 날부터 30일(법정기간이 연장된 경우에는 그 연장된 때까지) 이내에 명세서 또는 도면을 보정하면 심사관은 보정된 출원을 다시 심사 해야 한다. 심사관은 보정서를 반영하여 재심사한 결과 거절이유를 발견할 수 없는 경우 특허결정을 해야 한다.
60,10-2012-0081133,1020120081133,1020120081133,,11,PR1001,연차료납부,20170320,"특허법 제87조 1항에 따른 특허권의 설정등록을 받으려는 자는 설정등록을 받으려는 날부터 3년분의 특허료를 납부해야 하는데, 그 다음 연도분부터는 특허료를 해당 권리의 설정등록일에 해당하는 날을 기준으로 일정기간 내에 매년 1년분씩 납부함으로써 특허권을 유지한다. 연차료의 납부기간의 종류는 아래와 같다.정상납부기간(정상납부만료일 이전), 추가납부기간(추가납부안내서 발송 이후 6개월), 회복납부기간(권리소멸 시점부터 3개월 이내)"
60,10-2012-0081133,1020120081133,1020120081133,,12,PR1001,연차료납부,20200330,"특허법 제87조 1항에 따른 특허권의 설정등록을 받으려는 자는 설정등록을 받으려는 날부터 3년분의 특허료를 납부해야 하는데, 그 다음 연도분부터는 특허료를 해당 권리의 설정등록일에 해당하는 날을 기준으로 일정기간 내에 매년 1년분씩 납부함으로써 특허권을 유지한다. 연차료의 납부기간의 종류는 아래와 같다.정상납부기간(정상납부만료일 이전), 추가납부기간(추가납부안내서 발송 이후 6개월), 회복납부기간(권리소멸 시점부터 3개월 이내)"
60,10-2012-0081133,1020120081133,1020120081133,,13,PR1001,연차료납부,20230323,"특허법 제87조 1항에 따른 특허권의 설정등록을 받으려는 자는 설정등록을 받으려는 날부터 3년분의 특허료를 납부해야 하는데, 그 다음 연도분부터는 특허료를 해당 권리의 설정등록일에 해당하는 날을 기준으로 일정기간 내에 매년 1년분씩 납부함으로써 특허권을 유지한다. 연차료의 납부기간의 종류는 아래와 같다.정상납부기간(정상납부만료일 이전), 추가납부기간(추가납부안내서 발송 이후 6개월), 회복납부기간(권리소멸 시점부터 3개월 이내)"
61,10-2012-0085125,1020120085125,1020120085125,,1,PA0109,특허출원,20120803,특허를 받고자 하는 자는 특허가 담은 발명에 대한 서류를 작성한 특허출원서를 특허청장에게 제출하여야한다.
61,10-2012-0085125,1020120085125,1020120085125,,2,PE0701,등록결정,20140223,심사관은 특허출원에 대해 거절이유를 발견할 수 없는 경우 특허결정을 해야 한다. 특허결정이 있는 경우 특허청장은 그 특허결정의 등본을 출원인에게 송달해야 한다. 특허결정은 그 결정 등본이 송달된 때에 확정된다.
61,10-2012-0085125,1020120085125,1020120085125,,3,PG1601,등록공고,20140228,특허권은 설정등록에 의해 발생하며 등록이 있는 때는 그 특허에 관하여 특허공보에 게재하여 등록공고를 하여야 한다. 비밀취급을 요하는 특허발명에 대하여는 비밀취급의 해제시까지 등록공고를 보류하며 그 비밀취급이 해제된 때에는 지체없이 등록공고를 하여야 하며 등록공고가 있는 날부터 3월간 출원서류 및 그 부속물건을 공중의 열람에 제공해야 한다.
61,10-2012-0085125,1020120085125,1020120085125,,4,PR1002,등록료납부,20140224,"특허권의 설정등록을 받으려는 자는 설정등록받으려는 날 부터 3년분의 특허료를 납부한다.특허권의 설정등록을 받고자 하는자 또는 특허권자는 특허료 납부기간이 경과한 후에도 6개월 이내 특허료를 추가 납부할 수 있으며 특허료 추가 납부할 때에는 납부하여야 할 특허료의 2배 이내의 범위에서 납부해야한다. 추가납부기간 이내에 특허료를 납부하지 못한 경우에는 특허권리를 소멸하게 되는데, 이때 특허권자는 추가납부기간 만료일부터 3개월 이내에 특허료의 3배를 납부하고 그 소멸한 권리의 회복을 신청 할 수 있다."
61,10-2012-0085125,1020120085125,1020120085125,,5,PA0201,심사청구,20120803,"특허출원 이후 3년 이내에 특허청장에게 그 특허출원에 관하여 출원심사의 청구를 할 수 있고, 다만, 제34조 및 제35조에 따른 정당한 권리자의 특허출원, 분할출원 또는 변경출원에 관하여는 그 기간이 지난 후에도 정당한 권리자가 특허출원을 한 날, 분할출원을 한 날 또는 변경출원을 한 날부터 각각 30일 이내에 출원심사 청구를 할 수 있다. 심사청구가 있을 시에 한하여 특허출원을 심사한다."
61,10-2012-0085125,1020120085125,1020120085125,,6,PE0902,거절이유통지,20130821,심사관은 특허법 제62조(특허거절결정)에 따라 특허거절결정을 하고자 할 때에는 출원인에게 거절이유를 통지하고 기간을 정하여 의견서를 제출할 기회를 주어야 한다. 다만 특허법 제51조(보정각하)에 따라 보정각하결정을 할때는 그러지 아니한다. 심사관이 행하는 거절이유통지는 2종류로 구분되며 그 종류에 따라 출원인이 할 수 있는 명세서 또는 도면의 보정 범위가 다르게 제한된다. 하나는 거절이유통지에 대한 보정에 따라 발생한 거절이유만을 통지하는 거절이유통지(최후거절이유통지)와 다른 하나는 출원인이 처음으로 받거나 최후거절이유통지가 아닌 거절이유통지(최초거절이유통지)를 말한다.
61,10-2012-0085125,1020120085125,1020120085125,,7,PG1501,출원공개,20140212,"출원인의 신청에 의하여 조기공개신청  또는 특허출원 이후 1년 6개월 경과 후 심사여부와 관계없이 출원공개를 해야하며 이는  발명의 공개를 통해 제3자의 중복연구, 중복투자 및 중복출원을 방지하는 한편 기술이용의 기회를 제공한다."
61,10-2012-0085125,1020120085125,1020120085125,,8,PR0701,설정등록,20140224,"특허권은 설정등록에 의해 발생하며, 특허결정이 된 후 출원인이 특허료를 납부하거나 보전한 경우 또는 추가납부하거나 특허료가 면제된 경우에 특허청장은 특허권을 설정하기 위한 등록을 해야 한다."
61,10-2012-0085125,1020120085125,1020120085125,,9,PR1001,연차료납부,20170112,"특허법 제87조 1항에 따른 특허권의 설정등록을 받으려는 자는 설정등록을 받으려는 날부터 3년분의 특허료를 납부해야 하는데, 그 다음 연도분부터는 특허료를 해당 권리의 설정등록일에 해당하는 날을 기준으로 일정기간 내에 매년 1년분씩 납부함으로써 특허권을 유지한다. 연차료의 납부기간의 종류는 아래와 같다.정상납부기간(정상납부만료일 이전), 추가납부기간(추가납부안내서 발송 이후 6개월), 회복납부기간(권리소멸 시점부터 3개월 이내)"
61,10-2012-0085125,1020120085125,1020120085125,,10,PR1001,연차료납부,20191226,"특허법 제87조 1항에 따른 특허권의 설정등록을 받으려는 자는 설정등록을 받으려는 날부터 3년분의 특허료를 납부해야 하는데, 그 다음 연도분부터는 특허료를 해당 권리의 설정등록일에 해당하는 날을 기준으로 일정기간 내에 매년 1년분씩 납부함으로써 특허권을 유지한다. 연차료의 납부기간의 종류는 아래와 같다.정상납부기간(정상납부만료일 이전), 추가납부기간(추가납부안내서 발송 이후 6개월), 회복납부기간(권리소멸 시점부터 3개월 이내)"
62,10-2012-0086245,1020120086245,1020120086245,,1,PA0109,특허출원,20120807,특허를 받고자 하는 자는 특허가 담은 발명에 대한 서류를 작성한 특허출원서를 특허청장에게 제출하여야한다.
62,10-2012-0086245,1020120086245,1020120086245,,2,PA0201,심사청구,20120807,"특허출원 이후 3년 이내에 특허청장에게 그 특허출원에 관하여 출원심사의 청구를 할 수 있고, 다만, 제34조 및 제35조에 따른 정당한 권리자의 특허출원, 분할출원 또는 변경출원에 관하여는 그 기간이 지난 후에도 정당한 권리자가 특허출원을 한 날, 분할출원을 한 날 또는 변경출원을 한 날부터 각각 30일 이내에 출원심사 청구를 할 수 있다. 심사청구가 있을 시에 한하여 특허출원을 심사한다."
62,10-2012-0086245,1020120086245,1020120086245,,3,PE0902,거절이유통지,20131203,심사관은 특허법 제62조(특허거절결정)에 따라 특허거절결정을 하고자 할 때에는 출원인에게 거절이유를 통지하고 기간을 정하여 의견서를 제출할 기회를 주어야 한다. 다만 특허법 제51조(보정각하)에 따라 보정각하결정을 할때는 그러지 아니한다. 심사관이 행하는 거절이유통지는 2종류로 구분되며 그 종류에 따라 출원인이 할 수 있는 명세서 또는 도면의 보정 범위가 다르게 제한된다. 하나는 거절이유통지에 대한 보정에 따라 발생한 거절이유만을 통지하는 거절이유통지(최후거절이유통지)와 다른 하나는 출원인이 처음으로 받거나 최후거절이유통지가 아닌 거절이유통지(최초거절이유통지)를 말한다.
62,10-2012-0086245,1020120086245,1020120086245,,4,PG1501,출원공개,20140220,"출원인의 신청에 의하여 조기공개신청  또는 특허출원 이후 1년 6개월 경과 후 심사여부와 관계없이 출원공개를 해야하며 이는  발명의 공개를 통해 제3자의 중복연구, 중복투자 및 중복출원을 방지하는 한편 기술이용의 기회를 제공한다."
62,10-2012-0086245,1020120086245,1020120086245,,5,PE0601,특허거절결정,20140516,심사관은 특허출원이 특허법 제62조 각호의 어느 하나에 해당 할 경우 거절이유 통지 후 거절결정을 해야한다. 다만 거절결정전에 출원인은 심사관의 거절이유통지에 대응하여 의견서를 제출할수 있고 지정한 의견서 제출기간 이내에 보정서를 제출하여 명세서 또는 도면을 보정 할수 있다. 출원인이 의견서를 제출한 경우 제출된 의견서를 반영하여 거절이유가 유지될수 있는지 여부를 다시 심사한다. 만약 의견서 제출기간 이내에 보정서도 같이 제출한 경우에는 해당 보정서에 의한 보정사항을 반영하여 심사한다. 심사관은 의견서 및 보정사항을 반영하여 다시 심사한 후에도 거절이유통지에서 지적한 거절이유가 해소되지 않았다고 인정하는 경우 거절결정을 해야 한다.
62,10-2012-0086245,1020120086245,1020120086245,,6,PG1601,등록공고,20140716,특허권은 설정등록에 의해 발생하며 등록이 있는 때는 그 특허에 관하여 특허공보에 게재하여 등록공고를 하여야 한다. 비밀취급을 요하는 특허발명에 대하여는 비밀취급의 해제시까지 등록공고를 보류하며 그 비밀취급이 해제된 때에는 지체없이 등록공고를 하여야 하며 등록공고가 있는 날부터 3월간 출원서류 및 그 부속물건을 공중의 열람에 제공해야 한다.
62,10-2012-0086245,1020120086245,1020120086245,,7,PR0701,설정등록,20140709,"특허권은 설정등록에 의해 발생하며, 특허결정이 된 후 출원인이 특허료를 납부하거나 보전한 경우 또는 추가납부하거나 특허료가 면제된 경우에 특허청장은 특허권을 설정하기 위한 등록을 해야 한다."
62,10-2012-0086245,1020120086245,1020120086245,,8,PR1002,등록료납부,20140709,"특허권의 설정등록을 받으려는 자는 설정등록받으려는 날 부터 3년분의 특허료를 납부한다.특허권의 설정등록을 받고자 하는자 또는 특허권자는 특허료 납부기간이 경과한 후에도 6개월 이내 특허료를 추가 납부할 수 있으며 특허료 추가 납부할 때에는 납부하여야 할 특허료의 2배 이내의 범위에서 납부해야한다. 추가납부기간 이내에 특허료를 납부하지 못한 경우에는 특허권리를 소멸하게 되는데, 이때 특허권자는 추가납부기간 만료일부터 3개월 이내에 특허료의 3배를 납부하고 그 소멸한 권리의 회복을 신청 할 수 있다."
62,10-2012-0086245,1020120086245,1020120086245,,9,PX0701,재심사후 등록결정,20140707,심사관이 거절결정한 출원에 대하여 출원인이 거절결정등본을 송달받은 날부터 30일(법정기간이 연장된 경우에는 그 연장된 때까지) 이내에 명세서 또는 도면을 보정하면 심사관은 보정된 출원을 다시 심사 해야 한다. 심사관은 보정서를 반영하여 재심사한 결과 거절이유를 발견할 수 없는 경우 특허결정을 해야 한다.
62,10-2012-0086245,1020120086245,1020120086245,,10,PX0901,재심사,20140618,심사관이 거절결정한 출원에 대하여 출원인이 거절결정등본을 송달받은 날부터 30일(법정기간이 연장된 경우에는 그 연장된 때까지) 이내에 명세서 또는 도면을 보정하면 심사관은 보정된 출원을 다시 심사 해야 한다. 재심사청구된 경우 종전의 거절결정은 취소된 것으로 보므로 거절결정 전으로 돌아가 보정서가 제출된 통상의 심사와 동일하게 심사를 진행한다. 보정이 적법한 경우 보정사항을 반영하여 특허결정 또는 거절결정 여부를 결정한다. 보정이 부적법해 보정각하가 되면 바로 보정전 명세서를 심사대상으로 하여 심사를 계속 진행한다
62,10-2012-0086245,1020120086245,1020120086245,,11,PR1001,연차료납부,20170614,"특허법 제87조 1항에 따른 특허권의 설정등록을 받으려는 자는 설정등록을 받으려는 날부터 3년분의 특허료를 납부해야 하는데, 그 다음 연도분부터는 특허료를 해당 권리의 설정등록일에 해당하는 날을 기준으로 일정기간 내에 매년 1년분씩 납부함으로써 특허권을 유지한다. 연차료의 납부기간의 종류는 아래와 같다.정상납부기간(정상납부만료일 이전), 추가납부기간(추가납부안내서 발송 이후 6개월), 회복납부기간(권리소멸 시점부터 3개월 이내)"
63,10-2012-0088339,1020120088339,1020120088339,,1,PA0109,특허출원,20120813,특허를 받고자 하는 자는 특허가 담은 발명에 대한 서류를 작성한 특허출원서를 특허청장에게 제출하여야한다.
63,10-2012-0088339,1020120088339,1020120088339,,2,PA0201,심사청구,20120813,"특허출원 이후 3년 이내에 특허청장에게 그 특허출원에 관하여 출원심사의 청구를 할 수 있고, 다만, 제34조 및 제35조에 따른 정당한 권리자의 특허출원, 분할출원 또는 변경출원에 관하여는 그 기간이 지난 후에도 정당한 권리자가 특허출원을 한 날, 분할출원을 한 날 또는 변경출원을 한 날부터 각각 30일 이내에 출원심사 청구를 할 수 있다. 심사청구가 있을 시에 한하여 특허출원을 심사한다."
63,10-2012-0088339,1020120088339,1020120088339,,3,PE0902,거절이유통지,20131010,심사관은 특허법 제62조(특허거절결정)에 따라 특허거절결정을 하고자 할 때에는 출원인에게 거절이유를 통지하고 기간을 정하여 의견서를 제출할 기회를 주어야 한다. 다만 특허법 제51조(보정각하)에 따라 보정각하결정을 할때는 그러지 아니한다. 심사관이 행하는 거절이유통지는 2종류로 구분되며 그 종류에 따라 출원인이 할 수 있는 명세서 또는 도면의 보정 범위가 다르게 제한된다. 하나는 거절이유통지에 대한 보정에 따라 발생한 거절이유만을 통지하는 거절이유통지(최후거절이유통지)와 다른 하나는 출원인이 처음으로 받거나 최후거절이유통지가 아닌 거절이유통지(최초거절이유통지)를 말한다.
63,10-2012-0088339,1020120088339,1020120088339,,4,PG1501,출원공개,20140224,"출원인의 신청에 의하여 조기공개신청  또는 특허출원 이후 1년 6개월 경과 후 심사여부와 관계없이 출원공개를 해야하며 이는  발명의 공개를 통해 제3자의 중복연구, 중복투자 및 중복출원을 방지하는 한편 기술이용의 기회를 제공한다."
63,10-2012-0088339,1020120088339,1020120088339,,5,PE0601,특허거절결정,20140411,심사관은 특허출원이 특허법 제62조 각호의 어느 하나에 해당 할 경우 거절이유 통지 후 거절결정을 해야한다. 다만 거절결정전에 출원인은 심사관의 거절이유통지에 대응하여 의견서를 제출할수 있고 지정한 의견서 제출기간 이내에 보정서를 제출하여 명세서 또는 도면을 보정 할수 있다. 출원인이 의견서를 제출한 경우 제출된 의견서를 반영하여 거절이유가 유지될수 있는지 여부를 다시 심사한다. 만약 의견서 제출기간 이내에 보정서도 같이 제출한 경우에는 해당 보정서에 의한 보정사항을 반영하여 심사한다. 심사관은 의견서 및 보정사항을 반영하여 다시 심사한 후에도 거절이유통지에서 지적한 거절이유가 해소되지 않았다고 인정하는 경우 거절결정을 해야 한다.
63,10-2012-0088339,1020120088339,1020120088339,,6,PR0701,설정등록,20140526,"특허권은 설정등록에 의해 발생하며, 특허결정이 된 후 출원인이 특허료를 납부하거나 보전한 경우 또는 추가납부하거나 특허료가 면제된 경우에 특허청장은 특허권을 설정하기 위한 등록을 해야 한다."
63,10-2012-0088339,1020120088339,1020120088339,,7,PR1002,등록료납부,20140526,"특허권의 설정등록을 받으려는 자는 설정등록받으려는 날 부터 3년분의 특허료를 납부한다.특허권의 설정등록을 받고자 하는자 또는 특허권자는 특허료 납부기간이 경과한 후에도 6개월 이내 특허료를 추가 납부할 수 있으며 특허료 추가 납부할 때에는 납부하여야 할 특허료의 2배 이내의 범위에서 납부해야한다. 추가납부기간 이내에 특허료를 납부하지 못한 경우에는 특허권리를 소멸하게 되는데, 이때 특허권자는 추가납부기간 만료일부터 3개월 이내에 특허료의 3배를 납부하고 그 소멸한 권리의 회복을 신청 할 수 있다."
63,10-2012-0088339,1020120088339,1020120088339,,8,PX0701,재심사후 등록결정,20140521,심사관이 거절결정한 출원에 대하여 출원인이 거절결정등본을 송달받은 날부터 30일(법정기간이 연장된 경우에는 그 연장된 때까지) 이내에 명세서 또는 도면을 보정하면 심사관은 보정된 출원을 다시 심사 해야 한다. 심사관은 보정서를 반영하여 재심사한 결과 거절이유를 발견할 수 없는 경우 특허결정을 해야 한다.
63,10-2012-0088339,1020120088339,1020120088339,,9,PX0901,재심사,20140514,심사관이 거절결정한 출원에 대하여 출원인이 거절결정등본을 송달받은 날부터 30일(법정기간이 연장된 경우에는 그 연장된 때까지) 이내에 명세서 또는 도면을 보정하면 심사관은 보정된 출원을 다시 심사 해야 한다. 재심사청구된 경우 종전의 거절결정은 취소된 것으로 보므로 거절결정 전으로 돌아가 보정서가 제출된 통상의 심사와 동일하게 심사를 진행한다. 보정이 적법한 경우 보정사항을 반영하여 특허결정 또는 거절결정 여부를 결정한다. 보정이 부적법해 보정각하가 되면 바로 보정전 명세서를 심사대상으로 하여 심사를 계속 진행한다
63,10-2012-0088339,1020120088339,1020120088339,,10,PG1601,등록공고,20140627,특허권은 설정등록에 의해 발생하며 등록이 있는 때는 그 특허에 관하여 특허공보에 게재하여 등록공고를 하여야 한다. 비밀취급을 요하는 특허발명에 대하여는 비밀취급의 해제시까지 등록공고를 보류하며 그 비밀취급이 해제된 때에는 지체없이 등록공고를 하여야 하며 등록공고가 있는 날부터 3월간 출원서류 및 그 부속물건을 공중의 열람에 제공해야 한다.
63,10-2012-0088339,1020120088339,1020120088339,,11,PR1001,연차료납부,20170418,"특허법 제87조 1항에 따른 특허권의 설정등록을 받으려는 자는 설정등록을 받으려는 날부터 3년분의 특허료를 납부해야 하는데, 그 다음 연도분부터는 특허료를 해당 권리의 설정등록일에 해당하는 날을 기준으로 일정기간 내에 매년 1년분씩 납부함으로써 특허권을 유지한다. 연차료의 납부기간의 종류는 아래와 같다.정상납부기간(정상납부만료일 이전), 추가납부기간(추가납부안내서 발송 이후 6개월), 회복납부기간(권리소멸 시점부터 3개월 이내)"
63,10-2012-0088339,1020120088339,1020120088339,,12,PR1001,연차료납부,20200330,"특허법 제87조 1항에 따른 특허권의 설정등록을 받으려는 자는 설정등록을 받으려는 날부터 3년분의 특허료를 납부해야 하는데, 그 다음 연도분부터는 특허료를 해당 권리의 설정등록일에 해당하는 날을 기준으로 일정기간 내에 매년 1년분씩 납부함으로써 특허권을 유지한다. 연차료의 납부기간의 종류는 아래와 같다.정상납부기간(정상납부만료일 이전), 추가납부기간(추가납부안내서 발송 이후 6개월), 회복납부기간(권리소멸 시점부터 3개월 이내)"
63,10-2012-0088339,1020120088339,1020120088339,,13,PR1001,연차료납부,20230323,"특허법 제87조 1항에 따른 특허권의 설정등록을 받으려는 자는 설정등록을 받으려는 날부터 3년분의 특허료를 납부해야 하는데, 그 다음 연도분부터는 특허료를 해당 권리의 설정등록일에 해당하는 날을 기준으로 일정기간 내에 매년 1년분씩 납부함으로써 특허권을 유지한다. 연차료의 납부기간의 종류는 아래와 같다.정상납부기간(정상납부만료일 이전), 추가납부기간(추가납부안내서 발송 이후 6개월), 회복납부기간(권리소멸 시점부터 3개월 이내)"
64,10-2012-0096748,1020120096748,1020120096748,,1,PA0109,특허출원,20120831,특허를 받고자 하는 자는 특허가 담은 발명에 대한 서류를 작성한 특허출원서를 특허청장에게 제출하여야한다.
64,10-2012-0096748,1020120096748,1020120096748,,2,PE0701,등록결정,20140119,심사관은 특허출원에 대해 거절이유를 발견할 수 없는 경우 특허결정을 해야 한다. 특허결정이 있는 경우 특허청장은 그 특허결정의 등본을 출원인에게 송달해야 한다. 특허결정은 그 결정 등본이 송달된 때에 확정된다.
64,10-2012-0096748,1020120096748,1020120096748,,3,PG1601,등록공고,20140212,특허권은 설정등록에 의해 발생하며 등록이 있는 때는 그 특허에 관하여 특허공보에 게재하여 등록공고를 하여야 한다. 비밀취급을 요하는 특허발명에 대하여는 비밀취급의 해제시까지 등록공고를 보류하며 그 비밀취급이 해제된 때에는 지체없이 등록공고를 하여야 하며 등록공고가 있는 날부터 3월간 출원서류 및 그 부속물건을 공중의 열람에 제공해야 한다.
64,10-2012-0096748,1020120096748,1020120096748,,4,PR1002,등록료납부,20140123,"특허권의 설정등록을 받으려는 자는 설정등록받으려는 날 부터 3년분의 특허료를 납부한다.특허권의 설정등록을 받고자 하는자 또는 특허권자는 특허료 납부기간이 경과한 후에도 6개월 이내 특허료를 추가 납부할 수 있으며 특허료 추가 납부할 때에는 납부하여야 할 특허료의 2배 이내의 범위에서 납부해야한다. 추가납부기간 이내에 특허료를 납부하지 못한 경우에는 특허권리를 소멸하게 되는데, 이때 특허권자는 추가납부기간 만료일부터 3개월 이내에 특허료의 3배를 납부하고 그 소멸한 권리의 회복을 신청 할 수 있다."
64,10-2012-0096748,1020120096748,1020120096748,,5,PA0201,심사청구,20120831,"특허출원 이후 3년 이내에 특허청장에게 그 특허출원에 관하여 출원심사의 청구를 할 수 있고, 다만, 제34조 및 제35조에 따른 정당한 권리자의 특허출원, 분할출원 또는 변경출원에 관하여는 그 기간이 지난 후에도 정당한 권리자가 특허출원을 한 날, 분할출원을 한 날 또는 변경출원을 한 날부터 각각 30일 이내에 출원심사 청구를 할 수 있다. 심사청구가 있을 시에 한하여 특허출원을 심사한다."
64,10-2012-0096748,1020120096748,1020120096748,,6,PE0902,거절이유통지,20130815,심사관은 특허법 제62조(특허거절결정)에 따라 특허거절결정을 하고자 할 때에는 출원인에게 거절이유를 통지하고 기간을 정하여 의견서를 제출할 기회를 주어야 한다. 다만 특허법 제51조(보정각하)에 따라 보정각하결정을 할때는 그러지 아니한다. 심사관이 행하는 거절이유통지는 2종류로 구분되며 그 종류에 따라 출원인이 할 수 있는 명세서 또는 도면의 보정 범위가 다르게 제한된다. 하나는 거절이유통지에 대한 보정에 따라 발생한 거절이유만을 통지하는 거절이유통지(최후거절이유통지)와 다른 하나는 출원인이 처음으로 받거나 최후거절이유통지가 아닌 거절이유통지(최초거절이유통지)를 말한다.
64,10-2012-0096748,1020120096748,1020120096748,,7,PR0701,설정등록,20140123,"특허권은 설정등록에 의해 발생하며, 특허결정이 된 후 출원인이 특허료를 납부하거나 보전한 경우 또는 추가납부하거나 특허료가 면제된 경우에 특허청장은 특허권을 설정하기 위한 등록을 해야 한다."
64,10-2012-0096748,1020120096748,1020120096748,,8,PR1001,연차료납부,20161221,"특허법 제87조 1항에 따른 특허권의 설정등록을 받으려는 자는 설정등록을 받으려는 날부터 3년분의 특허료를 납부해야 하는데, 그 다음 연도분부터는 특허료를 해당 권리의 설정등록일에 해당하는 날을 기준으로 일정기간 내에 매년 1년분씩 납부함으로써 특허권을 유지한다. 연차료의 납부기간의 종류는 아래와 같다.정상납부기간(정상납부만료일 이전), 추가납부기간(추가납부안내서 발송 이후 6개월), 회복납부기간(권리소멸 시점부터 3개월 이내)"
64,10-2012-0096748,1020120096748,1020120096748,,9,PR1001,연차료납부,20191226,"특허법 제87조 1항에 따른 특허권의 설정등록을 받으려는 자는 설정등록을 받으려는 날부터 3년분의 특허료를 납부해야 하는데, 그 다음 연도분부터는 특허료를 해당 권리의 설정등록일에 해당하는 날을 기준으로 일정기간 내에 매년 1년분씩 납부함으로써 특허권을 유지한다. 연차료의 납부기간의 종류는 아래와 같다.정상납부기간(정상납부만료일 이전), 추가납부기간(추가납부안내서 발송 이후 6개월), 회복납부기간(권리소멸 시점부터 3개월 이내)"
65,10-2012-0114244,1020120114244,1020120114244,,1,PA0109,특허출원,20121015,특허를 받고자 하는 자는 특허가 담은 발명에 대한 서류를 작성한 특허출원서를 특허청장에게 제출하여야한다.
65,10-2012-0114244,1020120114244,1020120114244,,2,PE0701,등록결정,20131011,심사관은 특허출원에 대해 거절이유를 발견할 수 없는 경우 특허결정을 해야 한다. 특허결정이 있는 경우 특허청장은 그 특허결정의 등본을 출원인에게 송달해야 한다. 특허결정은 그 결정 등본이 송달된 때에 확정된다.
65,10-2012-0114244,1020120114244,1020120114244,,3,PG1601,등록공고,20131017,특허권은 설정등록에 의해 발생하며 등록이 있는 때는 그 특허에 관하여 특허공보에 게재하여 등록공고를 하여야 한다. 비밀취급을 요하는 특허발명에 대하여는 비밀취급의 해제시까지 등록공고를 보류하며 그 비밀취급이 해제된 때에는 지체없이 등록공고를 하여야 하며 등록공고가 있는 날부터 3월간 출원서류 및 그 부속물건을 공중의 열람에 제공해야 한다.
65,10-2012-0114244,1020120114244,1020120114244,,4,PR1002,등록료납부,20131011,"특허권의 설정등록을 받으려는 자는 설정등록받으려는 날 부터 3년분의 특허료를 납부한다.특허권의 설정등록을 받고자 하는자 또는 특허권자는 특허료 납부기간이 경과한 후에도 6개월 이내 특허료를 추가 납부할 수 있으며 특허료 추가 납부할 때에는 납부하여야 할 특허료의 2배 이내의 범위에서 납부해야한다. 추가납부기간 이내에 특허료를 납부하지 못한 경우에는 특허권리를 소멸하게 되는데, 이때 특허권자는 추가납부기간 만료일부터 3개월 이내에 특허료의 3배를 납부하고 그 소멸한 권리의 회복을 신청 할 수 있다."
65,10-2012-0114244,1020120114244,1020120114244,,5,PA0201,심사청구,20121015,"특허출원 이후 3년 이내에 특허청장에게 그 특허출원에 관하여 출원심사의 청구를 할 수 있고, 다만, 제34조 및 제35조에 따른 정당한 권리자의 특허출원, 분할출원 또는 변경출원에 관하여는 그 기간이 지난 후에도 정당한 권리자가 특허출원을 한 날, 분할출원을 한 날 또는 변경출원을 한 날부터 각각 30일 이내에 출원심사 청구를 할 수 있다. 심사청구가 있을 시에 한하여 특허출원을 심사한다."
65,10-2012-0114244,1020120114244,1020120114244,,6,PR0701,설정등록,20131011,"특허권은 설정등록에 의해 발생하며, 특허결정이 된 후 출원인이 특허료를 납부하거나 보전한 경우 또는 추가납부하거나 특허료가 면제된 경우에 특허청장은 특허권을 설정하기 위한 등록을 해야 한다."
65,10-2012-0114244,1020120114244,1020120114244,,7,PR1001,연차료납부,20160921,"특허법 제87조 1항에 따른 특허권의 설정등록을 받으려는 자는 설정등록을 받으려는 날부터 3년분의 특허료를 납부해야 하는데, 그 다음 연도분부터는 특허료를 해당 권리의 설정등록일에 해당하는 날을 기준으로 일정기간 내에 매년 1년분씩 납부함으로써 특허권을 유지한다. 연차료의 납부기간의 종류는 아래와 같다.정상납부기간(정상납부만료일 이전), 추가납부기간(추가납부안내서 발송 이후 6개월), 회복납부기간(권리소멸 시점부터 3개월 이내)"
65,10-2012-0114244,1020120114244,1020120114244,,8,PR1001,연차료납부,20190926,"특허법 제87조 1항에 따른 특허권의 설정등록을 받으려는 자는 설정등록을 받으려는 날부터 3년분의 특허료를 납부해야 하는데, 그 다음 연도분부터는 특허료를 해당 권리의 설정등록일에 해당하는 날을 기준으로 일정기간 내에 매년 1년분씩 납부함으로써 특허권을 유지한다. 연차료의 납부기간의 종류는 아래와 같다.정상납부기간(정상납부만료일 이전), 추가납부기간(추가납부안내서 발송 이후 6개월), 회복납부기간(권리소멸 시점부터 3개월 이내)"
66,10-2012-0115263,1020120115263,1020120115263,,1,PA0109,특허출원,20121017,특허를 받고자 하는 자는 특허가 담은 발명에 대한 서류를 작성한 특허출원서를 특허청장에게 제출하여야한다.
66,10-2012-0115263,1020120115263,1020120115263,,2,PE0701,등록결정,20140227,심사관은 특허출원에 대해 거절이유를 발견할 수 없는 경우 특허결정을 해야 한다. 특허결정이 있는 경우 특허청장은 그 특허결정의 등본을 출원인에게 송달해야 한다. 특허결정은 그 결정 등본이 송달된 때에 확정된다.
66,10-2012-0115263,1020120115263,1020120115263,,3,PG1601,등록공고,20140307,특허권은 설정등록에 의해 발생하며 등록이 있는 때는 그 특허에 관하여 특허공보에 게재하여 등록공고를 하여야 한다. 비밀취급을 요하는 특허발명에 대하여는 비밀취급의 해제시까지 등록공고를 보류하며 그 비밀취급이 해제된 때에는 지체없이 등록공고를 하여야 하며 등록공고가 있는 날부터 3월간 출원서류 및 그 부속물건을 공중의 열람에 제공해야 한다.
66,10-2012-0115263,1020120115263,1020120115263,,4,PR1002,등록료납부,20140303,"특허권의 설정등록을 받으려는 자는 설정등록받으려는 날 부터 3년분의 특허료를 납부한다.특허권의 설정등록을 받고자 하는자 또는 특허권자는 특허료 납부기간이 경과한 후에도 6개월 이내 특허료를 추가 납부할 수 있으며 특허료 추가 납부할 때에는 납부하여야 할 특허료의 2배 이내의 범위에서 납부해야한다. 추가납부기간 이내에 특허료를 납부하지 못한 경우에는 특허권리를 소멸하게 되는데, 이때 특허권자는 추가납부기간 만료일부터 3개월 이내에 특허료의 3배를 납부하고 그 소멸한 권리의 회복을 신청 할 수 있다."
66,10-2012-0115263,1020120115263,1020120115263,,5,PA0201,심사청구,20121017,"특허출원 이후 3년 이내에 특허청장에게 그 특허출원에 관하여 출원심사의 청구를 할 수 있고, 다만, 제34조 및 제35조에 따른 정당한 권리자의 특허출원, 분할출원 또는 변경출원에 관하여는 그 기간이 지난 후에도 정당한 권리자가 특허출원을 한 날, 분할출원을 한 날 또는 변경출원을 한 날부터 각각 30일 이내에 출원심사 청구를 할 수 있다. 심사청구가 있을 시에 한하여 특허출원을 심사한다."
66,10-2012-0115263,1020120115263,1020120115263,,6,PE0902,거절이유통지,20131121,심사관은 특허법 제62조(특허거절결정)에 따라 특허거절결정을 하고자 할 때에는 출원인에게 거절이유를 통지하고 기간을 정하여 의견서를 제출할 기회를 주어야 한다. 다만 특허법 제51조(보정각하)에 따라 보정각하결정을 할때는 그러지 아니한다. 심사관이 행하는 거절이유통지는 2종류로 구분되며 그 종류에 따라 출원인이 할 수 있는 명세서 또는 도면의 보정 범위가 다르게 제한된다. 하나는 거절이유통지에 대한 보정에 따라 발생한 거절이유만을 통지하는 거절이유통지(최후거절이유통지)와 다른 하나는 출원인이 처음으로 받거나 최후거절이유통지가 아닌 거절이유통지(최초거절이유통지)를 말한다.
66,10-2012-0115263,1020120115263,1020120115263,,7,PR0701,설정등록,20140303,"특허권은 설정등록에 의해 발생하며, 특허결정이 된 후 출원인이 특허료를 납부하거나 보전한 경우 또는 추가납부하거나 특허료가 면제된 경우에 특허청장은 특허권을 설정하기 위한 등록을 해야 한다."
66,10-2012-0115263,1020120115263,1020120115263,,8,PR1001,연차료납부,20170222,"특허법 제87조 1항에 따른 특허권의 설정등록을 받으려는 자는 설정등록을 받으려는 날부터 3년분의 특허료를 납부해야 하는데, 그 다음 연도분부터는 특허료를 해당 권리의 설정등록일에 해당하는 날을 기준으로 일정기간 내에 매년 1년분씩 납부함으로써 특허권을 유지한다. 연차료의 납부기간의 종류는 아래와 같다.정상납부기간(정상납부만료일 이전), 추가납부기간(추가납부안내서 발송 이후 6개월), 회복납부기간(권리소멸 시점부터 3개월 이내)"
66,10-2012-0115263,1020120115263,1020120115263,,9,PR1001,연차료납부,20191226,"특허법 제87조 1항에 따른 특허권의 설정등록을 받으려는 자는 설정등록을 받으려는 날부터 3년분의 특허료를 납부해야 하는데, 그 다음 연도분부터는 특허료를 해당 권리의 설정등록일에 해당하는 날을 기준으로 일정기간 내에 매년 1년분씩 납부함으로써 특허권을 유지한다. 연차료의 납부기간의 종류는 아래와 같다.정상납부기간(정상납부만료일 이전), 추가납부기간(추가납부안내서 발송 이후 6개월), 회복납부기간(권리소멸 시점부터 3개월 이내)"
67,10-2012-0117312,1020120117312,1020120117312,,1,PA0109,특허출원,20121022,특허를 받고자 하는 자는 특허가 담은 발명에 대한 서류를 작성한 특허출원서를 특허청장에게 제출하여야한다.
67,10-2012-0117312,1020120117312,1020120117312,,2,PA0201,심사청구,20121022,"특허출원 이후 3년 이내에 특허청장에게 그 특허출원에 관하여 출원심사의 청구를 할 수 있고, 다만, 제34조 및 제35조에 따른 정당한 권리자의 특허출원, 분할출원 또는 변경출원에 관하여는 그 기간이 지난 후에도 정당한 권리자가 특허출원을 한 날, 분할출원을 한 날 또는 변경출원을 한 날부터 각각 30일 이내에 출원심사 청구를 할 수 있다. 심사청구가 있을 시에 한하여 특허출원을 심사한다."
67,10-2012-0117312,1020120117312,1020120117312,,3,PE0902,거절이유통지,20140228,심사관은 특허법 제62조(특허거절결정)에 따라 특허거절결정을 하고자 할 때에는 출원인에게 거절이유를 통지하고 기간을 정하여 의견서를 제출할 기회를 주어야 한다. 다만 특허법 제51조(보정각하)에 따라 보정각하결정을 할때는 그러지 아니한다. 심사관이 행하는 거절이유통지는 2종류로 구분되며 그 종류에 따라 출원인이 할 수 있는 명세서 또는 도면의 보정 범위가 다르게 제한된다. 하나는 거절이유통지에 대한 보정에 따라 발생한 거절이유만을 통지하는 거절이유통지(최후거절이유통지)와 다른 하나는 출원인이 처음으로 받거나 최후거절이유통지가 아닌 거절이유통지(최초거절이유통지)를 말한다.
67,10-2012-0117312,1020120117312,1020120117312,,4,PG1501,출원공개,20140507,"출원인의 신청에 의하여 조기공개신청  또는 특허출원 이후 1년 6개월 경과 후 심사여부와 관계없이 출원공개를 해야하며 이는  발명의 공개를 통해 제3자의 중복연구, 중복투자 및 중복출원을 방지하는 한편 기술이용의 기회를 제공한다."
67,10-2012-0117312,1020120117312,1020120117312,,5,PE0902,거절이유통지,20141027,심사관은 특허법 제62조(특허거절결정)에 따라 특허거절결정을 하고자 할 때에는 출원인에게 거절이유를 통지하고 기간을 정하여 의견서를 제출할 기회를 주어야 한다. 다만 특허법 제51조(보정각하)에 따라 보정각하결정을 할때는 그러지 아니한다. 심사관이 행하는 거절이유통지는 2종류로 구분되며 그 종류에 따라 출원인이 할 수 있는 명세서 또는 도면의 보정 범위가 다르게 제한된다. 하나는 거절이유통지에 대한 보정에 따라 발생한 거절이유만을 통지하는 거절이유통지(최후거절이유통지)와 다른 하나는 출원인이 처음으로 받거나 최후거절이유통지가 아닌 거절이유통지(최초거절이유통지)를 말한다.
67,10-2012-0117312,1020120117312,1020120117312,,6,PE0902,거절이유통지,20150618,심사관은 특허법 제62조(특허거절결정)에 따라 특허거절결정을 하고자 할 때에는 출원인에게 거절이유를 통지하고 기간을 정하여 의견서를 제출할 기회를 주어야 한다. 다만 특허법 제51조(보정각하)에 따라 보정각하결정을 할때는 그러지 아니한다. 심사관이 행하는 거절이유통지는 2종류로 구분되며 그 종류에 따라 출원인이 할 수 있는 명세서 또는 도면의 보정 범위가 다르게 제한된다. 하나는 거절이유통지에 대한 보정에 따라 발생한 거절이유만을 통지하는 거절이유통지(최후거절이유통지)와 다른 하나는 출원인이 처음으로 받거나 최후거절이유통지가 아닌 거절이유통지(최초거절이유통지)를 말한다.
67,10-2012-0117312,1020120117312,1020120117312,,7,PE0701,등록결정,20150910,심사관은 특허출원에 대해 거절이유를 발견할 수 없는 경우 특허결정을 해야 한다. 특허결정이 있는 경우 특허청장은 그 특허결정의 등본을 출원인에게 송달해야 한다. 특허결정은 그 결정 등본이 송달된 때에 확정된다.
67,10-2012-0117312,1020120117312,1020120117312,,8,PR0701,설정등록,20151125,"특허권은 설정등록에 의해 발생하며, 특허결정이 된 후 출원인이 특허료를 납부하거나 보전한 경우 또는 추가납부하거나 특허료가 면제된 경우에 특허청장은 특허권을 설정하기 위한 등록을 해야 한다."
67,10-2012-0117312,1020120117312,1020120117312,,9,PR1002,등록료납부,20151125,"특허권의 설정등록을 받으려는 자는 설정등록받으려는 날 부터 3년분의 특허료를 납부한다.특허권의 설정등록을 받고자 하는자 또는 특허권자는 특허료 납부기간이 경과한 후에도 6개월 이내 특허료를 추가 납부할 수 있으며 특허료 추가 납부할 때에는 납부하여야 할 특허료의 2배 이내의 범위에서 납부해야한다. 추가납부기간 이내에 특허료를 납부하지 못한 경우에는 특허권리를 소멸하게 되는데, 이때 특허권자는 추가납부기간 만료일부터 3개월 이내에 특허료의 3배를 납부하고 그 소멸한 권리의 회복을 신청 할 수 있다."
67,10-2012-0117312,1020120117312,1020120117312,,10,PG1601,등록공고,20151202,특허권은 설정등록에 의해 발생하며 등록이 있는 때는 그 특허에 관하여 특허공보에 게재하여 등록공고를 하여야 한다. 비밀취급을 요하는 특허발명에 대하여는 비밀취급의 해제시까지 등록공고를 보류하며 그 비밀취급이 해제된 때에는 지체없이 등록공고를 하여야 하며 등록공고가 있는 날부터 3월간 출원서류 및 그 부속물건을 공중의 열람에 제공해야 한다.
67,10-2012-0117312,1020120117312,1020120117312,,11,PN2301,출원인변경,20130627,"특허출원 전에 이루어진 특허를 받을 수 있는 권리의 승계는 그 승계인이 특허출원을 하여야 제3자에게 대항할 수 있다. 특허출원 후에는 특허를 받을 수 있는 권리의 승계는 상속, 그 밖의 일반승계의 경우를 제외하고는 특허출원인변경신고를 하여야만 그 효력이 발생한다."
67,10-2012-0117312,1020120117312,1020120117312,,12,PR1001,연차료납부,20210927,"특허법 제87조 1항에 따른 특허권의 설정등록을 받으려는 자는 설정등록을 받으려는 날부터 3년분의 특허료를 납부해야 하는데, 그 다음 연도분부터는 특허료를 해당 권리의 설정등록일에 해당하는 날을 기준으로 일정기간 내에 매년 1년분씩 납부함으로써 특허권을 유지한다. 연차료의 납부기간의 종류는 아래와 같다.정상납부기간(정상납부만료일 이전), 추가납부기간(추가납부안내서 발송 이후 6개월), 회복납부기간(권리소멸 시점부터 3개월 이내)"
67,10-2012-0117312,1020120117312,1020120117312,,13,PR1001,연차료납부,20240919,"특허법 제87조 1항에 따른 특허권의 설정등록을 받으려는 자는 설정등록을 받으려는 날부터 3년분의 특허료를 납부해야 하는데, 그 다음 연도분부터는 특허료를 해당 권리의 설정등록일에 해당하는 날을 기준으로 일정기간 내에 매년 1년분씩 납부함으로써 특허권을 유지한다. 연차료의 납부기간의 종류는 아래와 같다.정상납부기간(정상납부만료일 이전), 추가납부기간(추가납부안내서 발송 이후 6개월), 회복납부기간(권리소멸 시점부터 3개월 이내)"
68,10-2012-0119022,1020120119022,1020120119022,,1,PA0109,특허출원,20121025,특허를 받고자 하는 자는 특허가 담은 발명에 대한 서류를 작성한 특허출원서를 특허청장에게 제출하여야한다.
68,10-2012-0119022,1020120119022,1020120119022,,2,PA0201,심사청구,20121025,"특허출원 이후 3년 이내에 특허청장에게 그 특허출원에 관하여 출원심사의 청구를 할 수 있고, 다만, 제34조 및 제35조에 따른 정당한 권리자의 특허출원, 분할출원 또는 변경출원에 관하여는 그 기간이 지난 후에도 정당한 권리자가 특허출원을 한 날, 분할출원을 한 날 또는 변경출원을 한 날부터 각각 30일 이내에 출원심사 청구를 할 수 있다. 심사청구가 있을 시에 한하여 특허출원을 심사한다."
68,10-2012-0119022,1020120119022,1020120119022,,3,PE0701,등록결정,20140523,심사관은 특허출원에 대해 거절이유를 발견할 수 없는 경우 특허결정을 해야 한다. 특허결정이 있는 경우 특허청장은 그 특허결정의 등본을 출원인에게 송달해야 한다. 특허결정은 그 결정 등본이 송달된 때에 확정된다.
68,10-2012-0119022,1020120119022,1020120119022,,4,PE0902,거절이유통지,20140128,심사관은 특허법 제62조(특허거절결정)에 따라 특허거절결정을 하고자 할 때에는 출원인에게 거절이유를 통지하고 기간을 정하여 의견서를 제출할 기회를 주어야 한다. 다만 특허법 제51조(보정각하)에 따라 보정각하결정을 할때는 그러지 아니한다. 심사관이 행하는 거절이유통지는 2종류로 구분되며 그 종류에 따라 출원인이 할 수 있는 명세서 또는 도면의 보정 범위가 다르게 제한된다. 하나는 거절이유통지에 대한 보정에 따라 발생한 거절이유만을 통지하는 거절이유통지(최후거절이유통지)와 다른 하나는 출원인이 처음으로 받거나 최후거절이유통지가 아닌 거절이유통지(최초거절이유통지)를 말한다.
68,10-2012-0119022,1020120119022,1020120119022,,5,PG1501,출원공개,20140507,"출원인의 신청에 의하여 조기공개신청  또는 특허출원 이후 1년 6개월 경과 후 심사여부와 관계없이 출원공개를 해야하며 이는  발명의 공개를 통해 제3자의 중복연구, 중복투자 및 중복출원을 방지하는 한편 기술이용의 기회를 제공한다."
68,10-2012-0119022,1020120119022,1020120119022,,6,PG1601,등록공고,20140603,특허권은 설정등록에 의해 발생하며 등록이 있는 때는 그 특허에 관하여 특허공보에 게재하여 등록공고를 하여야 한다. 비밀취급을 요하는 특허발명에 대하여는 비밀취급의 해제시까지 등록공고를 보류하며 그 비밀취급이 해제된 때에는 지체없이 등록공고를 하여야 하며 등록공고가 있는 날부터 3월간 출원서류 및 그 부속물건을 공중의 열람에 제공해야 한다.
68,10-2012-0119022,1020120119022,1020120119022,,7,PR0701,설정등록,20140526,"특허권은 설정등록에 의해 발생하며, 특허결정이 된 후 출원인이 특허료를 납부하거나 보전한 경우 또는 추가납부하거나 특허료가 면제된 경우에 특허청장은 특허권을 설정하기 위한 등록을 해야 한다."
68,10-2012-0119022,1020120119022,1020120119022,,8,PR1002,등록료납부,20140526,"특허권의 설정등록을 받으려는 자는 설정등록받으려는 날 부터 3년분의 특허료를 납부한다.특허권의 설정등록을 받고자 하는자 또는 특허권자는 특허료 납부기간이 경과한 후에도 6개월 이내 특허료를 추가 납부할 수 있으며 특허료 추가 납부할 때에는 납부하여야 할 특허료의 2배 이내의 범위에서 납부해야한다. 추가납부기간 이내에 특허료를 납부하지 못한 경우에는 특허권리를 소멸하게 되는데, 이때 특허권자는 추가납부기간 만료일부터 3개월 이내에 특허료의 3배를 납부하고 그 소멸한 권리의 회복을 신청 할 수 있다."
68,10-2012-0119022,1020120119022,1020120119022,,9,PR1001,연차료납부,20170418,"특허법 제87조 1항에 따른 특허권의 설정등록을 받으려는 자는 설정등록을 받으려는 날부터 3년분의 특허료를 납부해야 하는데, 그 다음 연도분부터는 특허료를 해당 권리의 설정등록일에 해당하는 날을 기준으로 일정기간 내에 매년 1년분씩 납부함으로써 특허권을 유지한다. 연차료의 납부기간의 종류는 아래와 같다.정상납부기간(정상납부만료일 이전), 추가납부기간(추가납부안내서 발송 이후 6개월), 회복납부기간(권리소멸 시점부터 3개월 이내)"
68,10-2012-0119022,1020120119022,1020120119022,,10,PR1001,연차료납부,20200330,"특허법 제87조 1항에 따른 특허권의 설정등록을 받으려는 자는 설정등록을 받으려는 날부터 3년분의 특허료를 납부해야 하는데, 그 다음 연도분부터는 특허료를 해당 권리의 설정등록일에 해당하는 날을 기준으로 일정기간 내에 매년 1년분씩 납부함으로써 특허권을 유지한다. 연차료의 납부기간의 종류는 아래와 같다.정상납부기간(정상납부만료일 이전), 추가납부기간(추가납부안내서 발송 이후 6개월), 회복납부기간(권리소멸 시점부터 3개월 이내)"
68,10-2012-0119022,1020120119022,1020120119022,,11,PR1001,연차료납부,20230323,"특허법 제87조 1항에 따른 특허권의 설정등록을 받으려는 자는 설정등록을 받으려는 날부터 3년분의 특허료를 납부해야 하는데, 그 다음 연도분부터는 특허료를 해당 권리의 설정등록일에 해당하는 날을 기준으로 일정기간 내에 매년 1년분씩 납부함으로써 특허권을 유지한다. 연차료의 납부기간의 종류는 아래와 같다.정상납부기간(정상납부만료일 이전), 추가납부기간(추가납부안내서 발송 이후 6개월), 회복납부기간(권리소멸 시점부터 3개월 이내)"
69,10-2012-0122386,1020120122386,1020120122386,,1,PA0109,특허출원,20121031,특허를 받고자 하는 자는 특허가 담은 발명에 대한 서류를 작성한 특허출원서를 특허청장에게 제출하여야한다.
69,10-2012-0122386,1020120122386,1020120122386,,2,PA0201,심사청구,20121031,"특허출원 이후 3년 이내에 특허청장에게 그 특허출원에 관하여 출원심사의 청구를 할 수 있고, 다만, 제34조 및 제35조에 따른 정당한 권리자의 특허출원, 분할출원 또는 변경출원에 관하여는 그 기간이 지난 후에도 정당한 권리자가 특허출원을 한 날, 분할출원을 한 날 또는 변경출원을 한 날부터 각각 30일 이내에 출원심사 청구를 할 수 있다. 심사청구가 있을 시에 한하여 특허출원을 심사한다."
69,10-2012-0122386,1020120122386,1020120122386,,3,PE0701,등록결정,20140520,심사관은 특허출원에 대해 거절이유를 발견할 수 없는 경우 특허결정을 해야 한다. 특허결정이 있는 경우 특허청장은 그 특허결정의 등본을 출원인에게 송달해야 한다. 특허결정은 그 결정 등본이 송달된 때에 확정된다.
69,10-2012-0122386,1020120122386,1020120122386,,4,PE0902,거절이유통지,20140116,심사관은 특허법 제62조(특허거절결정)에 따라 특허거절결정을 하고자 할 때에는 출원인에게 거절이유를 통지하고 기간을 정하여 의견서를 제출할 기회를 주어야 한다. 다만 특허법 제51조(보정각하)에 따라 보정각하결정을 할때는 그러지 아니한다. 심사관이 행하는 거절이유통지는 2종류로 구분되며 그 종류에 따라 출원인이 할 수 있는 명세서 또는 도면의 보정 범위가 다르게 제한된다. 하나는 거절이유통지에 대한 보정에 따라 발생한 거절이유만을 통지하는 거절이유통지(최후거절이유통지)와 다른 하나는 출원인이 처음으로 받거나 최후거절이유통지가 아닌 거절이유통지(최초거절이유통지)를 말한다.
69,10-2012-0122386,1020120122386,1020120122386,,5,PG1501,출원공개,20140512,"출원인의 신청에 의하여 조기공개신청  또는 특허출원 이후 1년 6개월 경과 후 심사여부와 관계없이 출원공개를 해야하며 이는  발명의 공개를 통해 제3자의 중복연구, 중복투자 및 중복출원을 방지하는 한편 기술이용의 기회를 제공한다."
69,10-2012-0122386,1020120122386,1020120122386,,6,PG1601,등록공고,20140611,특허권은 설정등록에 의해 발생하며 등록이 있는 때는 그 특허에 관하여 특허공보에 게재하여 등록공고를 하여야 한다. 비밀취급을 요하는 특허발명에 대하여는 비밀취급의 해제시까지 등록공고를 보류하며 그 비밀취급이 해제된 때에는 지체없이 등록공고를 하여야 하며 등록공고가 있는 날부터 3월간 출원서류 및 그 부속물건을 공중의 열람에 제공해야 한다.
69,10-2012-0122386,1020120122386,1020120122386,,7,PR0701,설정등록,20140526,"특허권은 설정등록에 의해 발생하며, 특허결정이 된 후 출원인이 특허료를 납부하거나 보전한 경우 또는 추가납부하거나 특허료가 면제된 경우에 특허청장은 특허권을 설정하기 위한 등록을 해야 한다."
69,10-2012-0122386,1020120122386,1020120122386,,8,PR1002,등록료납부,20140526,"특허권의 설정등록을 받으려는 자는 설정등록받으려는 날 부터 3년분의 특허료를 납부한다.특허권의 설정등록을 받고자 하는자 또는 특허권자는 특허료 납부기간이 경과한 후에도 6개월 이내 특허료를 추가 납부할 수 있으며 특허료 추가 납부할 때에는 납부하여야 할 특허료의 2배 이내의 범위에서 납부해야한다. 추가납부기간 이내에 특허료를 납부하지 못한 경우에는 특허권리를 소멸하게 되는데, 이때 특허권자는 추가납부기간 만료일부터 3개월 이내에 특허료의 3배를 납부하고 그 소멸한 권리의 회복을 신청 할 수 있다."
69,10-2012-0122386,1020120122386,1020120122386,,9,PR1001,연차료납부,20170418,"특허법 제87조 1항에 따른 특허권의 설정등록을 받으려는 자는 설정등록을 받으려는 날부터 3년분의 특허료를 납부해야 하는데, 그 다음 연도분부터는 특허료를 해당 권리의 설정등록일에 해당하는 날을 기준으로 일정기간 내에 매년 1년분씩 납부함으로써 특허권을 유지한다. 연차료의 납부기간의 종류는 아래와 같다.정상납부기간(정상납부만료일 이전), 추가납부기간(추가납부안내서 발송 이후 6개월), 회복납부기간(권리소멸 시점부터 3개월 이내)"
69,10-2012-0122386,1020120122386,1020120122386,,10,PR1001,연차료납부,20200330,"특허법 제87조 1항에 따른 특허권의 설정등록을 받으려는 자는 설정등록을 받으려는 날부터 3년분의 특허료를 납부해야 하는데, 그 다음 연도분부터는 특허료를 해당 권리의 설정등록일에 해당하는 날을 기준으로 일정기간 내에 매년 1년분씩 납부함으로써 특허권을 유지한다. 연차료의 납부기간의 종류는 아래와 같다.정상납부기간(정상납부만료일 이전), 추가납부기간(추가납부안내서 발송 이후 6개월), 회복납부기간(권리소멸 시점부터 3개월 이내)"
69,10-2012-0122386,1020120122386,1020120122386,,11,PR1001,연차료납부,20230323,"특허법 제87조 1항에 따른 특허권의 설정등록을 받으려는 자는 설정등록을 받으려는 날부터 3년분의 특허료를 납부해야 하는데, 그 다음 연도분부터는 특허료를 해당 권리의 설정등록일에 해당하는 날을 기준으로 일정기간 내에 매년 1년분씩 납부함으로써 특허권을 유지한다. 연차료의 납부기간의 종류는 아래와 같다.정상납부기간(정상납부만료일 이전), 추가납부기간(추가납부안내서 발송 이후 6개월), 회복납부기간(권리소멸 시점부터 3개월 이내)"
70,10-2012-0135175,1020120135175,1020120135175,,1,PA0109,특허출원,20121127,특허를 받고자 하는 자는 특허가 담은 발명에 대한 서류를 작성한 특허출원서를 특허청장에게 제출하여야한다.
70,10-2012-0135175,1020120135175,1020120135175,,2,PA0201,심사청구,20121127,"특허출원 이후 3년 이내에 특허청장에게 그 특허출원에 관하여 출원심사의 청구를 할 수 있고, 다만, 제34조 및 제35조에 따른 정당한 권리자의 특허출원, 분할출원 또는 변경출원에 관하여는 그 기간이 지난 후에도 정당한 권리자가 특허출원을 한 날, 분할출원을 한 날 또는 변경출원을 한 날부터 각각 30일 이내에 출원심사 청구를 할 수 있다. 심사청구가 있을 시에 한하여 특허출원을 심사한다."
70,10-2012-0135175,1020120135175,1020120135175,,3,PE0902,거절이유통지,20131125,심사관은 특허법 제62조(특허거절결정)에 따라 특허거절결정을 하고자 할 때에는 출원인에게 거절이유를 통지하고 기간을 정하여 의견서를 제출할 기회를 주어야 한다. 다만 특허법 제51조(보정각하)에 따라 보정각하결정을 할때는 그러지 아니한다. 심사관이 행하는 거절이유통지는 2종류로 구분되며 그 종류에 따라 출원인이 할 수 있는 명세서 또는 도면의 보정 범위가 다르게 제한된다. 하나는 거절이유통지에 대한 보정에 따라 발생한 거절이유만을 통지하는 거절이유통지(최후거절이유통지)와 다른 하나는 출원인이 처음으로 받거나 최후거절이유통지가 아닌 거절이유통지(최초거절이유통지)를 말한다.
70,10-2012-0135175,1020120135175,1020120135175,,4,PG1501,출원공개,20140605,"출원인의 신청에 의하여 조기공개신청  또는 특허출원 이후 1년 6개월 경과 후 심사여부와 관계없이 출원공개를 해야하며 이는  발명의 공개를 통해 제3자의 중복연구, 중복투자 및 중복출원을 방지하는 한편 기술이용의 기회를 제공한다."
70,10-2012-0135175,1020120135175,1020120135175,,5,PE0902,거절이유통지,20140620,심사관은 특허법 제62조(특허거절결정)에 따라 특허거절결정을 하고자 할 때에는 출원인에게 거절이유를 통지하고 기간을 정하여 의견서를 제출할 기회를 주어야 한다. 다만 특허법 제51조(보정각하)에 따라 보정각하결정을 할때는 그러지 아니한다. 심사관이 행하는 거절이유통지는 2종류로 구분되며 그 종류에 따라 출원인이 할 수 있는 명세서 또는 도면의 보정 범위가 다르게 제한된다. 하나는 거절이유통지에 대한 보정에 따라 발생한 거절이유만을 통지하는 거절이유통지(최후거절이유통지)와 다른 하나는 출원인이 처음으로 받거나 최후거절이유통지가 아닌 거절이유통지(최초거절이유통지)를 말한다.
70,10-2012-0135175,1020120135175,1020120135175,,6,PE0701,등록결정,20141218,심사관은 특허출원에 대해 거절이유를 발견할 수 없는 경우 특허결정을 해야 한다. 특허결정이 있는 경우 특허청장은 그 특허결정의 등본을 출원인에게 송달해야 한다. 특허결정은 그 결정 등본이 송달된 때에 확정된다.
70,10-2012-0135175,1020120135175,1020120135175,,7,PR0701,설정등록,20141226,"특허권은 설정등록에 의해 발생하며, 특허결정이 된 후 출원인이 특허료를 납부하거나 보전한 경우 또는 추가납부하거나 특허료가 면제된 경우에 특허청장은 특허권을 설정하기 위한 등록을 해야 한다."
70,10-2012-0135175,1020120135175,1020120135175,,8,PR1002,등록료납부,20141226,"특허권의 설정등록을 받으려는 자는 설정등록받으려는 날 부터 3년분의 특허료를 납부한다.특허권의 설정등록을 받고자 하는자 또는 특허권자는 특허료 납부기간이 경과한 후에도 6개월 이내 특허료를 추가 납부할 수 있으며 특허료 추가 납부할 때에는 납부하여야 할 특허료의 2배 이내의 범위에서 납부해야한다. 추가납부기간 이내에 특허료를 납부하지 못한 경우에는 특허권리를 소멸하게 되는데, 이때 특허권자는 추가납부기간 만료일부터 3개월 이내에 특허료의 3배를 납부하고 그 소멸한 권리의 회복을 신청 할 수 있다."
70,10-2012-0135175,1020120135175,1020120135175,,9,PG1601,등록공고,20150102,특허권은 설정등록에 의해 발생하며 등록이 있는 때는 그 특허에 관하여 특허공보에 게재하여 등록공고를 하여야 한다. 비밀취급을 요하는 특허발명에 대하여는 비밀취급의 해제시까지 등록공고를 보류하며 그 비밀취급이 해제된 때에는 지체없이 등록공고를 하여야 하며 등록공고가 있는 날부터 3월간 출원서류 및 그 부속물건을 공중의 열람에 제공해야 한다.
70,10-2012-0135175,1020120135175,1020120135175,,10,PR1001,연차료납부,20171124,"특허법 제87조 1항에 따른 특허권의 설정등록을 받으려는 자는 설정등록을 받으려는 날부터 3년분의 특허료를 납부해야 하는데, 그 다음 연도분부터는 특허료를 해당 권리의 설정등록일에 해당하는 날을 기준으로 일정기간 내에 매년 1년분씩 납부함으로써 특허권을 유지한다. 연차료의 납부기간의 종류는 아래와 같다.정상납부기간(정상납부만료일 이전), 추가납부기간(추가납부안내서 발송 이후 6개월), 회복납부기간(권리소멸 시점부터 3개월 이내)"
70,10-2012-0135175,1020120135175,1020120135175,,11,PR1001,연차료납부,20200925,"특허법 제87조 1항에 따른 특허권의 설정등록을 받으려는 자는 설정등록을 받으려는 날부터 3년분의 특허료를 납부해야 하는데, 그 다음 연도분부터는 특허료를 해당 권리의 설정등록일에 해당하는 날을 기준으로 일정기간 내에 매년 1년분씩 납부함으로써 특허권을 유지한다. 연차료의 납부기간의 종류는 아래와 같다.정상납부기간(정상납부만료일 이전), 추가납부기간(추가납부안내서 발송 이후 6개월), 회복납부기간(권리소멸 시점부터 3개월 이내)"
71,10-2012-0135182,1020120135182,1020120135182,,1,PA0109,특허출원,20121127,특허를 받고자 하는 자는 특허가 담은 발명에 대한 서류를 작성한 특허출원서를 특허청장에게 제출하여야한다.
71,10-2012-0135182,1020120135182,1020120135182,,2,PA0201,심사청구,20121127,"특허출원 이후 3년 이내에 특허청장에게 그 특허출원에 관하여 출원심사의 청구를 할 수 있고, 다만, 제34조 및 제35조에 따른 정당한 권리자의 특허출원, 분할출원 또는 변경출원에 관하여는 그 기간이 지난 후에도 정당한 권리자가 특허출원을 한 날, 분할출원을 한 날 또는 변경출원을 한 날부터 각각 30일 이내에 출원심사 청구를 할 수 있다. 심사청구가 있을 시에 한하여 특허출원을 심사한다."
71,10-2012-0135182,1020120135182,1020120135182,,3,PE0902,거절이유통지,20131120,심사관은 특허법 제62조(특허거절결정)에 따라 특허거절결정을 하고자 할 때에는 출원인에게 거절이유를 통지하고 기간을 정하여 의견서를 제출할 기회를 주어야 한다. 다만 특허법 제51조(보정각하)에 따라 보정각하결정을 할때는 그러지 아니한다. 심사관이 행하는 거절이유통지는 2종류로 구분되며 그 종류에 따라 출원인이 할 수 있는 명세서 또는 도면의 보정 범위가 다르게 제한된다. 하나는 거절이유통지에 대한 보정에 따라 발생한 거절이유만을 통지하는 거절이유통지(최후거절이유통지)와 다른 하나는 출원인이 처음으로 받거나 최후거절이유통지가 아닌 거절이유통지(최초거절이유통지)를 말한다.
71,10-2012-0135182,1020120135182,1020120135182,,4,PG1501,출원공개,20140609,"출원인의 신청에 의하여 조기공개신청  또는 특허출원 이후 1년 6개월 경과 후 심사여부와 관계없이 출원공개를 해야하며 이는  발명의 공개를 통해 제3자의 중복연구, 중복투자 및 중복출원을 방지하는 한편 기술이용의 기회를 제공한다."
71,10-2012-0135182,1020120135182,1020120135182,,5,PE0701,등록결정,20140627,심사관은 특허출원에 대해 거절이유를 발견할 수 없는 경우 특허결정을 해야 한다. 특허결정이 있는 경우 특허청장은 그 특허결정의 등본을 출원인에게 송달해야 한다. 특허결정은 그 결정 등본이 송달된 때에 확정된다.
71,10-2012-0135182,1020120135182,1020120135182,,6,PG1601,등록공고,20140709,특허권은 설정등록에 의해 발생하며 등록이 있는 때는 그 특허에 관하여 특허공보에 게재하여 등록공고를 하여야 한다. 비밀취급을 요하는 특허발명에 대하여는 비밀취급의 해제시까지 등록공고를 보류하며 그 비밀취급이 해제된 때에는 지체없이 등록공고를 하여야 하며 등록공고가 있는 날부터 3월간 출원서류 및 그 부속물건을 공중의 열람에 제공해야 한다.
71,10-2012-0135182,1020120135182,1020120135182,,7,PR0701,설정등록,20140702,"특허권은 설정등록에 의해 발생하며, 특허결정이 된 후 출원인이 특허료를 납부하거나 보전한 경우 또는 추가납부하거나 특허료가 면제된 경우에 특허청장은 특허권을 설정하기 위한 등록을 해야 한다."
71,10-2012-0135182,1020120135182,1020120135182,,8,PR1002,등록료납부,20140702,"특허권의 설정등록을 받으려는 자는 설정등록받으려는 날 부터 3년분의 특허료를 납부한다.특허권의 설정등록을 받고자 하는자 또는 특허권자는 특허료 납부기간이 경과한 후에도 6개월 이내 특허료를 추가 납부할 수 있으며 특허료 추가 납부할 때에는 납부하여야 할 특허료의 2배 이내의 범위에서 납부해야한다. 추가납부기간 이내에 특허료를 납부하지 못한 경우에는 특허권리를 소멸하게 되는데, 이때 특허권자는 추가납부기간 만료일부터 3개월 이내에 특허료의 3배를 납부하고 그 소멸한 권리의 회복을 신청 할 수 있다."
71,10-2012-0135182,1020120135182,1020120135182,,9,PR1001,연차료납부,20170721,"특허법 제87조 1항에 따른 특허권의 설정등록을 받으려는 자는 설정등록을 받으려는 날부터 3년분의 특허료를 납부해야 하는데, 그 다음 연도분부터는 특허료를 해당 권리의 설정등록일에 해당하는 날을 기준으로 일정기간 내에 매년 1년분씩 납부함으로써 특허권을 유지한다. 연차료의 납부기간의 종류는 아래와 같다.정상납부기간(정상납부만료일 이전), 추가납부기간(추가납부안내서 발송 이후 6개월), 회복납부기간(권리소멸 시점부터 3개월 이내)"
72,10-2012-0135192,1020120135192,1020120135192,,1,PA0109,특허출원,20121127,특허를 받고자 하는 자는 특허가 담은 발명에 대한 서류를 작성한 특허출원서를 특허청장에게 제출하여야한다.
72,10-2012-0135192,1020120135192,1020120135192,,2,PA0201,심사청구,20121127,"특허출원 이후 3년 이내에 특허청장에게 그 특허출원에 관하여 출원심사의 청구를 할 수 있고, 다만, 제34조 및 제35조에 따른 정당한 권리자의 특허출원, 분할출원 또는 변경출원에 관하여는 그 기간이 지난 후에도 정당한 권리자가 특허출원을 한 날, 분할출원을 한 날 또는 변경출원을 한 날부터 각각 30일 이내에 출원심사 청구를 할 수 있다. 심사청구가 있을 시에 한하여 특허출원을 심사한다."
72,10-2012-0135192,1020120135192,1020120135192,,3,PE0902,거절이유통지,20140319,심사관은 특허법 제62조(특허거절결정)에 따라 특허거절결정을 하고자 할 때에는 출원인에게 거절이유를 통지하고 기간을 정하여 의견서를 제출할 기회를 주어야 한다. 다만 특허법 제51조(보정각하)에 따라 보정각하결정을 할때는 그러지 아니한다. 심사관이 행하는 거절이유통지는 2종류로 구분되며 그 종류에 따라 출원인이 할 수 있는 명세서 또는 도면의 보정 범위가 다르게 제한된다. 하나는 거절이유통지에 대한 보정에 따라 발생한 거절이유만을 통지하는 거절이유통지(최후거절이유통지)와 다른 하나는 출원인이 처음으로 받거나 최후거절이유통지가 아닌 거절이유통지(최초거절이유통지)를 말한다.
72,10-2012-0135192,1020120135192,1020120135192,,4,PG1501,출원공개,20140613,"출원인의 신청에 의하여 조기공개신청  또는 특허출원 이후 1년 6개월 경과 후 심사여부와 관계없이 출원공개를 해야하며 이는  발명의 공개를 통해 제3자의 중복연구, 중복투자 및 중복출원을 방지하는 한편 기술이용의 기회를 제공한다."
72,10-2012-0135192,1020120135192,1020120135192,,5,PE0701,등록결정,20140930,심사관은 특허출원에 대해 거절이유를 발견할 수 없는 경우 특허결정을 해야 한다. 특허결정이 있는 경우 특허청장은 그 특허결정의 등본을 출원인에게 송달해야 한다. 특허결정은 그 결정 등본이 송달된 때에 확정된다.
72,10-2012-0135192,1020120135192,1020120135192,,6,PG1601,등록공고,20141015,특허권은 설정등록에 의해 발생하며 등록이 있는 때는 그 특허에 관하여 특허공보에 게재하여 등록공고를 하여야 한다. 비밀취급을 요하는 특허발명에 대하여는 비밀취급의 해제시까지 등록공고를 보류하며 그 비밀취급이 해제된 때에는 지체없이 등록공고를 하여야 하며 등록공고가 있는 날부터 3월간 출원서류 및 그 부속물건을 공중의 열람에 제공해야 한다.
72,10-2012-0135192,1020120135192,1020120135192,,7,PR0701,설정등록,20141006,"특허권은 설정등록에 의해 발생하며, 특허결정이 된 후 출원인이 특허료를 납부하거나 보전한 경우 또는 추가납부하거나 특허료가 면제된 경우에 특허청장은 특허권을 설정하기 위한 등록을 해야 한다."
72,10-2012-0135192,1020120135192,1020120135192,,8,PR1002,등록료납부,20141006,"특허권의 설정등록을 받으려는 자는 설정등록받으려는 날 부터 3년분의 특허료를 납부한다.특허권의 설정등록을 받고자 하는자 또는 특허권자는 특허료 납부기간이 경과한 후에도 6개월 이내 특허료를 추가 납부할 수 있으며 특허료 추가 납부할 때에는 납부하여야 할 특허료의 2배 이내의 범위에서 납부해야한다. 추가납부기간 이내에 특허료를 납부하지 못한 경우에는 특허권리를 소멸하게 되는데, 이때 특허권자는 추가납부기간 만료일부터 3개월 이내에 특허료의 3배를 납부하고 그 소멸한 권리의 회복을 신청 할 수 있다."
72,10-2012-0135192,1020120135192,1020120135192,,9,PR1001,연차료납부,20170926,"특허법 제87조 1항에 따른 특허권의 설정등록을 받으려는 자는 설정등록을 받으려는 날부터 3년분의 특허료를 납부해야 하는데, 그 다음 연도분부터는 특허료를 해당 권리의 설정등록일에 해당하는 날을 기준으로 일정기간 내에 매년 1년분씩 납부함으로써 특허권을 유지한다. 연차료의 납부기간의 종류는 아래와 같다.정상납부기간(정상납부만료일 이전), 추가납부기간(추가납부안내서 발송 이후 6개월), 회복납부기간(권리소멸 시점부터 3개월 이내)"
72,10-2012-0135192,1020120135192,1020120135192,,10,PR1001,연차료납부,20200925,"특허법 제87조 1항에 따른 특허권의 설정등록을 받으려는 자는 설정등록을 받으려는 날부터 3년분의 특허료를 납부해야 하는데, 그 다음 연도분부터는 특허료를 해당 권리의 설정등록일에 해당하는 날을 기준으로 일정기간 내에 매년 1년분씩 납부함으로써 특허권을 유지한다. 연차료의 납부기간의 종류는 아래와 같다.정상납부기간(정상납부만료일 이전), 추가납부기간(추가납부안내서 발송 이후 6개월), 회복납부기간(권리소멸 시점부터 3개월 이내)"
73,10-2012-0135408,1020120135408,1020120135408,,1,PA0109,특허출원,20121127,특허를 받고자 하는 자는 특허가 담은 발명에 대한 서류를 작성한 특허출원서를 특허청장에게 제출하여야한다.
73,10-2012-0135408,1020120135408,1020120135408,,2,PA0201,심사청구,20121127,"특허출원 이후 3년 이내에 특허청장에게 그 특허출원에 관하여 출원심사의 청구를 할 수 있고, 다만, 제34조 및 제35조에 따른 정당한 권리자의 특허출원, 분할출원 또는 변경출원에 관하여는 그 기간이 지난 후에도 정당한 권리자가 특허출원을 한 날, 분할출원을 한 날 또는 변경출원을 한 날부터 각각 30일 이내에 출원심사 청구를 할 수 있다. 심사청구가 있을 시에 한하여 특허출원을 심사한다."
73,10-2012-0135408,1020120135408,1020120135408,,3,PE0902,거절이유통지,20131128,심사관은 특허법 제62조(특허거절결정)에 따라 특허거절결정을 하고자 할 때에는 출원인에게 거절이유를 통지하고 기간을 정하여 의견서를 제출할 기회를 주어야 한다. 다만 특허법 제51조(보정각하)에 따라 보정각하결정을 할때는 그러지 아니한다. 심사관이 행하는 거절이유통지는 2종류로 구분되며 그 종류에 따라 출원인이 할 수 있는 명세서 또는 도면의 보정 범위가 다르게 제한된다. 하나는 거절이유통지에 대한 보정에 따라 발생한 거절이유만을 통지하는 거절이유통지(최후거절이유통지)와 다른 하나는 출원인이 처음으로 받거나 최후거절이유통지가 아닌 거절이유통지(최초거절이유통지)를 말한다.
73,10-2012-0135408,1020120135408,1020120135408,,4,PG1501,출원공개,20140605,"출원인의 신청에 의하여 조기공개신청  또는 특허출원 이후 1년 6개월 경과 후 심사여부와 관계없이 출원공개를 해야하며 이는  발명의 공개를 통해 제3자의 중복연구, 중복투자 및 중복출원을 방지하는 한편 기술이용의 기회를 제공한다."
73,10-2012-0135408,1020120135408,1020120135408,,5,PE0701,등록결정,20140627,심사관은 특허출원에 대해 거절이유를 발견할 수 없는 경우 특허결정을 해야 한다. 특허결정이 있는 경우 특허청장은 그 특허결정의 등본을 출원인에게 송달해야 한다. 특허결정은 그 결정 등본이 송달된 때에 확정된다.
73,10-2012-0135408,1020120135408,1020120135408,,6,PR0701,설정등록,20140702,"특허권은 설정등록에 의해 발생하며, 특허결정이 된 후 출원인이 특허료를 납부하거나 보전한 경우 또는 추가납부하거나 특허료가 면제된 경우에 특허청장은 특허권을 설정하기 위한 등록을 해야 한다."
73,10-2012-0135408,1020120135408,1020120135408,,7,PR1002,등록료납부,20140702,"특허권의 설정등록을 받으려는 자는 설정등록받으려는 날 부터 3년분의 특허료를 납부한다.특허권의 설정등록을 받고자 하는자 또는 특허권자는 특허료 납부기간이 경과한 후에도 6개월 이내 특허료를 추가 납부할 수 있으며 특허료 추가 납부할 때에는 납부하여야 할 특허료의 2배 이내의 범위에서 납부해야한다. 추가납부기간 이내에 특허료를 납부하지 못한 경우에는 특허권리를 소멸하게 되는데, 이때 특허권자는 추가납부기간 만료일부터 3개월 이내에 특허료의 3배를 납부하고 그 소멸한 권리의 회복을 신청 할 수 있다."
73,10-2012-0135408,1020120135408,1020120135408,,8,PG1601,등록공고,20140806,특허권은 설정등록에 의해 발생하며 등록이 있는 때는 그 특허에 관하여 특허공보에 게재하여 등록공고를 하여야 한다. 비밀취급을 요하는 특허발명에 대하여는 비밀취급의 해제시까지 등록공고를 보류하며 그 비밀취급이 해제된 때에는 지체없이 등록공고를 하여야 하며 등록공고가 있는 날부터 3월간 출원서류 및 그 부속물건을 공중의 열람에 제공해야 한다.
73,10-2012-0135408,1020120135408,1020120135408,,9,PR1001,연차료납부,20170721,"특허법 제87조 1항에 따른 특허권의 설정등록을 받으려는 자는 설정등록을 받으려는 날부터 3년분의 특허료를 납부해야 하는데, 그 다음 연도분부터는 특허료를 해당 권리의 설정등록일에 해당하는 날을 기준으로 일정기간 내에 매년 1년분씩 납부함으로써 특허권을 유지한다. 연차료의 납부기간의 종류는 아래와 같다.정상납부기간(정상납부만료일 이전), 추가납부기간(추가납부안내서 발송 이후 6개월), 회복납부기간(권리소멸 시점부터 3개월 이내)"
74,10-2012-0135948,1020120135948,1020120135948,,1,PA0109,특허출원,20121128,특허를 받고자 하는 자는 특허가 담은 발명에 대한 서류를 작성한 특허출원서를 특허청장에게 제출하여야한다.
74,10-2012-0135948,1020120135948,1020120135948,,2,PA0201,심사청구,20121128,"특허출원 이후 3년 이내에 특허청장에게 그 특허출원에 관하여 출원심사의 청구를 할 수 있고, 다만, 제34조 및 제35조에 따른 정당한 권리자의 특허출원, 분할출원 또는 변경출원에 관하여는 그 기간이 지난 후에도 정당한 권리자가 특허출원을 한 날, 분할출원을 한 날 또는 변경출원을 한 날부터 각각 30일 이내에 출원심사 청구를 할 수 있다. 심사청구가 있을 시에 한하여 특허출원을 심사한다."
74,10-2012-0135948,1020120135948,1020120135948,,3,PE0902,거절이유통지,20140430,심사관은 특허법 제62조(특허거절결정)에 따라 특허거절결정을 하고자 할 때에는 출원인에게 거절이유를 통지하고 기간을 정하여 의견서를 제출할 기회를 주어야 한다. 다만 특허법 제51조(보정각하)에 따라 보정각하결정을 할때는 그러지 아니한다. 심사관이 행하는 거절이유통지는 2종류로 구분되며 그 종류에 따라 출원인이 할 수 있는 명세서 또는 도면의 보정 범위가 다르게 제한된다. 하나는 거절이유통지에 대한 보정에 따라 발생한 거절이유만을 통지하는 거절이유통지(최후거절이유통지)와 다른 하나는 출원인이 처음으로 받거나 최후거절이유통지가 아닌 거절이유통지(최초거절이유통지)를 말한다.
74,10-2012-0135948,1020120135948,1020120135948,,4,PG1501,출원공개,20140611,"출원인의 신청에 의하여 조기공개신청  또는 특허출원 이후 1년 6개월 경과 후 심사여부와 관계없이 출원공개를 해야하며 이는  발명의 공개를 통해 제3자의 중복연구, 중복투자 및 중복출원을 방지하는 한편 기술이용의 기회를 제공한다."
74,10-2012-0135948,1020120135948,1020120135948,,5,PE0701,등록결정,20141224,심사관은 특허출원에 대해 거절이유를 발견할 수 없는 경우 특허결정을 해야 한다. 특허결정이 있는 경우 특허청장은 그 특허결정의 등본을 출원인에게 송달해야 한다. 특허결정은 그 결정 등본이 송달된 때에 확정된다.
74,10-2012-0135948,1020120135948,1020120135948,,6,PG1601,등록공고,20150113,특허권은 설정등록에 의해 발생하며 등록이 있는 때는 그 특허에 관하여 특허공보에 게재하여 등록공고를 하여야 한다. 비밀취급을 요하는 특허발명에 대하여는 비밀취급의 해제시까지 등록공고를 보류하며 그 비밀취급이 해제된 때에는 지체없이 등록공고를 하여야 하며 등록공고가 있는 날부터 3월간 출원서류 및 그 부속물건을 공중의 열람에 제공해야 한다.
74,10-2012-0135948,1020120135948,1020120135948,,7,PR0701,설정등록,20150106,"특허권은 설정등록에 의해 발생하며, 특허결정이 된 후 출원인이 특허료를 납부하거나 보전한 경우 또는 추가납부하거나 특허료가 면제된 경우에 특허청장은 특허권을 설정하기 위한 등록을 해야 한다."
74,10-2012-0135948,1020120135948,1020120135948,,8,PR1002,등록료납부,20150106,"특허권의 설정등록을 받으려는 자는 설정등록받으려는 날 부터 3년분의 특허료를 납부한다.특허권의 설정등록을 받고자 하는자 또는 특허권자는 특허료 납부기간이 경과한 후에도 6개월 이내 특허료를 추가 납부할 수 있으며 특허료 추가 납부할 때에는 납부하여야 할 특허료의 2배 이내의 범위에서 납부해야한다. 추가납부기간 이내에 특허료를 납부하지 못한 경우에는 특허권리를 소멸하게 되는데, 이때 특허권자는 추가납부기간 만료일부터 3개월 이내에 특허료의 3배를 납부하고 그 소멸한 권리의 회복을 신청 할 수 있다."
74,10-2012-0135948,1020120135948,1020120135948,,9,PR1001,연차료납부,20171219,"특허법 제87조 1항에 따른 특허권의 설정등록을 받으려는 자는 설정등록을 받으려는 날부터 3년분의 특허료를 납부해야 하는데, 그 다음 연도분부터는 특허료를 해당 권리의 설정등록일에 해당하는 날을 기준으로 일정기간 내에 매년 1년분씩 납부함으로써 특허권을 유지한다. 연차료의 납부기간의 종류는 아래와 같다.정상납부기간(정상납부만료일 이전), 추가납부기간(추가납부안내서 발송 이후 6개월), 회복납부기간(권리소멸 시점부터 3개월 이내)"
74,10-2012-0135948,1020120135948,1020120135948,,10,PR1001,연차료납부,20201228,"특허법 제87조 1항에 따른 특허권의 설정등록을 받으려는 자는 설정등록을 받으려는 날부터 3년분의 특허료를 납부해야 하는데, 그 다음 연도분부터는 특허료를 해당 권리의 설정등록일에 해당하는 날을 기준으로 일정기간 내에 매년 1년분씩 납부함으로써 특허권을 유지한다. 연차료의 납부기간의 종류는 아래와 같다.정상납부기간(정상납부만료일 이전), 추가납부기간(추가납부안내서 발송 이후 6개월), 회복납부기간(권리소멸 시점부터 3개월 이내)"
75,10-2012-0136202,1020120136202,1020120136202,,1,PA0109,특허출원,20121128,특허를 받고자 하는 자는 특허가 담은 발명에 대한 서류를 작성한 특허출원서를 특허청장에게 제출하여야한다.
75,10-2012-0136202,1020120136202,1020120136202,,2,PA0201,심사청구,20121128,"특허출원 이후 3년 이내에 특허청장에게 그 특허출원에 관하여 출원심사의 청구를 할 수 있고, 다만, 제34조 및 제35조에 따른 정당한 권리자의 특허출원, 분할출원 또는 변경출원에 관하여는 그 기간이 지난 후에도 정당한 권리자가 특허출원을 한 날, 분할출원을 한 날 또는 변경출원을 한 날부터 각각 30일 이내에 출원심사 청구를 할 수 있다. 심사청구가 있을 시에 한하여 특허출원을 심사한다."
75,10-2012-0136202,1020120136202,1020120136202,,3,PE0902,거절이유통지,20131128,심사관은 특허법 제62조(특허거절결정)에 따라 특허거절결정을 하고자 할 때에는 출원인에게 거절이유를 통지하고 기간을 정하여 의견서를 제출할 기회를 주어야 한다. 다만 특허법 제51조(보정각하)에 따라 보정각하결정을 할때는 그러지 아니한다. 심사관이 행하는 거절이유통지는 2종류로 구분되며 그 종류에 따라 출원인이 할 수 있는 명세서 또는 도면의 보정 범위가 다르게 제한된다. 하나는 거절이유통지에 대한 보정에 따라 발생한 거절이유만을 통지하는 거절이유통지(최후거절이유통지)와 다른 하나는 출원인이 처음으로 받거나 최후거절이유통지가 아닌 거절이유통지(최초거절이유통지)를 말한다.
75,10-2012-0136202,1020120136202,1020120136202,,4,PG1501,출원공개,20140609,"출원인의 신청에 의하여 조기공개신청  또는 특허출원 이후 1년 6개월 경과 후 심사여부와 관계없이 출원공개를 해야하며 이는  발명의 공개를 통해 제3자의 중복연구, 중복투자 및 중복출원을 방지하는 한편 기술이용의 기회를 제공한다."
75,10-2012-0136202,1020120136202,1020120136202,,5,PE0701,등록결정,20140730,심사관은 특허출원에 대해 거절이유를 발견할 수 없는 경우 특허결정을 해야 한다. 특허결정이 있는 경우 특허청장은 그 특허결정의 등본을 출원인에게 송달해야 한다. 특허결정은 그 결정 등본이 송달된 때에 확정된다.
75,10-2012-0136202,1020120136202,1020120136202,,6,PR0701,설정등록,20140807,"특허권은 설정등록에 의해 발생하며, 특허결정이 된 후 출원인이 특허료를 납부하거나 보전한 경우 또는 추가납부하거나 특허료가 면제된 경우에 특허청장은 특허권을 설정하기 위한 등록을 해야 한다."
75,10-2012-0136202,1020120136202,1020120136202,,7,PR1002,등록료납부,20140807,"특허권의 설정등록을 받으려는 자는 설정등록받으려는 날 부터 3년분의 특허료를 납부한다.특허권의 설정등록을 받고자 하는자 또는 특허권자는 특허료 납부기간이 경과한 후에도 6개월 이내 특허료를 추가 납부할 수 있으며 특허료 추가 납부할 때에는 납부하여야 할 특허료의 2배 이내의 범위에서 납부해야한다. 추가납부기간 이내에 특허료를 납부하지 못한 경우에는 특허권리를 소멸하게 되는데, 이때 특허권자는 추가납부기간 만료일부터 3개월 이내에 특허료의 3배를 납부하고 그 소멸한 권리의 회복을 신청 할 수 있다."
75,10-2012-0136202,1020120136202,1020120136202,,8,PG1601,등록공고,20140813,특허권은 설정등록에 의해 발생하며 등록이 있는 때는 그 특허에 관하여 특허공보에 게재하여 등록공고를 하여야 한다. 비밀취급을 요하는 특허발명에 대하여는 비밀취급의 해제시까지 등록공고를 보류하며 그 비밀취급이 해제된 때에는 지체없이 등록공고를 하여야 하며 등록공고가 있는 날부터 3월간 출원서류 및 그 부속물건을 공중의 열람에 제공해야 한다.
75,10-2012-0136202,1020120136202,1020120136202,,9,PR1001,연차료납부,20170721,"특허법 제87조 1항에 따른 특허권의 설정등록을 받으려는 자는 설정등록을 받으려는 날부터 3년분의 특허료를 납부해야 하는데, 그 다음 연도분부터는 특허료를 해당 권리의 설정등록일에 해당하는 날을 기준으로 일정기간 내에 매년 1년분씩 납부함으로써 특허권을 유지한다. 연차료의 납부기간의 종류는 아래와 같다.정상납부기간(정상납부만료일 이전), 추가납부기간(추가납부안내서 발송 이후 6개월), 회복납부기간(권리소멸 시점부터 3개월 이내)"
76,10-2012-0136211,1020120136211,1020120136211,,1,PA0109,특허출원,20121128,특허를 받고자 하는 자는 특허가 담은 발명에 대한 서류를 작성한 특허출원서를 특허청장에게 제출하여야한다.
76,10-2012-0136211,1020120136211,1020120136211,,2,PA0201,심사청구,20121128,"특허출원 이후 3년 이내에 특허청장에게 그 특허출원에 관하여 출원심사의 청구를 할 수 있고, 다만, 제34조 및 제35조에 따른 정당한 권리자의 특허출원, 분할출원 또는 변경출원에 관하여는 그 기간이 지난 후에도 정당한 권리자가 특허출원을 한 날, 분할출원을 한 날 또는 변경출원을 한 날부터 각각 30일 이내에 출원심사 청구를 할 수 있다. 심사청구가 있을 시에 한하여 특허출원을 심사한다."
76,10-2012-0136211,1020120136211,1020120136211,,3,PE0902,거절이유통지,20131202,심사관은 특허법 제62조(특허거절결정)에 따라 특허거절결정을 하고자 할 때에는 출원인에게 거절이유를 통지하고 기간을 정하여 의견서를 제출할 기회를 주어야 한다. 다만 특허법 제51조(보정각하)에 따라 보정각하결정을 할때는 그러지 아니한다. 심사관이 행하는 거절이유통지는 2종류로 구분되며 그 종류에 따라 출원인이 할 수 있는 명세서 또는 도면의 보정 범위가 다르게 제한된다. 하나는 거절이유통지에 대한 보정에 따라 발생한 거절이유만을 통지하는 거절이유통지(최후거절이유통지)와 다른 하나는 출원인이 처음으로 받거나 최후거절이유통지가 아닌 거절이유통지(최초거절이유통지)를 말한다.
76,10-2012-0136211,1020120136211,1020120136211,,4,PG1501,출원공개,20140609,"출원인의 신청에 의하여 조기공개신청  또는 특허출원 이후 1년 6개월 경과 후 심사여부와 관계없이 출원공개를 해야하며 이는  발명의 공개를 통해 제3자의 중복연구, 중복투자 및 중복출원을 방지하는 한편 기술이용의 기회를 제공한다."
76,10-2012-0136211,1020120136211,1020120136211,,5,PE0701,등록결정,20140627,심사관은 특허출원에 대해 거절이유를 발견할 수 없는 경우 특허결정을 해야 한다. 특허결정이 있는 경우 특허청장은 그 특허결정의 등본을 출원인에게 송달해야 한다. 특허결정은 그 결정 등본이 송달된 때에 확정된다.
76,10-2012-0136211,1020120136211,1020120136211,,6,PR0701,설정등록,20140702,"특허권은 설정등록에 의해 발생하며, 특허결정이 된 후 출원인이 특허료를 납부하거나 보전한 경우 또는 추가납부하거나 특허료가 면제된 경우에 특허청장은 특허권을 설정하기 위한 등록을 해야 한다."
76,10-2012-0136211,1020120136211,1020120136211,,7,PR1002,등록료납부,20140702,"특허권의 설정등록을 받으려는 자는 설정등록받으려는 날 부터 3년분의 특허료를 납부한다.특허권의 설정등록을 받고자 하는자 또는 특허권자는 특허료 납부기간이 경과한 후에도 6개월 이내 특허료를 추가 납부할 수 있으며 특허료 추가 납부할 때에는 납부하여야 할 특허료의 2배 이내의 범위에서 납부해야한다. 추가납부기간 이내에 특허료를 납부하지 못한 경우에는 특허권리를 소멸하게 되는데, 이때 특허권자는 추가납부기간 만료일부터 3개월 이내에 특허료의 3배를 납부하고 그 소멸한 권리의 회복을 신청 할 수 있다."
76,10-2012-0136211,1020120136211,1020120136211,,8,PG1601,등록공고,20140806,특허권은 설정등록에 의해 발생하며 등록이 있는 때는 그 특허에 관하여 특허공보에 게재하여 등록공고를 하여야 한다. 비밀취급을 요하는 특허발명에 대하여는 비밀취급의 해제시까지 등록공고를 보류하며 그 비밀취급이 해제된 때에는 지체없이 등록공고를 하여야 하며 등록공고가 있는 날부터 3월간 출원서류 및 그 부속물건을 공중의 열람에 제공해야 한다.
76,10-2012-0136211,1020120136211,1020120136211,,9,PR1001,연차료납부,20170721,"특허법 제87조 1항에 따른 특허권의 설정등록을 받으려는 자는 설정등록을 받으려는 날부터 3년분의 특허료를 납부해야 하는데, 그 다음 연도분부터는 특허료를 해당 권리의 설정등록일에 해당하는 날을 기준으로 일정기간 내에 매년 1년분씩 납부함으로써 특허권을 유지한다. 연차료의 납부기간의 종류는 아래와 같다.정상납부기간(정상납부만료일 이전), 추가납부기간(추가납부안내서 발송 이후 6개월), 회복납부기간(권리소멸 시점부터 3개월 이내)"
77,10-2012-0143698,1020120143698,1020120143698,,1,PA0109,특허출원,20121211,특허를 받고자 하는 자는 특허가 담은 발명에 대한 서류를 작성한 특허출원서를 특허청장에게 제출하여야한다.
77,10-2012-0143698,1020120143698,1020120143698,,2,PA0201,심사청구,20121211,"특허출원 이후 3년 이내에 특허청장에게 그 특허출원에 관하여 출원심사의 청구를 할 수 있고, 다만, 제34조 및 제35조에 따른 정당한 권리자의 특허출원, 분할출원 또는 변경출원에 관하여는 그 기간이 지난 후에도 정당한 권리자가 특허출원을 한 날, 분할출원을 한 날 또는 변경출원을 한 날부터 각각 30일 이내에 출원심사 청구를 할 수 있다. 심사청구가 있을 시에 한하여 특허출원을 심사한다."
77,10-2012-0143698,1020120143698,1020120143698,,3,PE0902,거절이유통지,20140328,심사관은 특허법 제62조(특허거절결정)에 따라 특허거절결정을 하고자 할 때에는 출원인에게 거절이유를 통지하고 기간을 정하여 의견서를 제출할 기회를 주어야 한다. 다만 특허법 제51조(보정각하)에 따라 보정각하결정을 할때는 그러지 아니한다. 심사관이 행하는 거절이유통지는 2종류로 구분되며 그 종류에 따라 출원인이 할 수 있는 명세서 또는 도면의 보정 범위가 다르게 제한된다. 하나는 거절이유통지에 대한 보정에 따라 발생한 거절이유만을 통지하는 거절이유통지(최후거절이유통지)와 다른 하나는 출원인이 처음으로 받거나 최후거절이유통지가 아닌 거절이유통지(최초거절이유통지)를 말한다.
77,10-2012-0143698,1020120143698,1020120143698,,4,PG1501,출원공개,20140619,"출원인의 신청에 의하여 조기공개신청  또는 특허출원 이후 1년 6개월 경과 후 심사여부와 관계없이 출원공개를 해야하며 이는  발명의 공개를 통해 제3자의 중복연구, 중복투자 및 중복출원을 방지하는 한편 기술이용의 기회를 제공한다."
77,10-2012-0143698,1020120143698,1020120143698,,5,PE0601,특허거절결정,20140926,심사관은 특허출원이 특허법 제62조 각호의 어느 하나에 해당 할 경우 거절이유 통지 후 거절결정을 해야한다. 다만 거절결정전에 출원인은 심사관의 거절이유통지에 대응하여 의견서를 제출할수 있고 지정한 의견서 제출기간 이내에 보정서를 제출하여 명세서 또는 도면을 보정 할수 있다. 출원인이 의견서를 제출한 경우 제출된 의견서를 반영하여 거절이유가 유지될수 있는지 여부를 다시 심사한다. 만약 의견서 제출기간 이내에 보정서도 같이 제출한 경우에는 해당 보정서에 의한 보정사항을 반영하여 심사한다. 심사관은 의견서 및 보정사항을 반영하여 다시 심사한 후에도 거절이유통지에서 지적한 거절이유가 해소되지 않았다고 인정하는 경우 거절결정을 해야 한다.
77,10-2012-0143698,1020120143698,1020120143698,,6,PX0701,재심사후 등록결정,20141030,심사관이 거절결정한 출원에 대하여 출원인이 거절결정등본을 송달받은 날부터 30일(법정기간이 연장된 경우에는 그 연장된 때까지) 이내에 명세서 또는 도면을 보정하면 심사관은 보정된 출원을 다시 심사 해야 한다. 심사관은 보정서를 반영하여 재심사한 결과 거절이유를 발견할 수 없는 경우 특허결정을 해야 한다.
77,10-2012-0143698,1020120143698,1020120143698,,7,PX0901,재심사,20141021,심사관이 거절결정한 출원에 대하여 출원인이 거절결정등본을 송달받은 날부터 30일(법정기간이 연장된 경우에는 그 연장된 때까지) 이내에 명세서 또는 도면을 보정하면 심사관은 보정된 출원을 다시 심사 해야 한다. 재심사청구된 경우 종전의 거절결정은 취소된 것으로 보므로 거절결정 전으로 돌아가 보정서가 제출된 통상의 심사와 동일하게 심사를 진행한다. 보정이 적법한 경우 보정사항을 반영하여 특허결정 또는 거절결정 여부를 결정한다. 보정이 부적법해 보정각하가 되면 바로 보정전 명세서를 심사대상으로 하여 심사를 계속 진행한다
77,10-2012-0143698,1020120143698,1020120143698,,8,PG1601,등록공고,20141110,특허권은 설정등록에 의해 발생하며 등록이 있는 때는 그 특허에 관하여 특허공보에 게재하여 등록공고를 하여야 한다. 비밀취급을 요하는 특허발명에 대하여는 비밀취급의 해제시까지 등록공고를 보류하며 그 비밀취급이 해제된 때에는 지체없이 등록공고를 하여야 하며 등록공고가 있는 날부터 3월간 출원서류 및 그 부속물건을 공중의 열람에 제공해야 한다.
77,10-2012-0143698,1020120143698,1020120143698,,9,PR0701,설정등록,20141104,"특허권은 설정등록에 의해 발생하며, 특허결정이 된 후 출원인이 특허료를 납부하거나 보전한 경우 또는 추가납부하거나 특허료가 면제된 경우에 특허청장은 특허권을 설정하기 위한 등록을 해야 한다."
77,10-2012-0143698,1020120143698,1020120143698,,10,PR1002,등록료납부,20141104,"특허권의 설정등록을 받으려는 자는 설정등록받으려는 날 부터 3년분의 특허료를 납부한다.특허권의 설정등록을 받고자 하는자 또는 특허권자는 특허료 납부기간이 경과한 후에도 6개월 이내 특허료를 추가 납부할 수 있으며 특허료 추가 납부할 때에는 납부하여야 할 특허료의 2배 이내의 범위에서 납부해야한다. 추가납부기간 이내에 특허료를 납부하지 못한 경우에는 특허권리를 소멸하게 되는데, 이때 특허권자는 추가납부기간 만료일부터 3개월 이내에 특허료의 3배를 납부하고 그 소멸한 권리의 회복을 신청 할 수 있다."
77,10-2012-0143698,1020120143698,1020120143698,,11,PR1001,연차료납부,20171018,"특허법 제87조 1항에 따른 특허권의 설정등록을 받으려는 자는 설정등록을 받으려는 날부터 3년분의 특허료를 납부해야 하는데, 그 다음 연도분부터는 특허료를 해당 권리의 설정등록일에 해당하는 날을 기준으로 일정기간 내에 매년 1년분씩 납부함으로써 특허권을 유지한다. 연차료의 납부기간의 종류는 아래와 같다.정상납부기간(정상납부만료일 이전), 추가납부기간(추가납부안내서 발송 이후 6개월), 회복납부기간(권리소멸 시점부터 3개월 이내)"
77,10-2012-0143698,1020120143698,1020120143698,,12,PR1001,연차료납부,20200925,"특허법 제87조 1항에 따른 특허권의 설정등록을 받으려는 자는 설정등록을 받으려는 날부터 3년분의 특허료를 납부해야 하는데, 그 다음 연도분부터는 특허료를 해당 권리의 설정등록일에 해당하는 날을 기준으로 일정기간 내에 매년 1년분씩 납부함으로써 특허권을 유지한다. 연차료의 납부기간의 종류는 아래와 같다.정상납부기간(정상납부만료일 이전), 추가납부기간(추가납부안내서 발송 이후 6개월), 회복납부기간(권리소멸 시점부터 3개월 이내)"
78,10-2012-0145945,1020120145945,1020120145945,,1,PA0109,특허출원,20121214,특허를 받고자 하는 자는 특허가 담은 발명에 대한 서류를 작성한 특허출원서를 특허청장에게 제출하여야한다.
78,10-2012-0145945,1020120145945,1020120145945,,2,PA0201,심사청구,20121214,"특허출원 이후 3년 이내에 특허청장에게 그 특허출원에 관하여 출원심사의 청구를 할 수 있고, 다만, 제34조 및 제35조에 따른 정당한 권리자의 특허출원, 분할출원 또는 변경출원에 관하여는 그 기간이 지난 후에도 정당한 권리자가 특허출원을 한 날, 분할출원을 한 날 또는 변경출원을 한 날부터 각각 30일 이내에 출원심사 청구를 할 수 있다. 심사청구가 있을 시에 한하여 특허출원을 심사한다."
78,10-2012-0145945,1020120145945,1020120145945,,3,PE0902,거절이유통지,20140401,심사관은 특허법 제62조(특허거절결정)에 따라 특허거절결정을 하고자 할 때에는 출원인에게 거절이유를 통지하고 기간을 정하여 의견서를 제출할 기회를 주어야 한다. 다만 특허법 제51조(보정각하)에 따라 보정각하결정을 할때는 그러지 아니한다. 심사관이 행하는 거절이유통지는 2종류로 구분되며 그 종류에 따라 출원인이 할 수 있는 명세서 또는 도면의 보정 범위가 다르게 제한된다. 하나는 거절이유통지에 대한 보정에 따라 발생한 거절이유만을 통지하는 거절이유통지(최후거절이유통지)와 다른 하나는 출원인이 처음으로 받거나 최후거절이유통지가 아닌 거절이유통지(최초거절이유통지)를 말한다.
78,10-2012-0145945,1020120145945,1020120145945,,4,PG1501,출원공개,20140702,"출원인의 신청에 의하여 조기공개신청  또는 특허출원 이후 1년 6개월 경과 후 심사여부와 관계없이 출원공개를 해야하며 이는  발명의 공개를 통해 제3자의 중복연구, 중복투자 및 중복출원을 방지하는 한편 기술이용의 기회를 제공한다."
78,10-2012-0145945,1020120145945,1020120145945,,5,PE0701,등록결정,20141219,심사관은 특허출원에 대해 거절이유를 발견할 수 없는 경우 특허결정을 해야 한다. 특허결정이 있는 경우 특허청장은 그 특허결정의 등본을 출원인에게 송달해야 한다. 특허결정은 그 결정 등본이 송달된 때에 확정된다.
78,10-2012-0145945,1020120145945,1020120145945,,6,PR0701,설정등록,20141224,"특허권은 설정등록에 의해 발생하며, 특허결정이 된 후 출원인이 특허료를 납부하거나 보전한 경우 또는 추가납부하거나 특허료가 면제된 경우에 특허청장은 특허권을 설정하기 위한 등록을 해야 한다."
78,10-2012-0145945,1020120145945,1020120145945,,7,PR1002,등록료납부,20141224,"특허권의 설정등록을 받으려는 자는 설정등록받으려는 날 부터 3년분의 특허료를 납부한다.특허권의 설정등록을 받고자 하는자 또는 특허권자는 특허료 납부기간이 경과한 후에도 6개월 이내 특허료를 추가 납부할 수 있으며 특허료 추가 납부할 때에는 납부하여야 할 특허료의 2배 이내의 범위에서 납부해야한다. 추가납부기간 이내에 특허료를 납부하지 못한 경우에는 특허권리를 소멸하게 되는데, 이때 특허권자는 추가납부기간 만료일부터 3개월 이내에 특허료의 3배를 납부하고 그 소멸한 권리의 회복을 신청 할 수 있다."
78,10-2012-0145945,1020120145945,1020120145945,,8,PG1601,등록공고,20150106,특허권은 설정등록에 의해 발생하며 등록이 있는 때는 그 특허에 관하여 특허공보에 게재하여 등록공고를 하여야 한다. 비밀취급을 요하는 특허발명에 대하여는 비밀취급의 해제시까지 등록공고를 보류하며 그 비밀취급이 해제된 때에는 지체없이 등록공고를 하여야 하며 등록공고가 있는 날부터 3월간 출원서류 및 그 부속물건을 공중의 열람에 제공해야 한다.
78,10-2012-0145945,1020120145945,1020120145945,,9,PR1001,연차료납부,20171124,"특허법 제87조 1항에 따른 특허권의 설정등록을 받으려는 자는 설정등록을 받으려는 날부터 3년분의 특허료를 납부해야 하는데, 그 다음 연도분부터는 특허료를 해당 권리의 설정등록일에 해당하는 날을 기준으로 일정기간 내에 매년 1년분씩 납부함으로써 특허권을 유지한다. 연차료의 납부기간의 종류는 아래와 같다.정상납부기간(정상납부만료일 이전), 추가납부기간(추가납부안내서 발송 이후 6개월), 회복납부기간(권리소멸 시점부터 3개월 이내)"
78,10-2012-0145945,1020120145945,1020120145945,,10,PR1001,연차료납부,20200925,"특허법 제87조 1항에 따른 특허권의 설정등록을 받으려는 자는 설정등록을 받으려는 날부터 3년분의 특허료를 납부해야 하는데, 그 다음 연도분부터는 특허료를 해당 권리의 설정등록일에 해당하는 날을 기준으로 일정기간 내에 매년 1년분씩 납부함으로써 특허권을 유지한다. 연차료의 납부기간의 종류는 아래와 같다.정상납부기간(정상납부만료일 이전), 추가납부기간(추가납부안내서 발송 이후 6개월), 회복납부기간(권리소멸 시점부터 3개월 이내)"
79,10-2013-0006521,1020130006521,1020130006521,,1,PA0109,특허출원,20130121,특허를 받고자 하는 자는 특허가 담은 발명에 대한 서류를 작성한 특허출원서를 특허청장에게 제출하여야한다.
79,10-2013-0006521,1020130006521,1020130006521,,2,PA0201,심사청구,20130121,"특허출원 이후 3년 이내에 특허청장에게 그 특허출원에 관하여 출원심사의 청구를 할 수 있고, 다만, 제34조 및 제35조에 따른 정당한 권리자의 특허출원, 분할출원 또는 변경출원에 관하여는 그 기간이 지난 후에도 정당한 권리자가 특허출원을 한 날, 분할출원을 한 날 또는 변경출원을 한 날부터 각각 30일 이내에 출원심사 청구를 할 수 있다. 심사청구가 있을 시에 한하여 특허출원을 심사한다."
79,10-2013-0006521,1020130006521,1020130006521,,3,PE0701,등록결정,20150326,심사관은 특허출원에 대해 거절이유를 발견할 수 없는 경우 특허결정을 해야 한다. 특허결정이 있는 경우 특허청장은 그 특허결정의 등본을 출원인에게 송달해야 한다. 특허결정은 그 결정 등본이 송달된 때에 확정된다.
79,10-2013-0006521,1020130006521,1020130006521,,4,PE0902,거절이유통지,20140220,심사관은 특허법 제62조(특허거절결정)에 따라 특허거절결정을 하고자 할 때에는 출원인에게 거절이유를 통지하고 기간을 정하여 의견서를 제출할 기회를 주어야 한다. 다만 특허법 제51조(보정각하)에 따라 보정각하결정을 할때는 그러지 아니한다. 심사관이 행하는 거절이유통지는 2종류로 구분되며 그 종류에 따라 출원인이 할 수 있는 명세서 또는 도면의 보정 범위가 다르게 제한된다. 하나는 거절이유통지에 대한 보정에 따라 발생한 거절이유만을 통지하는 거절이유통지(최후거절이유통지)와 다른 하나는 출원인이 처음으로 받거나 최후거절이유통지가 아닌 거절이유통지(최초거절이유통지)를 말한다.
79,10-2013-0006521,1020130006521,1020130006521,,5,PE0902,거절이유통지,20140916,심사관은 특허법 제62조(특허거절결정)에 따라 특허거절결정을 하고자 할 때에는 출원인에게 거절이유를 통지하고 기간을 정하여 의견서를 제출할 기회를 주어야 한다. 다만 특허법 제51조(보정각하)에 따라 보정각하결정을 할때는 그러지 아니한다. 심사관이 행하는 거절이유통지는 2종류로 구분되며 그 종류에 따라 출원인이 할 수 있는 명세서 또는 도면의 보정 범위가 다르게 제한된다. 하나는 거절이유통지에 대한 보정에 따라 발생한 거절이유만을 통지하는 거절이유통지(최후거절이유통지)와 다른 하나는 출원인이 처음으로 받거나 최후거절이유통지가 아닌 거절이유통지(최초거절이유통지)를 말한다.
79,10-2013-0006521,1020130006521,1020130006521,,6,PG1501,출원공개,20140730,"출원인의 신청에 의하여 조기공개신청  또는 특허출원 이후 1년 6개월 경과 후 심사여부와 관계없이 출원공개를 해야하며 이는  발명의 공개를 통해 제3자의 중복연구, 중복투자 및 중복출원을 방지하는 한편 기술이용의 기회를 제공한다."
79,10-2013-0006521,1020130006521,1020130006521,,7,PG1601,등록공고,20150407,특허권은 설정등록에 의해 발생하며 등록이 있는 때는 그 특허에 관하여 특허공보에 게재하여 등록공고를 하여야 한다. 비밀취급을 요하는 특허발명에 대하여는 비밀취급의 해제시까지 등록공고를 보류하며 그 비밀취급이 해제된 때에는 지체없이 등록공고를 하여야 하며 등록공고가 있는 날부터 3월간 출원서류 및 그 부속물건을 공중의 열람에 제공해야 한다.
79,10-2013-0006521,1020130006521,1020130006521,,8,PR0701,설정등록,20150401,"특허권은 설정등록에 의해 발생하며, 특허결정이 된 후 출원인이 특허료를 납부하거나 보전한 경우 또는 추가납부하거나 특허료가 면제된 경우에 특허청장은 특허권을 설정하기 위한 등록을 해야 한다."
79,10-2013-0006521,1020130006521,1020130006521,,9,PR1001,연차료납부,20180321,"특허법 제87조 1항에 따른 특허권의 설정등록을 받으려는 자는 설정등록을 받으려는 날부터 3년분의 특허료를 납부해야 하는데, 그 다음 연도분부터는 특허료를 해당 권리의 설정등록일에 해당하는 날을 기준으로 일정기간 내에 매년 1년분씩 납부함으로써 특허권을 유지한다. 연차료의 납부기간의 종류는 아래와 같다.정상납부기간(정상납부만료일 이전), 추가납부기간(추가납부안내서 발송 이후 6개월), 회복납부기간(권리소멸 시점부터 3개월 이내)"
79,10-2013-0006521,1020130006521,1020130006521,,10,PR1001,연차료납부,20210325,"특허법 제87조 1항에 따른 특허권의 설정등록을 받으려는 자는 설정등록을 받으려는 날부터 3년분의 특허료를 납부해야 하는데, 그 다음 연도분부터는 특허료를 해당 권리의 설정등록일에 해당하는 날을 기준으로 일정기간 내에 매년 1년분씩 납부함으로써 특허권을 유지한다. 연차료의 납부기간의 종류는 아래와 같다.정상납부기간(정상납부만료일 이전), 추가납부기간(추가납부안내서 발송 이후 6개월), 회복납부기간(권리소멸 시점부터 3개월 이내)"
79,10-2013-0006521,1020130006521,1020130006521,,11,PR1002,등록료납부,20150401,"특허권의 설정등록을 받으려는 자는 설정등록받으려는 날 부터 3년분의 특허료를 납부한다.특허권의 설정등록을 받고자 하는자 또는 특허권자는 특허료 납부기간이 경과한 후에도 6개월 이내 특허료를 추가 납부할 수 있으며 특허료 추가 납부할 때에는 납부하여야 할 특허료의 2배 이내의 범위에서 납부해야한다. 추가납부기간 이내에 특허료를 납부하지 못한 경우에는 특허권리를 소멸하게 되는데, 이때 특허권자는 추가납부기간 만료일부터 3개월 이내에 특허료의 3배를 납부하고 그 소멸한 권리의 회복을 신청 할 수 있다."
79,10-2013-0006521,1020130006521,1020130006521,,12,PR1001,연차료납부,20240321,"특허법 제87조 1항에 따른 특허권의 설정등록을 받으려는 자는 설정등록을 받으려는 날부터 3년분의 특허료를 납부해야 하는데, 그 다음 연도분부터는 특허료를 해당 권리의 설정등록일에 해당하는 날을 기준으로 일정기간 내에 매년 1년분씩 납부함으로써 특허권을 유지한다. 연차료의 납부기간의 종류는 아래와 같다.정상납부기간(정상납부만료일 이전), 추가납부기간(추가납부안내서 발송 이후 6개월), 회복납부기간(권리소멸 시점부터 3개월 이내)"
80,10-2013-0100045,1020130100045,1020130100045,,1,PA0109,특허출원,20130823,특허를 받고자 하는 자는 특허가 담은 발명에 대한 서류를 작성한 특허출원서를 특허청장에게 제출하여야한다.
80,10-2013-0100045,1020130100045,1020130100045,,2,PA0201,심사청구,20130823,"특허출원 이후 3년 이내에 특허청장에게 그 특허출원에 관하여 출원심사의 청구를 할 수 있고, 다만, 제34조 및 제35조에 따른 정당한 권리자의 특허출원, 분할출원 또는 변경출원에 관하여는 그 기간이 지난 후에도 정당한 권리자가 특허출원을 한 날, 분할출원을 한 날 또는 변경출원을 한 날부터 각각 30일 이내에 출원심사 청구를 할 수 있다. 심사청구가 있을 시에 한하여 특허출원을 심사한다."
80,10-2013-0100045,1020130100045,1020130100045,,3,PE0902,거절이유통지,20141018,심사관은 특허법 제62조(특허거절결정)에 따라 특허거절결정을 하고자 할 때에는 출원인에게 거절이유를 통지하고 기간을 정하여 의견서를 제출할 기회를 주어야 한다. 다만 특허법 제51조(보정각하)에 따라 보정각하결정을 할때는 그러지 아니한다. 심사관이 행하는 거절이유통지는 2종류로 구분되며 그 종류에 따라 출원인이 할 수 있는 명세서 또는 도면의 보정 범위가 다르게 제한된다. 하나는 거절이유통지에 대한 보정에 따라 발생한 거절이유만을 통지하는 거절이유통지(최후거절이유통지)와 다른 하나는 출원인이 처음으로 받거나 최후거절이유통지가 아닌 거절이유통지(최초거절이유통지)를 말한다.
80,10-2013-0100045,1020130100045,1020130100045,,4,PG1501,출원공개,20150304,"출원인의 신청에 의하여 조기공개신청  또는 특허출원 이후 1년 6개월 경과 후 심사여부와 관계없이 출원공개를 해야하며 이는  발명의 공개를 통해 제3자의 중복연구, 중복투자 및 중복출원을 방지하는 한편 기술이용의 기회를 제공한다."
80,10-2013-0100045,1020130100045,1020130100045,,5,PE0601,특허거절결정,20150423,심사관은 특허출원이 특허법 제62조 각호의 어느 하나에 해당 할 경우 거절이유 통지 후 거절결정을 해야한다. 다만 거절결정전에 출원인은 심사관의 거절이유통지에 대응하여 의견서를 제출할수 있고 지정한 의견서 제출기간 이내에 보정서를 제출하여 명세서 또는 도면을 보정 할수 있다. 출원인이 의견서를 제출한 경우 제출된 의견서를 반영하여 거절이유가 유지될수 있는지 여부를 다시 심사한다. 만약 의견서 제출기간 이내에 보정서도 같이 제출한 경우에는 해당 보정서에 의한 보정사항을 반영하여 심사한다. 심사관은 의견서 및 보정사항을 반영하여 다시 심사한 후에도 거절이유통지에서 지적한 거절이유가 해소되지 않았다고 인정하는 경우 거절결정을 해야 한다.
80,10-2013-0100045,1020130100045,1020130100045,,6,PX0901,재심사,20150519,심사관이 거절결정한 출원에 대하여 출원인이 거절결정등본을 송달받은 날부터 30일(법정기간이 연장된 경우에는 그 연장된 때까지) 이내에 명세서 또는 도면을 보정하면 심사관은 보정된 출원을 다시 심사 해야 한다. 재심사청구된 경우 종전의 거절결정은 취소된 것으로 보므로 거절결정 전으로 돌아가 보정서가 제출된 통상의 심사와 동일하게 심사를 진행한다. 보정이 적법한 경우 보정사항을 반영하여 특허결정 또는 거절결정 여부를 결정한다. 보정이 부적법해 보정각하가 되면 바로 보정전 명세서를 심사대상으로 하여 심사를 계속 진행한다
80,10-2013-0100045,1020130100045,1020130100045,,7,PG1601,등록공고,20150625,특허권은 설정등록에 의해 발생하며 등록이 있는 때는 그 특허에 관하여 특허공보에 게재하여 등록공고를 하여야 한다. 비밀취급을 요하는 특허발명에 대하여는 비밀취급의 해제시까지 등록공고를 보류하며 그 비밀취급이 해제된 때에는 지체없이 등록공고를 하여야 하며 등록공고가 있는 날부터 3월간 출원서류 및 그 부속물건을 공중의 열람에 제공해야 한다.
80,10-2013-0100045,1020130100045,1020130100045,,8,PR0701,설정등록,20150618,"특허권은 설정등록에 의해 발생하며, 특허결정이 된 후 출원인이 특허료를 납부하거나 보전한 경우 또는 추가납부하거나 특허료가 면제된 경우에 특허청장은 특허권을 설정하기 위한 등록을 해야 한다."
80,10-2013-0100045,1020130100045,1020130100045,,9,PR1002,등록료납부,20150618,"특허권의 설정등록을 받으려는 자는 설정등록받으려는 날 부터 3년분의 특허료를 납부한다.특허권의 설정등록을 받고자 하는자 또는 특허권자는 특허료 납부기간이 경과한 후에도 6개월 이내 특허료를 추가 납부할 수 있으며 특허료 추가 납부할 때에는 납부하여야 할 특허료의 2배 이내의 범위에서 납부해야한다. 추가납부기간 이내에 특허료를 납부하지 못한 경우에는 특허권리를 소멸하게 되는데, 이때 특허권자는 추가납부기간 만료일부터 3개월 이내에 특허료의 3배를 납부하고 그 소멸한 권리의 회복을 신청 할 수 있다."
80,10-2013-0100045,1020130100045,1020130100045,,10,PX0701,재심사후 등록결정,20150617,심사관이 거절결정한 출원에 대하여 출원인이 거절결정등본을 송달받은 날부터 30일(법정기간이 연장된 경우에는 그 연장된 때까지) 이내에 명세서 또는 도면을 보정하면 심사관은 보정된 출원을 다시 심사 해야 한다. 심사관은 보정서를 반영하여 재심사한 결과 거절이유를 발견할 수 없는 경우 특허결정을 해야 한다.
80,10-2013-0100045,1020130100045,1020130100045,,11,PR1001,연차료납부,20180321,"특허법 제87조 1항에 따른 특허권의 설정등록을 받으려는 자는 설정등록을 받으려는 날부터 3년분의 특허료를 납부해야 하는데, 그 다음 연도분부터는 특허료를 해당 권리의 설정등록일에 해당하는 날을 기준으로 일정기간 내에 매년 1년분씩 납부함으로써 특허권을 유지한다. 연차료의 납부기간의 종류는 아래와 같다.정상납부기간(정상납부만료일 이전), 추가납부기간(추가납부안내서 발송 이후 6개월), 회복납부기간(권리소멸 시점부터 3개월 이내)"
80,10-2013-0100045,1020130100045,1020130100045,,12,PR1001,연차료납부,20240321,"특허법 제87조 1항에 따른 특허권의 설정등록을 받으려는 자는 설정등록을 받으려는 날부터 3년분의 특허료를 납부해야 하는데, 그 다음 연도분부터는 특허료를 해당 권리의 설정등록일에 해당하는 날을 기준으로 일정기간 내에 매년 1년분씩 납부함으로써 특허권을 유지한다. 연차료의 납부기간의 종류는 아래와 같다.정상납부기간(정상납부만료일 이전), 추가납부기간(추가납부안내서 발송 이후 6개월), 회복납부기간(권리소멸 시점부터 3개월 이내)"
81,10-2013-0158254,1020130158254,1020130158254,,1,PA0109,특허출원,20131218,특허를 받고자 하는 자는 특허가 담은 발명에 대한 서류를 작성한 특허출원서를 특허청장에게 제출하여야한다.
81,10-2013-0158254,1020130158254,1020130158254,,2,PA0201,심사청구,20131218,"특허출원 이후 3년 이내에 특허청장에게 그 특허출원에 관하여 출원심사의 청구를 할 수 있고, 다만, 제34조 및 제35조에 따른 정당한 권리자의 특허출원, 분할출원 또는 변경출원에 관하여는 그 기간이 지난 후에도 정당한 권리자가 특허출원을 한 날, 분할출원을 한 날 또는 변경출원을 한 날부터 각각 30일 이내에 출원심사 청구를 할 수 있다. 심사청구가 있을 시에 한하여 특허출원을 심사한다."
81,10-2013-0158254,1020130158254,1020130158254,,3,PE0701,등록결정,20150520,심사관은 특허출원에 대해 거절이유를 발견할 수 없는 경우 특허결정을 해야 한다. 특허결정이 있는 경우 특허청장은 그 특허결정의 등본을 출원인에게 송달해야 한다. 특허결정은 그 결정 등본이 송달된 때에 확정된다.
81,10-2013-0158254,1020130158254,1020130158254,,4,PE0902,거절이유통지,20150216,심사관은 특허법 제62조(특허거절결정)에 따라 특허거절결정을 하고자 할 때에는 출원인에게 거절이유를 통지하고 기간을 정하여 의견서를 제출할 기회를 주어야 한다. 다만 특허법 제51조(보정각하)에 따라 보정각하결정을 할때는 그러지 아니한다. 심사관이 행하는 거절이유통지는 2종류로 구분되며 그 종류에 따라 출원인이 할 수 있는 명세서 또는 도면의 보정 범위가 다르게 제한된다. 하나는 거절이유통지에 대한 보정에 따라 발생한 거절이유만을 통지하는 거절이유통지(최후거절이유통지)와 다른 하나는 출원인이 처음으로 받거나 최후거절이유통지가 아닌 거절이유통지(최초거절이유통지)를 말한다.
81,10-2013-0158254,1020130158254,1020130158254,,5,PG1601,등록공고,20150601,특허권은 설정등록에 의해 발생하며 등록이 있는 때는 그 특허에 관하여 특허공보에 게재하여 등록공고를 하여야 한다. 비밀취급을 요하는 특허발명에 대하여는 비밀취급의 해제시까지 등록공고를 보류하며 그 비밀취급이 해제된 때에는 지체없이 등록공고를 하여야 하며 등록공고가 있는 날부터 3월간 출원서류 및 그 부속물건을 공중의 열람에 제공해야 한다.
81,10-2013-0158254,1020130158254,1020130158254,,6,PR0701,설정등록,20150526,"특허권은 설정등록에 의해 발생하며, 특허결정이 된 후 출원인이 특허료를 납부하거나 보전한 경우 또는 추가납부하거나 특허료가 면제된 경우에 특허청장은 특허권을 설정하기 위한 등록을 해야 한다."
81,10-2013-0158254,1020130158254,1020130158254,,7,PR1002,등록료납부,20150526,"특허권의 설정등록을 받으려는 자는 설정등록받으려는 날 부터 3년분의 특허료를 납부한다.특허권의 설정등록을 받고자 하는자 또는 특허권자는 특허료 납부기간이 경과한 후에도 6개월 이내 특허료를 추가 납부할 수 있으며 특허료 추가 납부할 때에는 납부하여야 할 특허료의 2배 이내의 범위에서 납부해야한다. 추가납부기간 이내에 특허료를 납부하지 못한 경우에는 특허권리를 소멸하게 되는데, 이때 특허권자는 추가납부기간 만료일부터 3개월 이내에 특허료의 3배를 납부하고 그 소멸한 권리의 회복을 신청 할 수 있다."
81,10-2013-0158254,1020130158254,1020130158254,,8,PR1001,연차료납부,20180321,"특허법 제87조 1항에 따른 특허권의 설정등록을 받으려는 자는 설정등록을 받으려는 날부터 3년분의 특허료를 납부해야 하는데, 그 다음 연도분부터는 특허료를 해당 권리의 설정등록일에 해당하는 날을 기준으로 일정기간 내에 매년 1년분씩 납부함으로써 특허권을 유지한다. 연차료의 납부기간의 종류는 아래와 같다.정상납부기간(정상납부만료일 이전), 추가납부기간(추가납부안내서 발송 이후 6개월), 회복납부기간(권리소멸 시점부터 3개월 이내)"
81,10-2013-0158254,1020130158254,1020130158254,,9,PR1001,연차료납부,20240321,"특허법 제87조 1항에 따른 특허권의 설정등록을 받으려는 자는 설정등록을 받으려는 날부터 3년분의 특허료를 납부해야 하는데, 그 다음 연도분부터는 특허료를 해당 권리의 설정등록일에 해당하는 날을 기준으로 일정기간 내에 매년 1년분씩 납부함으로써 특허권을 유지한다. 연차료의 납부기간의 종류는 아래와 같다.정상납부기간(정상납부만료일 이전), 추가납부기간(추가납부안내서 발송 이후 6개월), 회복납부기간(권리소멸 시점부터 3개월 이내)"
82,10-2014-0030229,1020140030229,1020140030229,,1,PA0109,특허출원,20140314,특허를 받고자 하는 자는 특허가 담은 발명에 대한 서류를 작성한 특허출원서를 특허청장에게 제출하여야한다.
82,10-2014-0030229,1020140030229,1020140030229,,2,PA0201,심사청구,20140314,"특허출원 이후 3년 이내에 특허청장에게 그 특허출원에 관하여 출원심사의 청구를 할 수 있고, 다만, 제34조 및 제35조에 따른 정당한 권리자의 특허출원, 분할출원 또는 변경출원에 관하여는 그 기간이 지난 후에도 정당한 권리자가 특허출원을 한 날, 분할출원을 한 날 또는 변경출원을 한 날부터 각각 30일 이내에 출원심사 청구를 할 수 있다. 심사청구가 있을 시에 한하여 특허출원을 심사한다."
82,10-2014-0030229,1020140030229,1020140030229,,3,PE0902,거절이유통지,20150511,심사관은 특허법 제62조(특허거절결정)에 따라 특허거절결정을 하고자 할 때에는 출원인에게 거절이유를 통지하고 기간을 정하여 의견서를 제출할 기회를 주어야 한다. 다만 특허법 제51조(보정각하)에 따라 보정각하결정을 할때는 그러지 아니한다. 심사관이 행하는 거절이유통지는 2종류로 구분되며 그 종류에 따라 출원인이 할 수 있는 명세서 또는 도면의 보정 범위가 다르게 제한된다. 하나는 거절이유통지에 대한 보정에 따라 발생한 거절이유만을 통지하는 거절이유통지(최후거절이유통지)와 다른 하나는 출원인이 처음으로 받거나 최후거절이유통지가 아닌 거절이유통지(최초거절이유통지)를 말한다.
82,10-2014-0030229,1020140030229,1020140030229,,4,PG1501,출원공개,20150923,"출원인의 신청에 의하여 조기공개신청  또는 특허출원 이후 1년 6개월 경과 후 심사여부와 관계없이 출원공개를 해야하며 이는  발명의 공개를 통해 제3자의 중복연구, 중복투자 및 중복출원을 방지하는 한편 기술이용의 기회를 제공한다."
82,10-2014-0030229,1020140030229,1020140030229,,5,PE0701,등록결정,20151119,심사관은 특허출원에 대해 거절이유를 발견할 수 없는 경우 특허결정을 해야 한다. 특허결정이 있는 경우 특허청장은 그 특허결정의 등본을 출원인에게 송달해야 한다. 특허결정은 그 결정 등본이 송달된 때에 확정된다.
82,10-2014-0030229,1020140030229,1020140030229,,6,PR0701,설정등록,20151125,"특허권은 설정등록에 의해 발생하며, 특허결정이 된 후 출원인이 특허료를 납부하거나 보전한 경우 또는 추가납부하거나 특허료가 면제된 경우에 특허청장은 특허권을 설정하기 위한 등록을 해야 한다."
82,10-2014-0030229,1020140030229,1020140030229,,7,PR1002,등록료납부,20151125,"특허권의 설정등록을 받으려는 자는 설정등록받으려는 날 부터 3년분의 특허료를 납부한다.특허권의 설정등록을 받고자 하는자 또는 특허권자는 특허료 납부기간이 경과한 후에도 6개월 이내 특허료를 추가 납부할 수 있으며 특허료 추가 납부할 때에는 납부하여야 할 특허료의 2배 이내의 범위에서 납부해야한다. 추가납부기간 이내에 특허료를 납부하지 못한 경우에는 특허권리를 소멸하게 되는데, 이때 특허권자는 추가납부기간 만료일부터 3개월 이내에 특허료의 3배를 납부하고 그 소멸한 권리의 회복을 신청 할 수 있다."
82,10-2014-0030229,1020140030229,1020140030229,,8,PG1601,등록공고,20151201,특허권은 설정등록에 의해 발생하며 등록이 있는 때는 그 특허에 관하여 특허공보에 게재하여 등록공고를 하여야 한다. 비밀취급을 요하는 특허발명에 대하여는 비밀취급의 해제시까지 등록공고를 보류하며 그 비밀취급이 해제된 때에는 지체없이 등록공고를 하여야 하며 등록공고가 있는 날부터 3월간 출원서류 및 그 부속물건을 공중의 열람에 제공해야 한다.
82,10-2014-0030229,1020140030229,1020140030229,,9,PR1001,연차료납부,20210927,"특허법 제87조 1항에 따른 특허권의 설정등록을 받으려는 자는 설정등록을 받으려는 날부터 3년분의 특허료를 납부해야 하는데, 그 다음 연도분부터는 특허료를 해당 권리의 설정등록일에 해당하는 날을 기준으로 일정기간 내에 매년 1년분씩 납부함으로써 특허권을 유지한다. 연차료의 납부기간의 종류는 아래와 같다.정상납부기간(정상납부만료일 이전), 추가납부기간(추가납부안내서 발송 이후 6개월), 회복납부기간(권리소멸 시점부터 3개월 이내)"
82,10-2014-0030229,1020140030229,1020140030229,,10,PR1001,연차료납부,20240919,"특허법 제87조 1항에 따른 특허권의 설정등록을 받으려는 자는 설정등록을 받으려는 날부터 3년분의 특허료를 납부해야 하는데, 그 다음 연도분부터는 특허료를 해당 권리의 설정등록일에 해당하는 날을 기준으로 일정기간 내에 매년 1년분씩 납부함으로써 특허권을 유지한다. 연차료의 납부기간의 종류는 아래와 같다.정상납부기간(정상납부만료일 이전), 추가납부기간(추가납부안내서 발송 이후 6개월), 회복납부기간(권리소멸 시점부터 3개월 이내)"
83,10-2015-0035890,1020150035890,1020150035890,,1,PA0109,특허출원,20150316,특허를 받고자 하는 자는 특허가 담은 발명에 대한 서류를 작성한 특허출원서를 특허청장에게 제출하여야한다.
83,10-2015-0035890,1020150035890,1020150035890,,2,PA0201,심사청구,20150316,"특허출원 이후 3년 이내에 특허청장에게 그 특허출원에 관하여 출원심사의 청구를 할 수 있고, 다만, 제34조 및 제35조에 따른 정당한 권리자의 특허출원, 분할출원 또는 변경출원에 관하여는 그 기간이 지난 후에도 정당한 권리자가 특허출원을 한 날, 분할출원을 한 날 또는 변경출원을 한 날부터 각각 30일 이내에 출원심사 청구를 할 수 있다. 심사청구가 있을 시에 한하여 특허출원을 심사한다."
83,10-2015-0035890,1020150035890,1020150035890,,3,PE0701,등록결정,20170109,심사관은 특허출원에 대해 거절이유를 발견할 수 없는 경우 특허결정을 해야 한다. 특허결정이 있는 경우 특허청장은 그 특허결정의 등본을 출원인에게 송달해야 한다. 특허결정은 그 결정 등본이 송달된 때에 확정된다.
83,10-2015-0035890,1020150035890,1020150035890,,4,PE0902,거절이유통지,20160708,심사관은 특허법 제62조(특허거절결정)에 따라 특허거절결정을 하고자 할 때에는 출원인에게 거절이유를 통지하고 기간을 정하여 의견서를 제출할 기회를 주어야 한다. 다만 특허법 제51조(보정각하)에 따라 보정각하결정을 할때는 그러지 아니한다. 심사관이 행하는 거절이유통지는 2종류로 구분되며 그 종류에 따라 출원인이 할 수 있는 명세서 또는 도면의 보정 범위가 다르게 제한된다. 하나는 거절이유통지에 대한 보정에 따라 발생한 거절이유만을 통지하는 거절이유통지(최후거절이유통지)와 다른 하나는 출원인이 처음으로 받거나 최후거절이유통지가 아닌 거절이유통지(최초거절이유통지)를 말한다.
83,10-2015-0035890,1020150035890,1020150035890,,5,PG1501,출원공개,20160926,"출원인의 신청에 의하여 조기공개신청  또는 특허출원 이후 1년 6개월 경과 후 심사여부와 관계없이 출원공개를 해야하며 이는  발명의 공개를 통해 제3자의 중복연구, 중복투자 및 중복출원을 방지하는 한편 기술이용의 기회를 제공한다."
83,10-2015-0035890,1020150035890,1020150035890,,6,PG1601,등록공고,20170119,특허권은 설정등록에 의해 발생하며 등록이 있는 때는 그 특허에 관하여 특허공보에 게재하여 등록공고를 하여야 한다. 비밀취급을 요하는 특허발명에 대하여는 비밀취급의 해제시까지 등록공고를 보류하며 그 비밀취급이 해제된 때에는 지체없이 등록공고를 하여야 하며 등록공고가 있는 날부터 3월간 출원서류 및 그 부속물건을 공중의 열람에 제공해야 한다.
83,10-2015-0035890,1020150035890,1020150035890,,7,PR0701,설정등록,20170113,"특허권은 설정등록에 의해 발생하며, 특허결정이 된 후 출원인이 특허료를 납부하거나 보전한 경우 또는 추가납부하거나 특허료가 면제된 경우에 특허청장은 특허권을 설정하기 위한 등록을 해야 한다."
83,10-2015-0035890,1020150035890,1020150035890,,8,PR1001,연차료납부,20191226,"특허법 제87조 1항에 따른 특허권의 설정등록을 받으려는 자는 설정등록을 받으려는 날부터 3년분의 특허료를 납부해야 하는데, 그 다음 연도분부터는 특허료를 해당 권리의 설정등록일에 해당하는 날을 기준으로 일정기간 내에 매년 1년분씩 납부함으로써 특허권을 유지한다. 연차료의 납부기간의 종류는 아래와 같다.정상납부기간(정상납부만료일 이전), 추가납부기간(추가납부안내서 발송 이후 6개월), 회복납부기간(권리소멸 시점부터 3개월 이내)"
83,10-2015-0035890,1020150035890,1020150035890,,9,PR1002,등록료납부,20170113,"특허권의 설정등록을 받으려는 자는 설정등록받으려는 날 부터 3년분의 특허료를 납부한다.특허권의 설정등록을 받고자 하는자 또는 특허권자는 특허료 납부기간이 경과한 후에도 6개월 이내 특허료를 추가 납부할 수 있으며 특허료 추가 납부할 때에는 납부하여야 할 특허료의 2배 이내의 범위에서 납부해야한다. 추가납부기간 이내에 특허료를 납부하지 못한 경우에는 특허권리를 소멸하게 되는데, 이때 특허권자는 추가납부기간 만료일부터 3개월 이내에 특허료의 3배를 납부하고 그 소멸한 권리의 회복을 신청 할 수 있다."
84,10-2015-0057153,1020150057153,1020150057153,,1,PA0109,특허출원,20150423,특허를 받고자 하는 자는 특허가 담은 발명에 대한 서류를 작성한 특허출원서를 특허청장에게 제출하여야한다.
84,10-2015-0057153,1020150057153,1020150057153,,2,PA0201,심사청구,20150423,"특허출원 이후 3년 이내에 특허청장에게 그 특허출원에 관하여 출원심사의 청구를 할 수 있고, 다만, 제34조 및 제35조에 따른 정당한 권리자의 특허출원, 분할출원 또는 변경출원에 관하여는 그 기간이 지난 후에도 정당한 권리자가 특허출원을 한 날, 분할출원을 한 날 또는 변경출원을 한 날부터 각각 30일 이내에 출원심사 청구를 할 수 있다. 심사청구가 있을 시에 한하여 특허출원을 심사한다."
84,10-2015-0057153,1020150057153,1020150057153,,3,PE0701,등록결정,20170704,심사관은 특허출원에 대해 거절이유를 발견할 수 없는 경우 특허결정을 해야 한다. 특허결정이 있는 경우 특허청장은 그 특허결정의 등본을 출원인에게 송달해야 한다. 특허결정은 그 결정 등본이 송달된 때에 확정된다.
84,10-2015-0057153,1020150057153,1020150057153,,4,PE0902,거절이유통지,20160302,심사관은 특허법 제62조(특허거절결정)에 따라 특허거절결정을 하고자 할 때에는 출원인에게 거절이유를 통지하고 기간을 정하여 의견서를 제출할 기회를 주어야 한다. 다만 특허법 제51조(보정각하)에 따라 보정각하결정을 할때는 그러지 아니한다. 심사관이 행하는 거절이유통지는 2종류로 구분되며 그 종류에 따라 출원인이 할 수 있는 명세서 또는 도면의 보정 범위가 다르게 제한된다. 하나는 거절이유통지에 대한 보정에 따라 발생한 거절이유만을 통지하는 거절이유통지(최후거절이유통지)와 다른 하나는 출원인이 처음으로 받거나 최후거절이유통지가 아닌 거절이유통지(최초거절이유통지)를 말한다.
84,10-2015-0057153,1020150057153,1020150057153,,5,PE0902,거절이유통지,20160905,심사관은 특허법 제62조(특허거절결정)에 따라 특허거절결정을 하고자 할 때에는 출원인에게 거절이유를 통지하고 기간을 정하여 의견서를 제출할 기회를 주어야 한다. 다만 특허법 제51조(보정각하)에 따라 보정각하결정을 할때는 그러지 아니한다. 심사관이 행하는 거절이유통지는 2종류로 구분되며 그 종류에 따라 출원인이 할 수 있는 명세서 또는 도면의 보정 범위가 다르게 제한된다. 하나는 거절이유통지에 대한 보정에 따라 발생한 거절이유만을 통지하는 거절이유통지(최후거절이유통지)와 다른 하나는 출원인이 처음으로 받거나 최후거절이유통지가 아닌 거절이유통지(최초거절이유통지)를 말한다.
84,10-2015-0057153,1020150057153,1020150057153,,6,PE0902,거절이유통지,20170322,심사관은 특허법 제62조(특허거절결정)에 따라 특허거절결정을 하고자 할 때에는 출원인에게 거절이유를 통지하고 기간을 정하여 의견서를 제출할 기회를 주어야 한다. 다만 특허법 제51조(보정각하)에 따라 보정각하결정을 할때는 그러지 아니한다. 심사관이 행하는 거절이유통지는 2종류로 구분되며 그 종류에 따라 출원인이 할 수 있는 명세서 또는 도면의 보정 범위가 다르게 제한된다. 하나는 거절이유통지에 대한 보정에 따라 발생한 거절이유만을 통지하는 거절이유통지(최후거절이유통지)와 다른 하나는 출원인이 처음으로 받거나 최후거절이유통지가 아닌 거절이유통지(최초거절이유통지)를 말한다.
84,10-2015-0057153,1020150057153,1020150057153,,7,PG1501,출원공개,20161103,"출원인의 신청에 의하여 조기공개신청  또는 특허출원 이후 1년 6개월 경과 후 심사여부와 관계없이 출원공개를 해야하며 이는  발명의 공개를 통해 제3자의 중복연구, 중복투자 및 중복출원을 방지하는 한편 기술이용의 기회를 제공한다."
84,10-2015-0057153,1020150057153,1020150057153,,8,PG1601,등록공고,20170713,특허권은 설정등록에 의해 발생하며 등록이 있는 때는 그 특허에 관하여 특허공보에 게재하여 등록공고를 하여야 한다. 비밀취급을 요하는 특허발명에 대하여는 비밀취급의 해제시까지 등록공고를 보류하며 그 비밀취급이 해제된 때에는 지체없이 등록공고를 하여야 하며 등록공고가 있는 날부터 3월간 출원서류 및 그 부속물건을 공중의 열람에 제공해야 한다.
84,10-2015-0057153,1020150057153,1020150057153,,9,PR0701,설정등록,20170706,"특허권은 설정등록에 의해 발생하며, 특허결정이 된 후 출원인이 특허료를 납부하거나 보전한 경우 또는 추가납부하거나 특허료가 면제된 경우에 특허청장은 특허권을 설정하기 위한 등록을 해야 한다."
84,10-2015-0057153,1020150057153,1020150057153,,10,PR1001,연차료납부,20200701,"특허법 제87조 1항에 따른 특허권의 설정등록을 받으려는 자는 설정등록을 받으려는 날부터 3년분의 특허료를 납부해야 하는데, 그 다음 연도분부터는 특허료를 해당 권리의 설정등록일에 해당하는 날을 기준으로 일정기간 내에 매년 1년분씩 납부함으로써 특허권을 유지한다. 연차료의 납부기간의 종류는 아래와 같다.정상납부기간(정상납부만료일 이전), 추가납부기간(추가납부안내서 발송 이후 6개월), 회복납부기간(권리소멸 시점부터 3개월 이내)"
84,10-2015-0057153,1020150057153,1020150057153,,11,PR1002,등록료납부,20170706,"특허권의 설정등록을 받으려는 자는 설정등록받으려는 날 부터 3년분의 특허료를 납부한다.특허권의 설정등록을 받고자 하는자 또는 특허권자는 특허료 납부기간이 경과한 후에도 6개월 이내 특허료를 추가 납부할 수 있으며 특허료 추가 납부할 때에는 납부하여야 할 특허료의 2배 이내의 범위에서 납부해야한다. 추가납부기간 이내에 특허료를 납부하지 못한 경우에는 특허권리를 소멸하게 되는데, 이때 특허권자는 추가납부기간 만료일부터 3개월 이내에 특허료의 3배를 납부하고 그 소멸한 권리의 회복을 신청 할 수 있다."
85,10-2015-0121524,1020150121524,1020150121524,,1,PA0109,특허출원,20150828,특허를 받고자 하는 자는 특허가 담은 발명에 대한 서류를 작성한 특허출원서를 특허청장에게 제출하여야한다.
85,10-2015-0121524,1020150121524,1020150121524,,2,PA0201,심사청구,20150828,"특허출원 이후 3년 이내에 특허청장에게 그 특허출원에 관하여 출원심사의 청구를 할 수 있고, 다만, 제34조 및 제35조에 따른 정당한 권리자의 특허출원, 분할출원 또는 변경출원에 관하여는 그 기간이 지난 후에도 정당한 권리자가 특허출원을 한 날, 분할출원을 한 날 또는 변경출원을 한 날부터 각각 30일 이내에 출원심사 청구를 할 수 있다. 심사청구가 있을 시에 한하여 특허출원을 심사한다."
85,10-2015-0121524,1020150121524,1020150121524,,3,PE0701,등록결정,20160825,심사관은 특허출원에 대해 거절이유를 발견할 수 없는 경우 특허결정을 해야 한다. 특허결정이 있는 경우 특허청장은 그 특허결정의 등본을 출원인에게 송달해야 한다. 특허결정은 그 결정 등본이 송달된 때에 확정된다.
85,10-2015-0121524,1020150121524,1020150121524,,4,PE0902,거절이유통지,20160530,심사관은 특허법 제62조(특허거절결정)에 따라 특허거절결정을 하고자 할 때에는 출원인에게 거절이유를 통지하고 기간을 정하여 의견서를 제출할 기회를 주어야 한다. 다만 특허법 제51조(보정각하)에 따라 보정각하결정을 할때는 그러지 아니한다. 심사관이 행하는 거절이유통지는 2종류로 구분되며 그 종류에 따라 출원인이 할 수 있는 명세서 또는 도면의 보정 범위가 다르게 제한된다. 하나는 거절이유통지에 대한 보정에 따라 발생한 거절이유만을 통지하는 거절이유통지(최후거절이유통지)와 다른 하나는 출원인이 처음으로 받거나 최후거절이유통지가 아닌 거절이유통지(최초거절이유통지)를 말한다.
85,10-2015-0121524,1020150121524,1020150121524,,5,PR0701,설정등록,20160826,"특허권은 설정등록에 의해 발생하며, 특허결정이 된 후 출원인이 특허료를 납부하거나 보전한 경우 또는 추가납부하거나 특허료가 면제된 경우에 특허청장은 특허권을 설정하기 위한 등록을 해야 한다."
85,10-2015-0121524,1020150121524,1020150121524,,6,PR1002,등록료납부,20160826,"특허권의 설정등록을 받으려는 자는 설정등록받으려는 날 부터 3년분의 특허료를 납부한다.특허권의 설정등록을 받고자 하는자 또는 특허권자는 특허료 납부기간이 경과한 후에도 6개월 이내 특허료를 추가 납부할 수 있으며 특허료 추가 납부할 때에는 납부하여야 할 특허료의 2배 이내의 범위에서 납부해야한다. 추가납부기간 이내에 특허료를 납부하지 못한 경우에는 특허권리를 소멸하게 되는데, 이때 특허권자는 추가납부기간 만료일부터 3개월 이내에 특허료의 3배를 납부하고 그 소멸한 권리의 회복을 신청 할 수 있다."
85,10-2015-0121524,1020150121524,1020150121524,,7,PG1601,등록공고,20160901,특허권은 설정등록에 의해 발생하며 등록이 있는 때는 그 특허에 관하여 특허공보에 게재하여 등록공고를 하여야 한다. 비밀취급을 요하는 특허발명에 대하여는 비밀취급의 해제시까지 등록공고를 보류하며 그 비밀취급이 해제된 때에는 지체없이 등록공고를 하여야 하며 등록공고가 있는 날부터 3월간 출원서류 및 그 부속물건을 공중의 열람에 제공해야 한다.
85,10-2015-0121524,1020150121524,1020150121524,,8,PR1001,연차료납부,20190701,"특허법 제87조 1항에 따른 특허권의 설정등록을 받으려는 자는 설정등록을 받으려는 날부터 3년분의 특허료를 납부해야 하는데, 그 다음 연도분부터는 특허료를 해당 권리의 설정등록일에 해당하는 날을 기준으로 일정기간 내에 매년 1년분씩 납부함으로써 특허권을 유지한다. 연차료의 납부기간의 종류는 아래와 같다.정상납부기간(정상납부만료일 이전), 추가납부기간(추가납부안내서 발송 이후 6개월), 회복납부기간(권리소멸 시점부터 3개월 이내)"
85,10-2015-0121524,1020150121524,1020150121524,,9,PR1001,연차료납부,20250619,"특허법 제87조 1항에 따른 특허권의 설정등록을 받으려는 자는 설정등록을 받으려는 날부터 3년분의 특허료를 납부해야 하는데, 그 다음 연도분부터는 특허료를 해당 권리의 설정등록일에 해당하는 날을 기준으로 일정기간 내에 매년 1년분씩 납부함으로써 특허권을 유지한다. 연차료의 납부기간의 종류는 아래와 같다.정상납부기간(정상납부만료일 이전), 추가납부기간(추가납부안내서 발송 이후 6개월), 회복납부기간(권리소멸 시점부터 3개월 이내)"
86,10-2015-0122619,1020150122619,1020150122619,,1,PA0109,특허출원,20150831,특허를 받고자 하는 자는 특허가 담은 발명에 대한 서류를 작성한 특허출원서를 특허청장에게 제출하여야한다.
86,10-2015-0122619,1020150122619,1020150122619,,2,PA0201,심사청구,20150831,"특허출원 이후 3년 이내에 특허청장에게 그 특허출원에 관하여 출원심사의 청구를 할 수 있고, 다만, 제34조 및 제35조에 따른 정당한 권리자의 특허출원, 분할출원 또는 변경출원에 관하여는 그 기간이 지난 후에도 정당한 권리자가 특허출원을 한 날, 분할출원을 한 날 또는 변경출원을 한 날부터 각각 30일 이내에 출원심사 청구를 할 수 있다. 심사청구가 있을 시에 한하여 특허출원을 심사한다."
86,10-2015-0122619,1020150122619,1020150122619,,3,PE0601,특허거절결정,20161031,심사관은 특허출원이 특허법 제62조 각호의 어느 하나에 해당 할 경우 거절이유 통지 후 거절결정을 해야한다. 다만 거절결정전에 출원인은 심사관의 거절이유통지에 대응하여 의견서를 제출할수 있고 지정한 의견서 제출기간 이내에 보정서를 제출하여 명세서 또는 도면을 보정 할수 있다. 출원인이 의견서를 제출한 경우 제출된 의견서를 반영하여 거절이유가 유지될수 있는지 여부를 다시 심사한다. 만약 의견서 제출기간 이내에 보정서도 같이 제출한 경우에는 해당 보정서에 의한 보정사항을 반영하여 심사한다. 심사관은 의견서 및 보정사항을 반영하여 다시 심사한 후에도 거절이유통지에서 지적한 거절이유가 해소되지 않았다고 인정하는 경우 거절결정을 해야 한다.
86,10-2015-0122619,1020150122619,1020150122619,,4,PE0902,거절이유통지,20160415,심사관은 특허법 제62조(특허거절결정)에 따라 특허거절결정을 하고자 할 때에는 출원인에게 거절이유를 통지하고 기간을 정하여 의견서를 제출할 기회를 주어야 한다. 다만 특허법 제51조(보정각하)에 따라 보정각하결정을 할때는 그러지 아니한다. 심사관이 행하는 거절이유통지는 2종류로 구분되며 그 종류에 따라 출원인이 할 수 있는 명세서 또는 도면의 보정 범위가 다르게 제한된다. 하나는 거절이유통지에 대한 보정에 따라 발생한 거절이유만을 통지하는 거절이유통지(최후거절이유통지)와 다른 하나는 출원인이 처음으로 받거나 최후거절이유통지가 아닌 거절이유통지(최초거절이유통지)를 말한다.
86,10-2015-0122619,1020150122619,1020150122619,,5,PG1601,등록공고,20170213,특허권은 설정등록에 의해 발생하며 등록이 있는 때는 그 특허에 관하여 특허공보에 게재하여 등록공고를 하여야 한다. 비밀취급을 요하는 특허발명에 대하여는 비밀취급의 해제시까지 등록공고를 보류하며 그 비밀취급이 해제된 때에는 지체없이 등록공고를 하여야 하며 등록공고가 있는 날부터 3월간 출원서류 및 그 부속물건을 공중의 열람에 제공해야 한다.
86,10-2015-0122619,1020150122619,1020150122619,,6,PR0701,설정등록,20170120,"특허권은 설정등록에 의해 발생하며, 특허결정이 된 후 출원인이 특허료를 납부하거나 보전한 경우 또는 추가납부하거나 특허료가 면제된 경우에 특허청장은 특허권을 설정하기 위한 등록을 해야 한다."
86,10-2015-0122619,1020150122619,1020150122619,,7,PR1002,등록료납부,20170120,"특허권의 설정등록을 받으려는 자는 설정등록받으려는 날 부터 3년분의 특허료를 납부한다.특허권의 설정등록을 받고자 하는자 또는 특허권자는 특허료 납부기간이 경과한 후에도 6개월 이내 특허료를 추가 납부할 수 있으며 특허료 추가 납부할 때에는 납부하여야 할 특허료의 2배 이내의 범위에서 납부해야한다. 추가납부기간 이내에 특허료를 납부하지 못한 경우에는 특허권리를 소멸하게 되는데, 이때 특허권자는 추가납부기간 만료일부터 3개월 이내에 특허료의 3배를 납부하고 그 소멸한 권리의 회복을 신청 할 수 있다."
86,10-2015-0122619,1020150122619,1020150122619,,8,PX0701,재심사후 등록결정,20170118,심사관이 거절결정한 출원에 대하여 출원인이 거절결정등본을 송달받은 날부터 30일(법정기간이 연장된 경우에는 그 연장된 때까지) 이내에 명세서 또는 도면을 보정하면 심사관은 보정된 출원을 다시 심사 해야 한다. 심사관은 보정서를 반영하여 재심사한 결과 거절이유를 발견할 수 없는 경우 특허결정을 해야 한다.
86,10-2015-0122619,1020150122619,1020150122619,,9,PX0901,재심사,20161220,심사관이 거절결정한 출원에 대하여 출원인이 거절결정등본을 송달받은 날부터 30일(법정기간이 연장된 경우에는 그 연장된 때까지) 이내에 명세서 또는 도면을 보정하면 심사관은 보정된 출원을 다시 심사 해야 한다. 재심사청구된 경우 종전의 거절결정은 취소된 것으로 보므로 거절결정 전으로 돌아가 보정서가 제출된 통상의 심사와 동일하게 심사를 진행한다. 보정이 적법한 경우 보정사항을 반영하여 특허결정 또는 거절결정 여부를 결정한다. 보정이 부적법해 보정각하가 되면 바로 보정전 명세서를 심사대상으로 하여 심사를 계속 진행한다
86,10-2015-0122619,1020150122619,1020150122619,,10,PR1001,연차료납부,20191226,"특허법 제87조 1항에 따른 특허권의 설정등록을 받으려는 자는 설정등록을 받으려는 날부터 3년분의 특허료를 납부해야 하는데, 그 다음 연도분부터는 특허료를 해당 권리의 설정등록일에 해당하는 날을 기준으로 일정기간 내에 매년 1년분씩 납부함으로써 특허권을 유지한다. 연차료의 납부기간의 종류는 아래와 같다.정상납부기간(정상납부만료일 이전), 추가납부기간(추가납부안내서 발송 이후 6개월), 회복납부기간(권리소멸 시점부터 3개월 이내)"
87,10-2015-0122622,1020150122622,1020150122622,,1,PA0109,특허출원,20150831,특허를 받고자 하는 자는 특허가 담은 발명에 대한 서류를 작성한 특허출원서를 특허청장에게 제출하여야한다.
87,10-2015-0122622,1020150122622,1020150122622,,2,PA0201,심사청구,20150831,"특허출원 이후 3년 이내에 특허청장에게 그 특허출원에 관하여 출원심사의 청구를 할 수 있고, 다만, 제34조 및 제35조에 따른 정당한 권리자의 특허출원, 분할출원 또는 변경출원에 관하여는 그 기간이 지난 후에도 정당한 권리자가 특허출원을 한 날, 분할출원을 한 날 또는 변경출원을 한 날부터 각각 30일 이내에 출원심사 청구를 할 수 있다. 심사청구가 있을 시에 한하여 특허출원을 심사한다."
87,10-2015-0122622,1020150122622,1020150122622,,3,PE0601,특허거절결정,20170118,심사관은 특허출원이 특허법 제62조 각호의 어느 하나에 해당 할 경우 거절이유 통지 후 거절결정을 해야한다. 다만 거절결정전에 출원인은 심사관의 거절이유통지에 대응하여 의견서를 제출할수 있고 지정한 의견서 제출기간 이내에 보정서를 제출하여 명세서 또는 도면을 보정 할수 있다. 출원인이 의견서를 제출한 경우 제출된 의견서를 반영하여 거절이유가 유지될수 있는지 여부를 다시 심사한다. 만약 의견서 제출기간 이내에 보정서도 같이 제출한 경우에는 해당 보정서에 의한 보정사항을 반영하여 심사한다. 심사관은 의견서 및 보정사항을 반영하여 다시 심사한 후에도 거절이유통지에서 지적한 거절이유가 해소되지 않았다고 인정하는 경우 거절결정을 해야 한다.
87,10-2015-0122622,1020150122622,1020150122622,,4,PE0902,거절이유통지,20160726,심사관은 특허법 제62조(특허거절결정)에 따라 특허거절결정을 하고자 할 때에는 출원인에게 거절이유를 통지하고 기간을 정하여 의견서를 제출할 기회를 주어야 한다. 다만 특허법 제51조(보정각하)에 따라 보정각하결정을 할때는 그러지 아니한다. 심사관이 행하는 거절이유통지는 2종류로 구분되며 그 종류에 따라 출원인이 할 수 있는 명세서 또는 도면의 보정 범위가 다르게 제한된다. 하나는 거절이유통지에 대한 보정에 따라 발생한 거절이유만을 통지하는 거절이유통지(최후거절이유통지)와 다른 하나는 출원인이 처음으로 받거나 최후거절이유통지가 아닌 거절이유통지(최초거절이유통지)를 말한다.
87,10-2015-0122622,1020150122622,1020150122622,,5,PG1501,출원공개,20170308,"출원인의 신청에 의하여 조기공개신청  또는 특허출원 이후 1년 6개월 경과 후 심사여부와 관계없이 출원공개를 해야하며 이는  발명의 공개를 통해 제3자의 중복연구, 중복투자 및 중복출원을 방지하는 한편 기술이용의 기회를 제공한다."
87,10-2015-0122622,1020150122622,1020150122622,,6,PG1601,등록공고,20170320,특허권은 설정등록에 의해 발생하며 등록이 있는 때는 그 특허에 관하여 특허공보에 게재하여 등록공고를 하여야 한다. 비밀취급을 요하는 특허발명에 대하여는 비밀취급의 해제시까지 등록공고를 보류하며 그 비밀취급이 해제된 때에는 지체없이 등록공고를 하여야 하며 등록공고가 있는 날부터 3월간 출원서류 및 그 부속물건을 공중의 열람에 제공해야 한다.
87,10-2015-0122622,1020150122622,1020150122622,,7,PR0701,설정등록,20170314,"특허권은 설정등록에 의해 발생하며, 특허결정이 된 후 출원인이 특허료를 납부하거나 보전한 경우 또는 추가납부하거나 특허료가 면제된 경우에 특허청장은 특허권을 설정하기 위한 등록을 해야 한다."
87,10-2015-0122622,1020150122622,1020150122622,,8,PR1001,연차료납부,20191226,"특허법 제87조 1항에 따른 특허권의 설정등록을 받으려는 자는 설정등록을 받으려는 날부터 3년분의 특허료를 납부해야 하는데, 그 다음 연도분부터는 특허료를 해당 권리의 설정등록일에 해당하는 날을 기준으로 일정기간 내에 매년 1년분씩 납부함으로써 특허권을 유지한다. 연차료의 납부기간의 종류는 아래와 같다.정상납부기간(정상납부만료일 이전), 추가납부기간(추가납부안내서 발송 이후 6개월), 회복납부기간(권리소멸 시점부터 3개월 이내)"
87,10-2015-0122622,1020150122622,1020150122622,,9,PR1002,등록료납부,20170314,"특허권의 설정등록을 받으려는 자는 설정등록받으려는 날 부터 3년분의 특허료를 납부한다.특허권의 설정등록을 받고자 하는자 또는 특허권자는 특허료 납부기간이 경과한 후에도 6개월 이내 특허료를 추가 납부할 수 있으며 특허료 추가 납부할 때에는 납부하여야 할 특허료의 2배 이내의 범위에서 납부해야한다. 추가납부기간 이내에 특허료를 납부하지 못한 경우에는 특허권리를 소멸하게 되는데, 이때 특허권자는 추가납부기간 만료일부터 3개월 이내에 특허료의 3배를 납부하고 그 소멸한 권리의 회복을 신청 할 수 있다."
87,10-2015-0122622,1020150122622,1020150122622,,10,PX0701,재심사후 등록결정,20170307,심사관이 거절결정한 출원에 대하여 출원인이 거절결정등본을 송달받은 날부터 30일(법정기간이 연장된 경우에는 그 연장된 때까지) 이내에 명세서 또는 도면을 보정하면 심사관은 보정된 출원을 다시 심사 해야 한다. 심사관은 보정서를 반영하여 재심사한 결과 거절이유를 발견할 수 없는 경우 특허결정을 해야 한다.
87,10-2015-0122622,1020150122622,1020150122622,,11,PX0901,재심사,20170217,심사관이 거절결정한 출원에 대하여 출원인이 거절결정등본을 송달받은 날부터 30일(법정기간이 연장된 경우에는 그 연장된 때까지) 이내에 명세서 또는 도면을 보정하면 심사관은 보정된 출원을 다시 심사 해야 한다. 재심사청구된 경우 종전의 거절결정은 취소된 것으로 보므로 거절결정 전으로 돌아가 보정서가 제출된 통상의 심사와 동일하게 심사를 진행한다. 보정이 적법한 경우 보정사항을 반영하여 특허결정 또는 거절결정 여부를 결정한다. 보정이 부적법해 보정각하가 되면 바로 보정전 명세서를 심사대상으로 하여 심사를 계속 진행한다
88,10-2015-0130138,1020150130138,1020150130138,,1,PA0109,특허출원,20150915,특허를 받고자 하는 자는 특허가 담은 발명에 대한 서류를 작성한 특허출원서를 특허청장에게 제출하여야한다.
88,10-2015-0130138,1020150130138,1020150130138,,2,PA0201,심사청구,20150915,"특허출원 이후 3년 이내에 특허청장에게 그 특허출원에 관하여 출원심사의 청구를 할 수 있고, 다만, 제34조 및 제35조에 따른 정당한 권리자의 특허출원, 분할출원 또는 변경출원에 관하여는 그 기간이 지난 후에도 정당한 권리자가 특허출원을 한 날, 분할출원을 한 날 또는 변경출원을 한 날부터 각각 30일 이내에 출원심사 청구를 할 수 있다. 심사청구가 있을 시에 한하여 특허출원을 심사한다."
88,10-2015-0130138,1020150130138,1020150130138,,3,PE0601,특허거절결정,20170327,심사관은 특허출원이 특허법 제62조 각호의 어느 하나에 해당 할 경우 거절이유 통지 후 거절결정을 해야한다. 다만 거절결정전에 출원인은 심사관의 거절이유통지에 대응하여 의견서를 제출할수 있고 지정한 의견서 제출기간 이내에 보정서를 제출하여 명세서 또는 도면을 보정 할수 있다. 출원인이 의견서를 제출한 경우 제출된 의견서를 반영하여 거절이유가 유지될수 있는지 여부를 다시 심사한다. 만약 의견서 제출기간 이내에 보정서도 같이 제출한 경우에는 해당 보정서에 의한 보정사항을 반영하여 심사한다. 심사관은 의견서 및 보정사항을 반영하여 다시 심사한 후에도 거절이유통지에서 지적한 거절이유가 해소되지 않았다고 인정하는 경우 거절결정을 해야 한다.
88,10-2015-0130138,1020150130138,1020150130138,,4,PE0902,거절이유통지,20160919,심사관은 특허법 제62조(특허거절결정)에 따라 특허거절결정을 하고자 할 때에는 출원인에게 거절이유를 통지하고 기간을 정하여 의견서를 제출할 기회를 주어야 한다. 다만 특허법 제51조(보정각하)에 따라 보정각하결정을 할때는 그러지 아니한다. 심사관이 행하는 거절이유통지는 2종류로 구분되며 그 종류에 따라 출원인이 할 수 있는 명세서 또는 도면의 보정 범위가 다르게 제한된다. 하나는 거절이유통지에 대한 보정에 따라 발생한 거절이유만을 통지하는 거절이유통지(최후거절이유통지)와 다른 하나는 출원인이 처음으로 받거나 최후거절이유통지가 아닌 거절이유통지(최초거절이유통지)를 말한다.
88,10-2015-0130138,1020150130138,1020150130138,,5,PG1501,출원공개,20170323,"출원인의 신청에 의하여 조기공개신청  또는 특허출원 이후 1년 6개월 경과 후 심사여부와 관계없이 출원공개를 해야하며 이는  발명의 공개를 통해 제3자의 중복연구, 중복투자 및 중복출원을 방지하는 한편 기술이용의 기회를 제공한다."
88,10-2015-0130138,1020150130138,1020150130138,,6,PG1601,등록공고,20170522,특허권은 설정등록에 의해 발생하며 등록이 있는 때는 그 특허에 관하여 특허공보에 게재하여 등록공고를 하여야 한다. 비밀취급을 요하는 특허발명에 대하여는 비밀취급의 해제시까지 등록공고를 보류하며 그 비밀취급이 해제된 때에는 지체없이 등록공고를 하여야 하며 등록공고가 있는 날부터 3월간 출원서류 및 그 부속물건을 공중의 열람에 제공해야 한다.
88,10-2015-0130138,1020150130138,1020150130138,,7,PR0701,설정등록,20170516,"특허권은 설정등록에 의해 발생하며, 특허결정이 된 후 출원인이 특허료를 납부하거나 보전한 경우 또는 추가납부하거나 특허료가 면제된 경우에 특허청장은 특허권을 설정하기 위한 등록을 해야 한다."
88,10-2015-0130138,1020150130138,1020150130138,,8,PR1001,연차료납부,20200330,"특허법 제87조 1항에 따른 특허권의 설정등록을 받으려는 자는 설정등록을 받으려는 날부터 3년분의 특허료를 납부해야 하는데, 그 다음 연도분부터는 특허료를 해당 권리의 설정등록일에 해당하는 날을 기준으로 일정기간 내에 매년 1년분씩 납부함으로써 특허권을 유지한다. 연차료의 납부기간의 종류는 아래와 같다.정상납부기간(정상납부만료일 이전), 추가납부기간(추가납부안내서 발송 이후 6개월), 회복납부기간(권리소멸 시점부터 3개월 이내)"
88,10-2015-0130138,1020150130138,1020150130138,,9,PR1002,등록료납부,20170516,"특허권의 설정등록을 받으려는 자는 설정등록받으려는 날 부터 3년분의 특허료를 납부한다.특허권의 설정등록을 받고자 하는자 또는 특허권자는 특허료 납부기간이 경과한 후에도 6개월 이내 특허료를 추가 납부할 수 있으며 특허료 추가 납부할 때에는 납부하여야 할 특허료의 2배 이내의 범위에서 납부해야한다. 추가납부기간 이내에 특허료를 납부하지 못한 경우에는 특허권리를 소멸하게 되는데, 이때 특허권자는 추가납부기간 만료일부터 3개월 이내에 특허료의 3배를 납부하고 그 소멸한 권리의 회복을 신청 할 수 있다."
88,10-2015-0130138,1020150130138,1020150130138,,10,PX0701,재심사후 등록결정,20170512,심사관이 거절결정한 출원에 대하여 출원인이 거절결정등본을 송달받은 날부터 30일(법정기간이 연장된 경우에는 그 연장된 때까지) 이내에 명세서 또는 도면을 보정하면 심사관은 보정된 출원을 다시 심사 해야 한다. 심사관은 보정서를 반영하여 재심사한 결과 거절이유를 발견할 수 없는 경우 특허결정을 해야 한다.
88,10-2015-0130138,1020150130138,1020150130138,,11,PX0901,재심사,20170427,심사관이 거절결정한 출원에 대하여 출원인이 거절결정등본을 송달받은 날부터 30일(법정기간이 연장된 경우에는 그 연장된 때까지) 이내에 명세서 또는 도면을 보정하면 심사관은 보정된 출원을 다시 심사 해야 한다. 재심사청구된 경우 종전의 거절결정은 취소된 것으로 보므로 거절결정 전으로 돌아가 보정서가 제출된 통상의 심사와 동일하게 심사를 진행한다. 보정이 적법한 경우 보정사항을 반영하여 특허결정 또는 거절결정 여부를 결정한다. 보정이 부적법해 보정각하가 되면 바로 보정전 명세서를 심사대상으로 하여 심사를 계속 진행한다
88,10-2015-0130138,1020150130138,1020150130138,,12,PR1001,연차료납부,20230323,"특허법 제87조 1항에 따른 특허권의 설정등록을 받으려는 자는 설정등록을 받으려는 날부터 3년분의 특허료를 납부해야 하는데, 그 다음 연도분부터는 특허료를 해당 권리의 설정등록일에 해당하는 날을 기준으로 일정기간 내에 매년 1년분씩 납부함으로써 특허권을 유지한다. 연차료의 납부기간의 종류는 아래와 같다.정상납부기간(정상납부만료일 이전), 추가납부기간(추가납부안내서 발송 이후 6개월), 회복납부기간(권리소멸 시점부터 3개월 이내)"
89,10-2015-0130140,1020150130140,1020150130140,,1,PA0109,특허출원,20150915,특허를 받고자 하는 자는 특허가 담은 발명에 대한 서류를 작성한 특허출원서를 특허청장에게 제출하여야한다.
89,10-2015-0130140,1020150130140,1020150130140,,2,PA0201,심사청구,20150915,"특허출원 이후 3년 이내에 특허청장에게 그 특허출원에 관하여 출원심사의 청구를 할 수 있고, 다만, 제34조 및 제35조에 따른 정당한 권리자의 특허출원, 분할출원 또는 변경출원에 관하여는 그 기간이 지난 후에도 정당한 권리자가 특허출원을 한 날, 분할출원을 한 날 또는 변경출원을 한 날부터 각각 30일 이내에 출원심사 청구를 할 수 있다. 심사청구가 있을 시에 한하여 특허출원을 심사한다."
89,10-2015-0130140,1020150130140,1020150130140,,3,PE0601,특허거절결정,20170731,심사관은 특허출원이 특허법 제62조 각호의 어느 하나에 해당 할 경우 거절이유 통지 후 거절결정을 해야한다. 다만 거절결정전에 출원인은 심사관의 거절이유통지에 대응하여 의견서를 제출할수 있고 지정한 의견서 제출기간 이내에 보정서를 제출하여 명세서 또는 도면을 보정 할수 있다. 출원인이 의견서를 제출한 경우 제출된 의견서를 반영하여 거절이유가 유지될수 있는지 여부를 다시 심사한다. 만약 의견서 제출기간 이내에 보정서도 같이 제출한 경우에는 해당 보정서에 의한 보정사항을 반영하여 심사한다. 심사관은 의견서 및 보정사항을 반영하여 다시 심사한 후에도 거절이유통지에서 지적한 거절이유가 해소되지 않았다고 인정하는 경우 거절결정을 해야 한다.
89,10-2015-0130140,1020150130140,1020150130140,,4,PE0902,거절이유통지,20170116,심사관은 특허법 제62조(특허거절결정)에 따라 특허거절결정을 하고자 할 때에는 출원인에게 거절이유를 통지하고 기간을 정하여 의견서를 제출할 기회를 주어야 한다. 다만 특허법 제51조(보정각하)에 따라 보정각하결정을 할때는 그러지 아니한다. 심사관이 행하는 거절이유통지는 2종류로 구분되며 그 종류에 따라 출원인이 할 수 있는 명세서 또는 도면의 보정 범위가 다르게 제한된다. 하나는 거절이유통지에 대한 보정에 따라 발생한 거절이유만을 통지하는 거절이유통지(최후거절이유통지)와 다른 하나는 출원인이 처음으로 받거나 최후거절이유통지가 아닌 거절이유통지(최초거절이유통지)를 말한다.
89,10-2015-0130140,1020150130140,1020150130140,,5,PG1501,출원공개,20170323,"출원인의 신청에 의하여 조기공개신청  또는 특허출원 이후 1년 6개월 경과 후 심사여부와 관계없이 출원공개를 해야하며 이는  발명의 공개를 통해 제3자의 중복연구, 중복투자 및 중복출원을 방지하는 한편 기술이용의 기회를 제공한다."
89,10-2015-0130140,1020150130140,1020150130140,,6,PG1601,등록공고,20171027,특허권은 설정등록에 의해 발생하며 등록이 있는 때는 그 특허에 관하여 특허공보에 게재하여 등록공고를 하여야 한다. 비밀취급을 요하는 특허발명에 대하여는 비밀취급의 해제시까지 등록공고를 보류하며 그 비밀취급이 해제된 때에는 지체없이 등록공고를 하여야 하며 등록공고가 있는 날부터 3월간 출원서류 및 그 부속물건을 공중의 열람에 제공해야 한다.
89,10-2015-0130140,1020150130140,1020150130140,,7,PR0701,설정등록,20171023,"특허권은 설정등록에 의해 발생하며, 특허결정이 된 후 출원인이 특허료를 납부하거나 보전한 경우 또는 추가납부하거나 특허료가 면제된 경우에 특허청장은 특허권을 설정하기 위한 등록을 해야 한다."
89,10-2015-0130140,1020150130140,1020150130140,,8,PR1001,연차료납부,20200925,"특허법 제87조 1항에 따른 특허권의 설정등록을 받으려는 자는 설정등록을 받으려는 날부터 3년분의 특허료를 납부해야 하는데, 그 다음 연도분부터는 특허료를 해당 권리의 설정등록일에 해당하는 날을 기준으로 일정기간 내에 매년 1년분씩 납부함으로써 특허권을 유지한다. 연차료의 납부기간의 종류는 아래와 같다.정상납부기간(정상납부만료일 이전), 추가납부기간(추가납부안내서 발송 이후 6개월), 회복납부기간(권리소멸 시점부터 3개월 이내)"
89,10-2015-0130140,1020150130140,1020150130140,,9,PR1002,등록료납부,20171023,"특허권의 설정등록을 받으려는 자는 설정등록받으려는 날 부터 3년분의 특허료를 납부한다.특허권의 설정등록을 받고자 하는자 또는 특허권자는 특허료 납부기간이 경과한 후에도 6개월 이내 특허료를 추가 납부할 수 있으며 특허료 추가 납부할 때에는 납부하여야 할 특허료의 2배 이내의 범위에서 납부해야한다. 추가납부기간 이내에 특허료를 납부하지 못한 경우에는 특허권리를 소멸하게 되는데, 이때 특허권자는 추가납부기간 만료일부터 3개월 이내에 특허료의 3배를 납부하고 그 소멸한 권리의 회복을 신청 할 수 있다."
89,10-2015-0130140,1020150130140,1020150130140,,10,PX0701,재심사후 등록결정,20171001,심사관이 거절결정한 출원에 대하여 출원인이 거절결정등본을 송달받은 날부터 30일(법정기간이 연장된 경우에는 그 연장된 때까지) 이내에 명세서 또는 도면을 보정하면 심사관은 보정된 출원을 다시 심사 해야 한다. 심사관은 보정서를 반영하여 재심사한 결과 거절이유를 발견할 수 없는 경우 특허결정을 해야 한다.
89,10-2015-0130140,1020150130140,1020150130140,,11,PX0901,재심사,20170830,심사관이 거절결정한 출원에 대하여 출원인이 거절결정등본을 송달받은 날부터 30일(법정기간이 연장된 경우에는 그 연장된 때까지) 이내에 명세서 또는 도면을 보정하면 심사관은 보정된 출원을 다시 심사 해야 한다. 재심사청구된 경우 종전의 거절결정은 취소된 것으로 보므로 거절결정 전으로 돌아가 보정서가 제출된 통상의 심사와 동일하게 심사를 진행한다. 보정이 적법한 경우 보정사항을 반영하여 특허결정 또는 거절결정 여부를 결정한다. 보정이 부적법해 보정각하가 되면 바로 보정전 명세서를 심사대상으로 하여 심사를 계속 진행한다
90,10-2015-0166143,1020150166143,1020150166143,,1,PA0109,특허출원,20151126,특허를 받고자 하는 자는 특허가 담은 발명에 대한 서류를 작성한 특허출원서를 특허청장에게 제출하여야한다.
90,10-2015-0166143,1020150166143,1020150166143,,2,PA0201,심사청구,20151126,"특허출원 이후 3년 이내에 특허청장에게 그 특허출원에 관하여 출원심사의 청구를 할 수 있고, 다만, 제34조 및 제35조에 따른 정당한 권리자의 특허출원, 분할출원 또는 변경출원에 관하여는 그 기간이 지난 후에도 정당한 권리자가 특허출원을 한 날, 분할출원을 한 날 또는 변경출원을 한 날부터 각각 30일 이내에 출원심사 청구를 할 수 있다. 심사청구가 있을 시에 한하여 특허출원을 심사한다."
90,10-2015-0166143,1020150166143,1020150166143,,3,PE0601,특허거절결정,20170330,심사관은 특허출원이 특허법 제62조 각호의 어느 하나에 해당 할 경우 거절이유 통지 후 거절결정을 해야한다. 다만 거절결정전에 출원인은 심사관의 거절이유통지에 대응하여 의견서를 제출할수 있고 지정한 의견서 제출기간 이내에 보정서를 제출하여 명세서 또는 도면을 보정 할수 있다. 출원인이 의견서를 제출한 경우 제출된 의견서를 반영하여 거절이유가 유지될수 있는지 여부를 다시 심사한다. 만약 의견서 제출기간 이내에 보정서도 같이 제출한 경우에는 해당 보정서에 의한 보정사항을 반영하여 심사한다. 심사관은 의견서 및 보정사항을 반영하여 다시 심사한 후에도 거절이유통지에서 지적한 거절이유가 해소되지 않았다고 인정하는 경우 거절결정을 해야 한다.
90,10-2015-0166143,1020150166143,1020150166143,,4,PE0902,거절이유통지,20160921,심사관은 특허법 제62조(특허거절결정)에 따라 특허거절결정을 하고자 할 때에는 출원인에게 거절이유를 통지하고 기간을 정하여 의견서를 제출할 기회를 주어야 한다. 다만 특허법 제51조(보정각하)에 따라 보정각하결정을 할때는 그러지 아니한다. 심사관이 행하는 거절이유통지는 2종류로 구분되며 그 종류에 따라 출원인이 할 수 있는 명세서 또는 도면의 보정 범위가 다르게 제한된다. 하나는 거절이유통지에 대한 보정에 따라 발생한 거절이유만을 통지하는 거절이유통지(최후거절이유통지)와 다른 하나는 출원인이 처음으로 받거나 최후거절이유통지가 아닌 거절이유통지(최초거절이유통지)를 말한다.
90,10-2015-0166143,1020150166143,1020150166143,,5,PG1501,출원공개,20170704,"출원인의 신청에 의하여 조기공개신청  또는 특허출원 이후 1년 6개월 경과 후 심사여부와 관계없이 출원공개를 해야하며 이는  발명의 공개를 통해 제3자의 중복연구, 중복투자 및 중복출원을 방지하는 한편 기술이용의 기회를 제공한다."
90,10-2015-0166143,1020150166143,1020150166143,,6,PJ0201,거절결정불복심판,20170629,특허거절결정 또는 특허권의 존속기간의 연장등록거절결정을 받은 자가 불복이 있는 때에는 그 결정등본을 송달받은 날부터 30일 이내에 심판을 청구할 수 있다.
90,10-2015-0166143,1020150166143,1020150166143,,7,PX0601,재심사후 거절결정,20170530,심사관이 거절결정한 출원에 대하여 출원인이 거절결정등본을 송달받은 날부터 30일(법정기간이 연장된 경우에는 그 연장된 때까지) 이내에 명세서 또는 도면을 보정하여 재심사청구하면 심사관은 해당 출원을 다시 심사 해야 한다. 심사관은 보정서를 반영하여 재심사한 후에도 거절결정 당시에 지적된 거절이유가 해소되지 않았다고 인정하는 경우 다시 특허거절결정한다.
90,10-2015-0166143,1020150166143,1020150166143,,8,PX0901,재심사,20170427,심사관이 거절결정한 출원에 대하여 출원인이 거절결정등본을 송달받은 날부터 30일(법정기간이 연장된 경우에는 그 연장된 때까지) 이내에 명세서 또는 도면을 보정하면 심사관은 보정된 출원을 다시 심사 해야 한다. 재심사청구된 경우 종전의 거절결정은 취소된 것으로 보므로 거절결정 전으로 돌아가 보정서가 제출된 통상의 심사와 동일하게 심사를 진행한다. 보정이 적법한 경우 보정사항을 반영하여 특허결정 또는 거절결정 여부를 결정한다. 보정이 부적법해 보정각하가 되면 바로 보정전 명세서를 심사대상으로 하여 심사를 계속 진행한다
90,10-2015-0166143,1020150166143,1020150166143,,9,PJ1301,심결,20190123,"심판은 특별한 규정이 있는 경우를 제외하고는 심결로써 이를 종결한다. 심결은 심판의 번호, 당사자 및 참가인의 성명 및 주소, 심판사건의 표시, 심결의 주문, 심결의 이유, 심결연월일을 기재한 서면으로 하여야 하며 심결한 심판관은 이에 기명날인하여야 한다. 심판장은 사건이 심결을 할 정도로 성숙한 때에는 심리의 종결을 당사자 및 참가인에게 통지하여야 하고, 필요하다고 인정할 때에는 심리종결을 통지한 후에도 당사자 또는 참가인의 신청에 의하여 또는 직권으로 심리를 재개할 수 있다. 심결은 심리종결통지를 한 날부터 20일 이내에 한다. 심판장은 심결 또는 결정이 있는 때에는 그 등본을 당사자, 참가인 및 심판에 참가신청을 하였으나 그 신청이 거부된 자에게 송달하여야 한다."
90,10-2015-0166143,1020150166143,1020150166143,,10,PS0901,취소환송에 의한 심사,20190123,특허거절결정 또는 특허권의 존속기간의 연장등록거절결정에 대해 불복하고자 하는 자는 그 결정등본 송달일로부터 30일 이내에 거절결정불복심판을 제기할 수 있다.거절결정불복심판이 청구된 때에는 심판관 합의체에 의해 심결이 확정되고 해당 심판청구를 인정하는 심결이 있을 시 담당심사관에게 취소환송하여 심사를 진행토록 한다.
90,10-2015-0166143,1020150166143,1020150166143,,11,PS0701,취소환송후 등록결정,20190220,특허거절결정 또는 특허권의 존속기간의 연장등록거절결정에 대해 불복하고자 하는 자는 그 결정등본 송달일로부터 30일 이내에 거절결정불복심판을 제기할 수 있다. 거절결정불복심판이 청구된 때에는 심판관 합의체에 의해 심결이 확정되고 해당 심판청구를 인정하는 심결이 있을 시 담당심사관에게 취소환송하여 심사를 진행토록 한다.  취소환송에 의한 심사 결과 심사관은 특허출원에 대하여 거절이유를 발견할 수 없는 때에는 특허결정을 해야 한다.
90,10-2015-0166143,1020150166143,1020150166143,,12,PR0701,설정등록,20190225,"특허권은 설정등록에 의해 발생하며, 특허결정이 된 후 출원인이 특허료를 납부하거나 보전한 경우 또는 추가납부하거나 특허료가 면제된 경우에 특허청장은 특허권을 설정하기 위한 등록을 해야 한다."
90,10-2015-0166143,1020150166143,1020150166143,,13,PR1002,등록료납부,20190225,"특허권의 설정등록을 받으려는 자는 설정등록받으려는 날 부터 3년분의 특허료를 납부한다.특허권의 설정등록을 받고자 하는자 또는 특허권자는 특허료 납부기간이 경과한 후에도 6개월 이내 특허료를 추가 납부할 수 있으며 특허료 추가 납부할 때에는 납부하여야 할 특허료의 2배 이내의 범위에서 납부해야한다. 추가납부기간 이내에 특허료를 납부하지 못한 경우에는 특허권리를 소멸하게 되는데, 이때 특허권자는 추가납부기간 만료일부터 3개월 이내에 특허료의 3배를 납부하고 그 소멸한 권리의 회복을 신청 할 수 있다."
90,10-2015-0166143,1020150166143,1020150166143,,14,PG1601,등록공고,20190304,특허권은 설정등록에 의해 발생하며 등록이 있는 때는 그 특허에 관하여 특허공보에 게재하여 등록공고를 하여야 한다. 비밀취급을 요하는 특허발명에 대하여는 비밀취급의 해제시까지 등록공고를 보류하며 그 비밀취급이 해제된 때에는 지체없이 등록공고를 하여야 하며 등록공고가 있는 날부터 3월간 출원서류 및 그 부속물건을 공중의 열람에 제공해야 한다.
90,10-2015-0166143,1020150166143,1020150166143,,15,PR1001,연차료납부,20211228,"특허법 제87조 1항에 따른 특허권의 설정등록을 받으려는 자는 설정등록을 받으려는 날부터 3년분의 특허료를 납부해야 하는데, 그 다음 연도분부터는 특허료를 해당 권리의 설정등록일에 해당하는 날을 기준으로 일정기간 내에 매년 1년분씩 납부함으로써 특허권을 유지한다. 연차료의 납부기간의 종류는 아래와 같다.정상납부기간(정상납부만료일 이전), 추가납부기간(추가납부안내서 발송 이후 6개월), 회복납부기간(권리소멸 시점부터 3개월 이내)"
90,10-2015-0166143,1020150166143,1020150166143,,16,PR1001,연차료납부,20241219,"특허법 제87조 1항에 따른 특허권의 설정등록을 받으려는 자는 설정등록을 받으려는 날부터 3년분의 특허료를 납부해야 하는데, 그 다음 연도분부터는 특허료를 해당 권리의 설정등록일에 해당하는 날을 기준으로 일정기간 내에 매년 1년분씩 납부함으로써 특허권을 유지한다. 연차료의 납부기간의 종류는 아래와 같다.정상납부기간(정상납부만료일 이전), 추가납부기간(추가납부안내서 발송 이후 6개월), 회복납부기간(권리소멸 시점부터 3개월 이내)"
91,10-2015-0167062,1020150167062,1020150167062,,1,PA0109,특허출원,20151127,특허를 받고자 하는 자는 특허가 담은 발명에 대한 서류를 작성한 특허출원서를 특허청장에게 제출하여야한다.
91,10-2015-0167062,1020150167062,1020150167062,,2,PA0201,심사청구,20151127,"특허출원 이후 3년 이내에 특허청장에게 그 특허출원에 관하여 출원심사의 청구를 할 수 있고, 다만, 제34조 및 제35조에 따른 정당한 권리자의 특허출원, 분할출원 또는 변경출원에 관하여는 그 기간이 지난 후에도 정당한 권리자가 특허출원을 한 날, 분할출원을 한 날 또는 변경출원을 한 날부터 각각 30일 이내에 출원심사 청구를 할 수 있다. 심사청구가 있을 시에 한하여 특허출원을 심사한다."
91,10-2015-0167062,1020150167062,1020150167062,,3,PE0902,거절이유통지,20161013,심사관은 특허법 제62조(특허거절결정)에 따라 특허거절결정을 하고자 할 때에는 출원인에게 거절이유를 통지하고 기간을 정하여 의견서를 제출할 기회를 주어야 한다. 다만 특허법 제51조(보정각하)에 따라 보정각하결정을 할때는 그러지 아니한다. 심사관이 행하는 거절이유통지는 2종류로 구분되며 그 종류에 따라 출원인이 할 수 있는 명세서 또는 도면의 보정 범위가 다르게 제한된다. 하나는 거절이유통지에 대한 보정에 따라 발생한 거절이유만을 통지하는 거절이유통지(최후거절이유통지)와 다른 하나는 출원인이 처음으로 받거나 최후거절이유통지가 아닌 거절이유통지(최초거절이유통지)를 말한다.
91,10-2015-0167062,1020150167062,1020150167062,,4,PE0902,거절이유통지,20170426,심사관은 특허법 제62조(특허거절결정)에 따라 특허거절결정을 하고자 할 때에는 출원인에게 거절이유를 통지하고 기간을 정하여 의견서를 제출할 기회를 주어야 한다. 다만 특허법 제51조(보정각하)에 따라 보정각하결정을 할때는 그러지 아니한다. 심사관이 행하는 거절이유통지는 2종류로 구분되며 그 종류에 따라 출원인이 할 수 있는 명세서 또는 도면의 보정 범위가 다르게 제한된다. 하나는 거절이유통지에 대한 보정에 따라 발생한 거절이유만을 통지하는 거절이유통지(최후거절이유통지)와 다른 하나는 출원인이 처음으로 받거나 최후거절이유통지가 아닌 거절이유통지(최초거절이유통지)를 말한다.
91,10-2015-0167062,1020150167062,1020150167062,,5,PG1501,출원공개,20170607,"출원인의 신청에 의하여 조기공개신청  또는 특허출원 이후 1년 6개월 경과 후 심사여부와 관계없이 출원공개를 해야하며 이는  발명의 공개를 통해 제3자의 중복연구, 중복투자 및 중복출원을 방지하는 한편 기술이용의 기회를 제공한다."
91,10-2015-0167062,1020150167062,1020150167062,,6,PE0701,등록결정,20171030,심사관은 특허출원에 대해 거절이유를 발견할 수 없는 경우 특허결정을 해야 한다. 특허결정이 있는 경우 특허청장은 그 특허결정의 등본을 출원인에게 송달해야 한다. 특허결정은 그 결정 등본이 송달된 때에 확정된다.
91,10-2015-0167062,1020150167062,1020150167062,,7,PG1601,등록공고,20171108,특허권은 설정등록에 의해 발생하며 등록이 있는 때는 그 특허에 관하여 특허공보에 게재하여 등록공고를 하여야 한다. 비밀취급을 요하는 특허발명에 대하여는 비밀취급의 해제시까지 등록공고를 보류하며 그 비밀취급이 해제된 때에는 지체없이 등록공고를 하여야 하며 등록공고가 있는 날부터 3월간 출원서류 및 그 부속물건을 공중의 열람에 제공해야 한다.
91,10-2015-0167062,1020150167062,1020150167062,,8,PR0701,설정등록,20171102,"특허권은 설정등록에 의해 발생하며, 특허결정이 된 후 출원인이 특허료를 납부하거나 보전한 경우 또는 추가납부하거나 특허료가 면제된 경우에 특허청장은 특허권을 설정하기 위한 등록을 해야 한다."
91,10-2015-0167062,1020150167062,1020150167062,,9,PR1002,등록료납부,20171102,"특허권의 설정등록을 받으려는 자는 설정등록받으려는 날 부터 3년분의 특허료를 납부한다.특허권의 설정등록을 받고자 하는자 또는 특허권자는 특허료 납부기간이 경과한 후에도 6개월 이내 특허료를 추가 납부할 수 있으며 특허료 추가 납부할 때에는 납부하여야 할 특허료의 2배 이내의 범위에서 납부해야한다. 추가납부기간 이내에 특허료를 납부하지 못한 경우에는 특허권리를 소멸하게 되는데, 이때 특허권자는 추가납부기간 만료일부터 3개월 이내에 특허료의 3배를 납부하고 그 소멸한 권리의 회복을 신청 할 수 있다."
91,10-2015-0167062,1020150167062,1020150167062,,10,PR1001,연차료납부,20200925,"특허법 제87조 1항에 따른 특허권의 설정등록을 받으려는 자는 설정등록을 받으려는 날부터 3년분의 특허료를 납부해야 하는데, 그 다음 연도분부터는 특허료를 해당 권리의 설정등록일에 해당하는 날을 기준으로 일정기간 내에 매년 1년분씩 납부함으로써 특허권을 유지한다. 연차료의 납부기간의 종류는 아래와 같다.정상납부기간(정상납부만료일 이전), 추가납부기간(추가납부안내서 발송 이후 6개월), 회복납부기간(권리소멸 시점부터 3개월 이내)"
92,10-2015-0170554,1020150170554,1020150170554,,1,PA0109,특허출원,20151202,특허를 받고자 하는 자는 특허가 담은 발명에 대한 서류를 작성한 특허출원서를 특허청장에게 제출하여야한다.
92,10-2015-0170554,1020150170554,1020150170554,,2,PA0201,심사청구,20151202,"특허출원 이후 3년 이내에 특허청장에게 그 특허출원에 관하여 출원심사의 청구를 할 수 있고, 다만, 제34조 및 제35조에 따른 정당한 권리자의 특허출원, 분할출원 또는 변경출원에 관하여는 그 기간이 지난 후에도 정당한 권리자가 특허출원을 한 날, 분할출원을 한 날 또는 변경출원을 한 날부터 각각 30일 이내에 출원심사 청구를 할 수 있다. 심사청구가 있을 시에 한하여 특허출원을 심사한다."
92,10-2015-0170554,1020150170554,1020150170554,,3,PE0701,등록결정,20161230,심사관은 특허출원에 대해 거절이유를 발견할 수 없는 경우 특허결정을 해야 한다. 특허결정이 있는 경우 특허청장은 그 특허결정의 등본을 출원인에게 송달해야 한다. 특허결정은 그 결정 등본이 송달된 때에 확정된다.
92,10-2015-0170554,1020150170554,1020150170554,,4,PE0902,거절이유통지,20160718,심사관은 특허법 제62조(특허거절결정)에 따라 특허거절결정을 하고자 할 때에는 출원인에게 거절이유를 통지하고 기간을 정하여 의견서를 제출할 기회를 주어야 한다. 다만 특허법 제51조(보정각하)에 따라 보정각하결정을 할때는 그러지 아니한다. 심사관이 행하는 거절이유통지는 2종류로 구분되며 그 종류에 따라 출원인이 할 수 있는 명세서 또는 도면의 보정 범위가 다르게 제한된다. 하나는 거절이유통지에 대한 보정에 따라 발생한 거절이유만을 통지하는 거절이유통지(최후거절이유통지)와 다른 하나는 출원인이 처음으로 받거나 최후거절이유통지가 아닌 거절이유통지(최초거절이유통지)를 말한다.
92,10-2015-0170554,1020150170554,1020150170554,,5,PG1601,등록공고,20170113,특허권은 설정등록에 의해 발생하며 등록이 있는 때는 그 특허에 관하여 특허공보에 게재하여 등록공고를 하여야 한다. 비밀취급을 요하는 특허발명에 대하여는 비밀취급의 해제시까지 등록공고를 보류하며 그 비밀취급이 해제된 때에는 지체없이 등록공고를 하여야 하며 등록공고가 있는 날부터 3월간 출원서류 및 그 부속물건을 공중의 열람에 제공해야 한다.
92,10-2015-0170554,1020150170554,1020150170554,,6,PR0701,설정등록,20170109,"특허권은 설정등록에 의해 발생하며, 특허결정이 된 후 출원인이 특허료를 납부하거나 보전한 경우 또는 추가납부하거나 특허료가 면제된 경우에 특허청장은 특허권을 설정하기 위한 등록을 해야 한다."
92,10-2015-0170554,1020150170554,1020150170554,,7,PR1002,등록료납부,20170109,"특허권의 설정등록을 받으려는 자는 설정등록받으려는 날 부터 3년분의 특허료를 납부한다.특허권의 설정등록을 받고자 하는자 또는 특허권자는 특허료 납부기간이 경과한 후에도 6개월 이내 특허료를 추가 납부할 수 있으며 특허료 추가 납부할 때에는 납부하여야 할 특허료의 2배 이내의 범위에서 납부해야한다. 추가납부기간 이내에 특허료를 납부하지 못한 경우에는 특허권리를 소멸하게 되는데, 이때 특허권자는 추가납부기간 만료일부터 3개월 이내에 특허료의 3배를 납부하고 그 소멸한 권리의 회복을 신청 할 수 있다."
92,10-2015-0170554,1020150170554,1020150170554,,8,PR1001,연차료납부,20191226,"특허법 제87조 1항에 따른 특허권의 설정등록을 받으려는 자는 설정등록을 받으려는 날부터 3년분의 특허료를 납부해야 하는데, 그 다음 연도분부터는 특허료를 해당 권리의 설정등록일에 해당하는 날을 기준으로 일정기간 내에 매년 1년분씩 납부함으로써 특허권을 유지한다. 연차료의 납부기간의 종류는 아래와 같다.정상납부기간(정상납부만료일 이전), 추가납부기간(추가납부안내서 발송 이후 6개월), 회복납부기간(권리소멸 시점부터 3개월 이내)"
93,10-2015-0179958,1020150179958,1020150179958,,1,PA0109,특허출원,20151216,특허를 받고자 하는 자는 특허가 담은 발명에 대한 서류를 작성한 특허출원서를 특허청장에게 제출하여야한다.
93,10-2015-0179958,1020150179958,1020150179958,,2,PA0201,심사청구,20151216,"특허출원 이후 3년 이내에 특허청장에게 그 특허출원에 관하여 출원심사의 청구를 할 수 있고, 다만, 제34조 및 제35조에 따른 정당한 권리자의 특허출원, 분할출원 또는 변경출원에 관하여는 그 기간이 지난 후에도 정당한 권리자가 특허출원을 한 날, 분할출원을 한 날 또는 변경출원을 한 날부터 각각 30일 이내에 출원심사 청구를 할 수 있다. 심사청구가 있을 시에 한하여 특허출원을 심사한다."
93,10-2015-0179958,1020150179958,1020150179958,,3,PE0701,등록결정,20170701,심사관은 특허출원에 대해 거절이유를 발견할 수 없는 경우 특허결정을 해야 한다. 특허결정이 있는 경우 특허청장은 그 특허결정의 등본을 출원인에게 송달해야 한다. 특허결정은 그 결정 등본이 송달된 때에 확정된다.
93,10-2015-0179958,1020150179958,1020150179958,,4,PE0902,거절이유통지,20170113,심사관은 특허법 제62조(특허거절결정)에 따라 특허거절결정을 하고자 할 때에는 출원인에게 거절이유를 통지하고 기간을 정하여 의견서를 제출할 기회를 주어야 한다. 다만 특허법 제51조(보정각하)에 따라 보정각하결정을 할때는 그러지 아니한다. 심사관이 행하는 거절이유통지는 2종류로 구분되며 그 종류에 따라 출원인이 할 수 있는 명세서 또는 도면의 보정 범위가 다르게 제한된다. 하나는 거절이유통지에 대한 보정에 따라 발생한 거절이유만을 통지하는 거절이유통지(최후거절이유통지)와 다른 하나는 출원인이 처음으로 받거나 최후거절이유통지가 아닌 거절이유통지(최초거절이유통지)를 말한다.
93,10-2015-0179958,1020150179958,1020150179958,,5,PG1501,출원공개,20170626,"출원인의 신청에 의하여 조기공개신청  또는 특허출원 이후 1년 6개월 경과 후 심사여부와 관계없이 출원공개를 해야하며 이는  발명의 공개를 통해 제3자의 중복연구, 중복투자 및 중복출원을 방지하는 한편 기술이용의 기회를 제공한다."
93,10-2015-0179958,1020150179958,1020150179958,,6,PG1601,등록공고,20170712,특허권은 설정등록에 의해 발생하며 등록이 있는 때는 그 특허에 관하여 특허공보에 게재하여 등록공고를 하여야 한다. 비밀취급을 요하는 특허발명에 대하여는 비밀취급의 해제시까지 등록공고를 보류하며 그 비밀취급이 해제된 때에는 지체없이 등록공고를 하여야 하며 등록공고가 있는 날부터 3월간 출원서류 및 그 부속물건을 공중의 열람에 제공해야 한다.
93,10-2015-0179958,1020150179958,1020150179958,,7,PR0701,설정등록,20170706,"특허권은 설정등록에 의해 발생하며, 특허결정이 된 후 출원인이 특허료를 납부하거나 보전한 경우 또는 추가납부하거나 특허료가 면제된 경우에 특허청장은 특허권을 설정하기 위한 등록을 해야 한다."
93,10-2015-0179958,1020150179958,1020150179958,,8,PR1001,연차료납부,20200701,"특허법 제87조 1항에 따른 특허권의 설정등록을 받으려는 자는 설정등록을 받으려는 날부터 3년분의 특허료를 납부해야 하는데, 그 다음 연도분부터는 특허료를 해당 권리의 설정등록일에 해당하는 날을 기준으로 일정기간 내에 매년 1년분씩 납부함으로써 특허권을 유지한다. 연차료의 납부기간의 종류는 아래와 같다.정상납부기간(정상납부만료일 이전), 추가납부기간(추가납부안내서 발송 이후 6개월), 회복납부기간(권리소멸 시점부터 3개월 이내)"
93,10-2015-0179958,1020150179958,1020150179958,,9,PR1002,등록료납부,20170706,"특허권의 설정등록을 받으려는 자는 설정등록받으려는 날 부터 3년분의 특허료를 납부한다.특허권의 설정등록을 받고자 하는자 또는 특허권자는 특허료 납부기간이 경과한 후에도 6개월 이내 특허료를 추가 납부할 수 있으며 특허료 추가 납부할 때에는 납부하여야 할 특허료의 2배 이내의 범위에서 납부해야한다. 추가납부기간 이내에 특허료를 납부하지 못한 경우에는 특허권리를 소멸하게 되는데, 이때 특허권자는 추가납부기간 만료일부터 3개월 이내에 특허료의 3배를 납부하고 그 소멸한 권리의 회복을 신청 할 수 있다."
94,10-2015-0189563,1020150189563,1020150189563,,1,PA0109,특허출원,20151230,특허를 받고자 하는 자는 특허가 담은 발명에 대한 서류를 작성한 특허출원서를 특허청장에게 제출하여야한다.
94,10-2015-0189563,1020150189563,1020150189563,,2,PA0201,심사청구,20151230,"특허출원 이후 3년 이내에 특허청장에게 그 특허출원에 관하여 출원심사의 청구를 할 수 있고, 다만, 제34조 및 제35조에 따른 정당한 권리자의 특허출원, 분할출원 또는 변경출원에 관하여는 그 기간이 지난 후에도 정당한 권리자가 특허출원을 한 날, 분할출원을 한 날 또는 변경출원을 한 날부터 각각 30일 이내에 출원심사 청구를 할 수 있다. 심사청구가 있을 시에 한하여 특허출원을 심사한다."
94,10-2015-0189563,1020150189563,1020150189563,,3,PE0601,특허거절결정,20170523,심사관은 특허출원이 특허법 제62조 각호의 어느 하나에 해당 할 경우 거절이유 통지 후 거절결정을 해야한다. 다만 거절결정전에 출원인은 심사관의 거절이유통지에 대응하여 의견서를 제출할수 있고 지정한 의견서 제출기간 이내에 보정서를 제출하여 명세서 또는 도면을 보정 할수 있다. 출원인이 의견서를 제출한 경우 제출된 의견서를 반영하여 거절이유가 유지될수 있는지 여부를 다시 심사한다. 만약 의견서 제출기간 이내에 보정서도 같이 제출한 경우에는 해당 보정서에 의한 보정사항을 반영하여 심사한다. 심사관은 의견서 및 보정사항을 반영하여 다시 심사한 후에도 거절이유통지에서 지적한 거절이유가 해소되지 않았다고 인정하는 경우 거절결정을 해야 한다.
94,10-2015-0189563,1020150189563,1020150189563,,4,PE0902,거절이유통지,20161114,심사관은 특허법 제62조(특허거절결정)에 따라 특허거절결정을 하고자 할 때에는 출원인에게 거절이유를 통지하고 기간을 정하여 의견서를 제출할 기회를 주어야 한다. 다만 특허법 제51조(보정각하)에 따라 보정각하결정을 할때는 그러지 아니한다. 심사관이 행하는 거절이유통지는 2종류로 구분되며 그 종류에 따라 출원인이 할 수 있는 명세서 또는 도면의 보정 범위가 다르게 제한된다. 하나는 거절이유통지에 대한 보정에 따라 발생한 거절이유만을 통지하는 거절이유통지(최후거절이유통지)와 다른 하나는 출원인이 처음으로 받거나 최후거절이유통지가 아닌 거절이유통지(최초거절이유통지)를 말한다.
94,10-2015-0189563,1020150189563,1020150189563,,5,PG1501,출원공개,20170710,"출원인의 신청에 의하여 조기공개신청  또는 특허출원 이후 1년 6개월 경과 후 심사여부와 관계없이 출원공개를 해야하며 이는  발명의 공개를 통해 제3자의 중복연구, 중복투자 및 중복출원을 방지하는 한편 기술이용의 기회를 제공한다."
94,10-2015-0189563,1020150189563,1020150189563,,6,PG1601,등록공고,20170728,특허권은 설정등록에 의해 발생하며 등록이 있는 때는 그 특허에 관하여 특허공보에 게재하여 등록공고를 하여야 한다. 비밀취급을 요하는 특허발명에 대하여는 비밀취급의 해제시까지 등록공고를 보류하며 그 비밀취급이 해제된 때에는 지체없이 등록공고를 하여야 하며 등록공고가 있는 날부터 3월간 출원서류 및 그 부속물건을 공중의 열람에 제공해야 한다.
94,10-2015-0189563,1020150189563,1020150189563,,7,PR0701,설정등록,20170724,"특허권은 설정등록에 의해 발생하며, 특허결정이 된 후 출원인이 특허료를 납부하거나 보전한 경우 또는 추가납부하거나 특허료가 면제된 경우에 특허청장은 특허권을 설정하기 위한 등록을 해야 한다."
94,10-2015-0189563,1020150189563,1020150189563,,8,PR1001,연차료납부,20200701,"특허법 제87조 1항에 따른 특허권의 설정등록을 받으려는 자는 설정등록을 받으려는 날부터 3년분의 특허료를 납부해야 하는데, 그 다음 연도분부터는 특허료를 해당 권리의 설정등록일에 해당하는 날을 기준으로 일정기간 내에 매년 1년분씩 납부함으로써 특허권을 유지한다. 연차료의 납부기간의 종류는 아래와 같다.정상납부기간(정상납부만료일 이전), 추가납부기간(추가납부안내서 발송 이후 6개월), 회복납부기간(권리소멸 시점부터 3개월 이내)"
94,10-2015-0189563,1020150189563,1020150189563,,9,PR1002,등록료납부,20170724,"특허권의 설정등록을 받으려는 자는 설정등록받으려는 날 부터 3년분의 특허료를 납부한다.특허권의 설정등록을 받고자 하는자 또는 특허권자는 특허료 납부기간이 경과한 후에도 6개월 이내 특허료를 추가 납부할 수 있으며 특허료 추가 납부할 때에는 납부하여야 할 특허료의 2배 이내의 범위에서 납부해야한다. 추가납부기간 이내에 특허료를 납부하지 못한 경우에는 특허권리를 소멸하게 되는데, 이때 특허권자는 추가납부기간 만료일부터 3개월 이내에 특허료의 3배를 납부하고 그 소멸한 권리의 회복을 신청 할 수 있다."
94,10-2015-0189563,1020150189563,1020150189563,,10,PX0701,재심사후 등록결정,20170720,심사관이 거절결정한 출원에 대하여 출원인이 거절결정등본을 송달받은 날부터 30일(법정기간이 연장된 경우에는 그 연장된 때까지) 이내에 명세서 또는 도면을 보정하면 심사관은 보정된 출원을 다시 심사 해야 한다. 심사관은 보정서를 반영하여 재심사한 결과 거절이유를 발견할 수 없는 경우 특허결정을 해야 한다.
94,10-2015-0189563,1020150189563,1020150189563,,11,PX0901,재심사,20170623,심사관이 거절결정한 출원에 대하여 출원인이 거절결정등본을 송달받은 날부터 30일(법정기간이 연장된 경우에는 그 연장된 때까지) 이내에 명세서 또는 도면을 보정하면 심사관은 보정된 출원을 다시 심사 해야 한다. 재심사청구된 경우 종전의 거절결정은 취소된 것으로 보므로 거절결정 전으로 돌아가 보정서가 제출된 통상의 심사와 동일하게 심사를 진행한다. 보정이 적법한 경우 보정사항을 반영하여 특허결정 또는 거절결정 여부를 결정한다. 보정이 부적법해 보정각하가 되면 바로 보정전 명세서를 심사대상으로 하여 심사를 계속 진행한다
95,10-2015-0190789,1020150190789,1020150190789,,1,PA0109,특허출원,20151231,특허를 받고자 하는 자는 특허가 담은 발명에 대한 서류를 작성한 특허출원서를 특허청장에게 제출하여야한다.
95,10-2015-0190789,1020150190789,1020150190789,,2,PA0201,심사청구,20151231,"특허출원 이후 3년 이내에 특허청장에게 그 특허출원에 관하여 출원심사의 청구를 할 수 있고, 다만, 제34조 및 제35조에 따른 정당한 권리자의 특허출원, 분할출원 또는 변경출원에 관하여는 그 기간이 지난 후에도 정당한 권리자가 특허출원을 한 날, 분할출원을 한 날 또는 변경출원을 한 날부터 각각 30일 이내에 출원심사 청구를 할 수 있다. 심사청구가 있을 시에 한하여 특허출원을 심사한다."
95,10-2015-0190789,1020150190789,1020150190789,,3,PE0601,특허거절결정,20170531,심사관은 특허출원이 특허법 제62조 각호의 어느 하나에 해당 할 경우 거절이유 통지 후 거절결정을 해야한다. 다만 거절결정전에 출원인은 심사관의 거절이유통지에 대응하여 의견서를 제출할수 있고 지정한 의견서 제출기간 이내에 보정서를 제출하여 명세서 또는 도면을 보정 할수 있다. 출원인이 의견서를 제출한 경우 제출된 의견서를 반영하여 거절이유가 유지될수 있는지 여부를 다시 심사한다. 만약 의견서 제출기간 이내에 보정서도 같이 제출한 경우에는 해당 보정서에 의한 보정사항을 반영하여 심사한다. 심사관은 의견서 및 보정사항을 반영하여 다시 심사한 후에도 거절이유통지에서 지적한 거절이유가 해소되지 않았다고 인정하는 경우 거절결정을 해야 한다.
95,10-2015-0190789,1020150190789,1020150190789,,4,PE0902,거절이유통지,20161116,심사관은 특허법 제62조(특허거절결정)에 따라 특허거절결정을 하고자 할 때에는 출원인에게 거절이유를 통지하고 기간을 정하여 의견서를 제출할 기회를 주어야 한다. 다만 특허법 제51조(보정각하)에 따라 보정각하결정을 할때는 그러지 아니한다. 심사관이 행하는 거절이유통지는 2종류로 구분되며 그 종류에 따라 출원인이 할 수 있는 명세서 또는 도면의 보정 범위가 다르게 제한된다. 하나는 거절이유통지에 대한 보정에 따라 발생한 거절이유만을 통지하는 거절이유통지(최후거절이유통지)와 다른 하나는 출원인이 처음으로 받거나 최후거절이유통지가 아닌 거절이유통지(최초거절이유통지)를 말한다.
95,10-2015-0190789,1020150190789,1020150190789,,5,PG1501,출원공개,20170710,"출원인의 신청에 의하여 조기공개신청  또는 특허출원 이후 1년 6개월 경과 후 심사여부와 관계없이 출원공개를 해야하며 이는  발명의 공개를 통해 제3자의 중복연구, 중복투자 및 중복출원을 방지하는 한편 기술이용의 기회를 제공한다."
95,10-2015-0190789,1020150190789,1020150190789,,6,PG1601,등록공고,20170809,특허권은 설정등록에 의해 발생하며 등록이 있는 때는 그 특허에 관하여 특허공보에 게재하여 등록공고를 하여야 한다. 비밀취급을 요하는 특허발명에 대하여는 비밀취급의 해제시까지 등록공고를 보류하며 그 비밀취급이 해제된 때에는 지체없이 등록공고를 하여야 하며 등록공고가 있는 날부터 3월간 출원서류 및 그 부속물건을 공중의 열람에 제공해야 한다.
95,10-2015-0190789,1020150190789,1020150190789,,7,PR0701,설정등록,20170803,"특허권은 설정등록에 의해 발생하며, 특허결정이 된 후 출원인이 특허료를 납부하거나 보전한 경우 또는 추가납부하거나 특허료가 면제된 경우에 특허청장은 특허권을 설정하기 위한 등록을 해야 한다."
95,10-2015-0190789,1020150190789,1020150190789,,8,PR1001,연차료납부,20200701,"특허법 제87조 1항에 따른 특허권의 설정등록을 받으려는 자는 설정등록을 받으려는 날부터 3년분의 특허료를 납부해야 하는데, 그 다음 연도분부터는 특허료를 해당 권리의 설정등록일에 해당하는 날을 기준으로 일정기간 내에 매년 1년분씩 납부함으로써 특허권을 유지한다. 연차료의 납부기간의 종류는 아래와 같다.정상납부기간(정상납부만료일 이전), 추가납부기간(추가납부안내서 발송 이후 6개월), 회복납부기간(권리소멸 시점부터 3개월 이내)"
95,10-2015-0190789,1020150190789,1020150190789,,9,PR1002,등록료납부,20170803,"특허권의 설정등록을 받으려는 자는 설정등록받으려는 날 부터 3년분의 특허료를 납부한다.특허권의 설정등록을 받고자 하는자 또는 특허권자는 특허료 납부기간이 경과한 후에도 6개월 이내 특허료를 추가 납부할 수 있으며 특허료 추가 납부할 때에는 납부하여야 할 특허료의 2배 이내의 범위에서 납부해야한다. 추가납부기간 이내에 특허료를 납부하지 못한 경우에는 특허권리를 소멸하게 되는데, 이때 특허권자는 추가납부기간 만료일부터 3개월 이내에 특허료의 3배를 납부하고 그 소멸한 권리의 회복을 신청 할 수 있다."
95,10-2015-0190789,1020150190789,1020150190789,,10,PX0701,재심사후 등록결정,20170801,심사관이 거절결정한 출원에 대하여 출원인이 거절결정등본을 송달받은 날부터 30일(법정기간이 연장된 경우에는 그 연장된 때까지) 이내에 명세서 또는 도면을 보정하면 심사관은 보정된 출원을 다시 심사 해야 한다. 심사관은 보정서를 반영하여 재심사한 결과 거절이유를 발견할 수 없는 경우 특허결정을 해야 한다.
95,10-2015-0190789,1020150190789,1020150190789,,11,PX0901,재심사,20170627,심사관이 거절결정한 출원에 대하여 출원인이 거절결정등본을 송달받은 날부터 30일(법정기간이 연장된 경우에는 그 연장된 때까지) 이내에 명세서 또는 도면을 보정하면 심사관은 보정된 출원을 다시 심사 해야 한다. 재심사청구된 경우 종전의 거절결정은 취소된 것으로 보므로 거절결정 전으로 돌아가 보정서가 제출된 통상의 심사와 동일하게 심사를 진행한다. 보정이 적법한 경우 보정사항을 반영하여 특허결정 또는 거절결정 여부를 결정한다. 보정이 부적법해 보정각하가 되면 바로 보정전 명세서를 심사대상으로 하여 심사를 계속 진행한다
96,10-2016-0027584,1020160027584,1020160027584,,1,PA0109,특허출원,20160308,특허를 받고자 하는 자는 특허가 담은 발명에 대한 서류를 작성한 특허출원서를 특허청장에게 제출하여야한다.
96,10-2016-0027584,1020160027584,1020160027584,,2,PA0201,심사청구,20160308,"특허출원 이후 3년 이내에 특허청장에게 그 특허출원에 관하여 출원심사의 청구를 할 수 있고, 다만, 제34조 및 제35조에 따른 정당한 권리자의 특허출원, 분할출원 또는 변경출원에 관하여는 그 기간이 지난 후에도 정당한 권리자가 특허출원을 한 날, 분할출원을 한 날 또는 변경출원을 한 날부터 각각 30일 이내에 출원심사 청구를 할 수 있다. 심사청구가 있을 시에 한하여 특허출원을 심사한다."
96,10-2016-0027584,1020160027584,1020160027584,,3,PE0701,등록결정,20170616,심사관은 특허출원에 대해 거절이유를 발견할 수 없는 경우 특허결정을 해야 한다. 특허결정이 있는 경우 특허청장은 그 특허결정의 등본을 출원인에게 송달해야 한다. 특허결정은 그 결정 등본이 송달된 때에 확정된다.
96,10-2016-0027584,1020160027584,1020160027584,,4,PE0902,거절이유통지,20170114,심사관은 특허법 제62조(특허거절결정)에 따라 특허거절결정을 하고자 할 때에는 출원인에게 거절이유를 통지하고 기간을 정하여 의견서를 제출할 기회를 주어야 한다. 다만 특허법 제51조(보정각하)에 따라 보정각하결정을 할때는 그러지 아니한다. 심사관이 행하는 거절이유통지는 2종류로 구분되며 그 종류에 따라 출원인이 할 수 있는 명세서 또는 도면의 보정 범위가 다르게 제한된다. 하나는 거절이유통지에 대한 보정에 따라 발생한 거절이유만을 통지하는 거절이유통지(최후거절이유통지)와 다른 하나는 출원인이 처음으로 받거나 최후거절이유통지가 아닌 거절이유통지(최초거절이유통지)를 말한다.
96,10-2016-0027584,1020160027584,1020160027584,,5,PG1601,등록공고,20170627,특허권은 설정등록에 의해 발생하며 등록이 있는 때는 그 특허에 관하여 특허공보에 게재하여 등록공고를 하여야 한다. 비밀취급을 요하는 특허발명에 대하여는 비밀취급의 해제시까지 등록공고를 보류하며 그 비밀취급이 해제된 때에는 지체없이 등록공고를 하여야 하며 등록공고가 있는 날부터 3월간 출원서류 및 그 부속물건을 공중의 열람에 제공해야 한다.
96,10-2016-0027584,1020160027584,1020160027584,,6,PR0701,설정등록,20170620,"특허권은 설정등록에 의해 발생하며, 특허결정이 된 후 출원인이 특허료를 납부하거나 보전한 경우 또는 추가납부하거나 특허료가 면제된 경우에 특허청장은 특허권을 설정하기 위한 등록을 해야 한다."
96,10-2016-0027584,1020160027584,1020160027584,,7,PR1002,등록료납부,20170620,"특허권의 설정등록을 받으려는 자는 설정등록받으려는 날 부터 3년분의 특허료를 납부한다.특허권의 설정등록을 받고자 하는자 또는 특허권자는 특허료 납부기간이 경과한 후에도 6개월 이내 특허료를 추가 납부할 수 있으며 특허료 추가 납부할 때에는 납부하여야 할 특허료의 2배 이내의 범위에서 납부해야한다. 추가납부기간 이내에 특허료를 납부하지 못한 경우에는 특허권리를 소멸하게 되는데, 이때 특허권자는 추가납부기간 만료일부터 3개월 이내에 특허료의 3배를 납부하고 그 소멸한 권리의 회복을 신청 할 수 있다."
96,10-2016-0027584,1020160027584,1020160027584,,8,PR1001,연차료납부,20200330,"특허법 제87조 1항에 따른 특허권의 설정등록을 받으려는 자는 설정등록을 받으려는 날부터 3년분의 특허료를 납부해야 하는데, 그 다음 연도분부터는 특허료를 해당 권리의 설정등록일에 해당하는 날을 기준으로 일정기간 내에 매년 1년분씩 납부함으로써 특허권을 유지한다. 연차료의 납부기간의 종류는 아래와 같다.정상납부기간(정상납부만료일 이전), 추가납부기간(추가납부안내서 발송 이후 6개월), 회복납부기간(권리소멸 시점부터 3개월 이내)"
96,10-2016-0027584,1020160027584,1020160027584,,9,PR1001,연차료납부,20230323,"특허법 제87조 1항에 따른 특허권의 설정등록을 받으려는 자는 설정등록을 받으려는 날부터 3년분의 특허료를 납부해야 하는데, 그 다음 연도분부터는 특허료를 해당 권리의 설정등록일에 해당하는 날을 기준으로 일정기간 내에 매년 1년분씩 납부함으로써 특허권을 유지한다. 연차료의 납부기간의 종류는 아래와 같다.정상납부기간(정상납부만료일 이전), 추가납부기간(추가납부안내서 발송 이후 6개월), 회복납부기간(권리소멸 시점부터 3개월 이내)"
97,10-2016-0061883,1020160061883,1020160061883,,1,PA0109,특허출원,20160520,특허를 받고자 하는 자는 특허가 담은 발명에 대한 서류를 작성한 특허출원서를 특허청장에게 제출하여야한다.
97,10-2016-0061883,1020160061883,1020160061883,,2,PA0201,심사청구,20160520,"특허출원 이후 3년 이내에 특허청장에게 그 특허출원에 관하여 출원심사의 청구를 할 수 있고, 다만, 제34조 및 제35조에 따른 정당한 권리자의 특허출원, 분할출원 또는 변경출원에 관하여는 그 기간이 지난 후에도 정당한 권리자가 특허출원을 한 날, 분할출원을 한 날 또는 변경출원을 한 날부터 각각 30일 이내에 출원심사 청구를 할 수 있다. 심사청구가 있을 시에 한하여 특허출원을 심사한다."
97,10-2016-0061883,1020160061883,1020160061883,,3,PE0601,특허거절결정,20180328,심사관은 특허출원이 특허법 제62조 각호의 어느 하나에 해당 할 경우 거절이유 통지 후 거절결정을 해야한다. 다만 거절결정전에 출원인은 심사관의 거절이유통지에 대응하여 의견서를 제출할수 있고 지정한 의견서 제출기간 이내에 보정서를 제출하여 명세서 또는 도면을 보정 할수 있다. 출원인이 의견서를 제출한 경우 제출된 의견서를 반영하여 거절이유가 유지될수 있는지 여부를 다시 심사한다. 만약 의견서 제출기간 이내에 보정서도 같이 제출한 경우에는 해당 보정서에 의한 보정사항을 반영하여 심사한다. 심사관은 의견서 및 보정사항을 반영하여 다시 심사한 후에도 거절이유통지에서 지적한 거절이유가 해소되지 않았다고 인정하는 경우 거절결정을 해야 한다.
97,10-2016-0061883,1020160061883,1020160061883,,4,PE0902,거절이유통지,20170912,심사관은 특허법 제62조(특허거절결정)에 따라 특허거절결정을 하고자 할 때에는 출원인에게 거절이유를 통지하고 기간을 정하여 의견서를 제출할 기회를 주어야 한다. 다만 특허법 제51조(보정각하)에 따라 보정각하결정을 할때는 그러지 아니한다. 심사관이 행하는 거절이유통지는 2종류로 구분되며 그 종류에 따라 출원인이 할 수 있는 명세서 또는 도면의 보정 범위가 다르게 제한된다. 하나는 거절이유통지에 대한 보정에 따라 발생한 거절이유만을 통지하는 거절이유통지(최후거절이유통지)와 다른 하나는 출원인이 처음으로 받거나 최후거절이유통지가 아닌 거절이유통지(최초거절이유통지)를 말한다.
97,10-2016-0061883,1020160061883,1020160061883,,5,PG1501,출원공개,20171129,"출원인의 신청에 의하여 조기공개신청  또는 특허출원 이후 1년 6개월 경과 후 심사여부와 관계없이 출원공개를 해야하며 이는  발명의 공개를 통해 제3자의 중복연구, 중복투자 및 중복출원을 방지하는 한편 기술이용의 기회를 제공한다."
97,10-2016-0061883,1020160061883,1020160061883,,6,PG1601,등록공고,20180705,특허권은 설정등록에 의해 발생하며 등록이 있는 때는 그 특허에 관하여 특허공보에 게재하여 등록공고를 하여야 한다. 비밀취급을 요하는 특허발명에 대하여는 비밀취급의 해제시까지 등록공고를 보류하며 그 비밀취급이 해제된 때에는 지체없이 등록공고를 하여야 하며 등록공고가 있는 날부터 3월간 출원서류 및 그 부속물건을 공중의 열람에 제공해야 한다.
97,10-2016-0061883,1020160061883,1020160061883,,7,PR0701,설정등록,20180524,"특허권은 설정등록에 의해 발생하며, 특허결정이 된 후 출원인이 특허료를 납부하거나 보전한 경우 또는 추가납부하거나 특허료가 면제된 경우에 특허청장은 특허권을 설정하기 위한 등록을 해야 한다."
97,10-2016-0061883,1020160061883,1020160061883,,8,PR1001,연차료납부,20210325,"특허법 제87조 1항에 따른 특허권의 설정등록을 받으려는 자는 설정등록을 받으려는 날부터 3년분의 특허료를 납부해야 하는데, 그 다음 연도분부터는 특허료를 해당 권리의 설정등록일에 해당하는 날을 기준으로 일정기간 내에 매년 1년분씩 납부함으로써 특허권을 유지한다. 연차료의 납부기간의 종류는 아래와 같다.정상납부기간(정상납부만료일 이전), 추가납부기간(추가납부안내서 발송 이후 6개월), 회복납부기간(권리소멸 시점부터 3개월 이내)"
97,10-2016-0061883,1020160061883,1020160061883,,9,PR1002,등록료납부,20180524,"특허권의 설정등록을 받으려는 자는 설정등록받으려는 날 부터 3년분의 특허료를 납부한다.특허권의 설정등록을 받고자 하는자 또는 특허권자는 특허료 납부기간이 경과한 후에도 6개월 이내 특허료를 추가 납부할 수 있으며 특허료 추가 납부할 때에는 납부하여야 할 특허료의 2배 이내의 범위에서 납부해야한다. 추가납부기간 이내에 특허료를 납부하지 못한 경우에는 특허권리를 소멸하게 되는데, 이때 특허권자는 추가납부기간 만료일부터 3개월 이내에 특허료의 3배를 납부하고 그 소멸한 권리의 회복을 신청 할 수 있다."
97,10-2016-0061883,1020160061883,1020160061883,,10,PX0701,재심사후 등록결정,20180521,심사관이 거절결정한 출원에 대하여 출원인이 거절결정등본을 송달받은 날부터 30일(법정기간이 연장된 경우에는 그 연장된 때까지) 이내에 명세서 또는 도면을 보정하면 심사관은 보정된 출원을 다시 심사 해야 한다. 심사관은 보정서를 반영하여 재심사한 결과 거절이유를 발견할 수 없는 경우 특허결정을 해야 한다.
97,10-2016-0061883,1020160061883,1020160061883,,11,PX0901,재심사,20180425,심사관이 거절결정한 출원에 대하여 출원인이 거절결정등본을 송달받은 날부터 30일(법정기간이 연장된 경우에는 그 연장된 때까지) 이내에 명세서 또는 도면을 보정하면 심사관은 보정된 출원을 다시 심사 해야 한다. 재심사청구된 경우 종전의 거절결정은 취소된 것으로 보므로 거절결정 전으로 돌아가 보정서가 제출된 통상의 심사와 동일하게 심사를 진행한다. 보정이 적법한 경우 보정사항을 반영하여 특허결정 또는 거절결정 여부를 결정한다. 보정이 부적법해 보정각하가 되면 바로 보정전 명세서를 심사대상으로 하여 심사를 계속 진행한다
97,10-2016-0061883,1020160061883,1020160061883,,12,PR1001,연차료납부,20240321,"특허법 제87조 1항에 따른 특허권의 설정등록을 받으려는 자는 설정등록을 받으려는 날부터 3년분의 특허료를 납부해야 하는데, 그 다음 연도분부터는 특허료를 해당 권리의 설정등록일에 해당하는 날을 기준으로 일정기간 내에 매년 1년분씩 납부함으로써 특허권을 유지한다. 연차료의 납부기간의 종류는 아래와 같다.정상납부기간(정상납부만료일 이전), 추가납부기간(추가납부안내서 발송 이후 6개월), 회복납부기간(권리소멸 시점부터 3개월 이내)"
98,10-2016-0074452,1020160074452,1020160074452,,1,PA0109,특허출원,20160615,특허를 받고자 하는 자는 특허가 담은 발명에 대한 서류를 작성한 특허출원서를 특허청장에게 제출하여야한다.
98,10-2016-0074452,1020160074452,1020160074452,,2,PA0201,심사청구,20160615,"특허출원 이후 3년 이내에 특허청장에게 그 특허출원에 관하여 출원심사의 청구를 할 수 있고, 다만, 제34조 및 제35조에 따른 정당한 권리자의 특허출원, 분할출원 또는 변경출원에 관하여는 그 기간이 지난 후에도 정당한 권리자가 특허출원을 한 날, 분할출원을 한 날 또는 변경출원을 한 날부터 각각 30일 이내에 출원심사 청구를 할 수 있다. 심사청구가 있을 시에 한하여 특허출원을 심사한다."
98,10-2016-0074452,1020160074452,1020160074452,,3,PE0701,등록결정,20170919,심사관은 특허출원에 대해 거절이유를 발견할 수 없는 경우 특허결정을 해야 한다. 특허결정이 있는 경우 특허청장은 그 특허결정의 등본을 출원인에게 송달해야 한다. 특허결정은 그 결정 등본이 송달된 때에 확정된다.
98,10-2016-0074452,1020160074452,1020160074452,,4,PE0902,거절이유통지,20170227,심사관은 특허법 제62조(특허거절결정)에 따라 특허거절결정을 하고자 할 때에는 출원인에게 거절이유를 통지하고 기간을 정하여 의견서를 제출할 기회를 주어야 한다. 다만 특허법 제51조(보정각하)에 따라 보정각하결정을 할때는 그러지 아니한다. 심사관이 행하는 거절이유통지는 2종류로 구분되며 그 종류에 따라 출원인이 할 수 있는 명세서 또는 도면의 보정 범위가 다르게 제한된다. 하나는 거절이유통지에 대한 보정에 따라 발생한 거절이유만을 통지하는 거절이유통지(최후거절이유통지)와 다른 하나는 출원인이 처음으로 받거나 최후거절이유통지가 아닌 거절이유통지(최초거절이유통지)를 말한다.
98,10-2016-0074452,1020160074452,1020160074452,,5,PG1601,등록공고,20171010,특허권은 설정등록에 의해 발생하며 등록이 있는 때는 그 특허에 관하여 특허공보에 게재하여 등록공고를 하여야 한다. 비밀취급을 요하는 특허발명에 대하여는 비밀취급의 해제시까지 등록공고를 보류하며 그 비밀취급이 해제된 때에는 지체없이 등록공고를 하여야 하며 등록공고가 있는 날부터 3월간 출원서류 및 그 부속물건을 공중의 열람에 제공해야 한다.
98,10-2016-0074452,1020160074452,1020160074452,,6,PR0701,설정등록,20170926,"특허권은 설정등록에 의해 발생하며, 특허결정이 된 후 출원인이 특허료를 납부하거나 보전한 경우 또는 추가납부하거나 특허료가 면제된 경우에 특허청장은 특허권을 설정하기 위한 등록을 해야 한다."
98,10-2016-0074452,1020160074452,1020160074452,,7,PR1001,연차료납부,20200701,"특허법 제87조 1항에 따른 특허권의 설정등록을 받으려는 자는 설정등록을 받으려는 날부터 3년분의 특허료를 납부해야 하는데, 그 다음 연도분부터는 특허료를 해당 권리의 설정등록일에 해당하는 날을 기준으로 일정기간 내에 매년 1년분씩 납부함으로써 특허권을 유지한다. 연차료의 납부기간의 종류는 아래와 같다.정상납부기간(정상납부만료일 이전), 추가납부기간(추가납부안내서 발송 이후 6개월), 회복납부기간(권리소멸 시점부터 3개월 이내)"
98,10-2016-0074452,1020160074452,1020160074452,,8,PR1002,등록료납부,20170926,"특허권의 설정등록을 받으려는 자는 설정등록받으려는 날 부터 3년분의 특허료를 납부한다.특허권의 설정등록을 받고자 하는자 또는 특허권자는 특허료 납부기간이 경과한 후에도 6개월 이내 특허료를 추가 납부할 수 있으며 특허료 추가 납부할 때에는 납부하여야 할 특허료의 2배 이내의 범위에서 납부해야한다. 추가납부기간 이내에 특허료를 납부하지 못한 경우에는 특허권리를 소멸하게 되는데, 이때 특허권자는 추가납부기간 만료일부터 3개월 이내에 특허료의 3배를 납부하고 그 소멸한 권리의 회복을 신청 할 수 있다."
99,10-2016-0078522,1020160078522,1020160078522,,1,PA0107,특허분할출원,20160623,하나의 특허출원에 2이상의 발명이 포함되는 경우 해당 출원발명을 분할하여 새로운 특허로 출원할 수 있다.
99,10-2016-0078522,1020160078522,1020160078522,,2,PA0201,심사청구,20160720,"특허출원 이후 3년 이내에 특허청장에게 그 특허출원에 관하여 출원심사의 청구를 할 수 있고, 다만, 제34조 및 제35조에 따른 정당한 권리자의 특허출원, 분할출원 또는 변경출원에 관하여는 그 기간이 지난 후에도 정당한 권리자가 특허출원을 한 날, 분할출원을 한 날 또는 변경출원을 한 날부터 각각 30일 이내에 출원심사 청구를 할 수 있다. 심사청구가 있을 시에 한하여 특허출원을 심사한다."
99,10-2016-0078522,1020160078522,1020160078522,,3,PE0902,거절이유통지,20160728,심사관은 특허법 제62조(특허거절결정)에 따라 특허거절결정을 하고자 할 때에는 출원인에게 거절이유를 통지하고 기간을 정하여 의견서를 제출할 기회를 주어야 한다. 다만 특허법 제51조(보정각하)에 따라 보정각하결정을 할때는 그러지 아니한다. 심사관이 행하는 거절이유통지는 2종류로 구분되며 그 종류에 따라 출원인이 할 수 있는 명세서 또는 도면의 보정 범위가 다르게 제한된다. 하나는 거절이유통지에 대한 보정에 따라 발생한 거절이유만을 통지하는 거절이유통지(최후거절이유통지)와 다른 하나는 출원인이 처음으로 받거나 최후거절이유통지가 아닌 거절이유통지(최초거절이유통지)를 말한다.
99,10-2016-0078522,1020160078522,1020160078522,,4,PG1501,출원공개,20160919,"출원인의 신청에 의하여 조기공개신청  또는 특허출원 이후 1년 6개월 경과 후 심사여부와 관계없이 출원공개를 해야하며 이는  발명의 공개를 통해 제3자의 중복연구, 중복투자 및 중복출원을 방지하는 한편 기술이용의 기회를 제공한다."
99,10-2016-0078522,1020160078522,1020160078522,,5,PE0701,등록결정,20170123,심사관은 특허출원에 대해 거절이유를 발견할 수 없는 경우 특허결정을 해야 한다. 특허결정이 있는 경우 특허청장은 그 특허결정의 등본을 출원인에게 송달해야 한다. 특허결정은 그 결정 등본이 송달된 때에 확정된다.
99,10-2016-0078522,1020160078522,1020160078522,,6,PR0701,설정등록,20170124,"특허권은 설정등록에 의해 발생하며, 특허결정이 된 후 출원인이 특허료를 납부하거나 보전한 경우 또는 추가납부하거나 특허료가 면제된 경우에 특허청장은 특허권을 설정하기 위한 등록을 해야 한다."
99,10-2016-0078522,1020160078522,1020160078522,,7,PR1002,등록료납부,20170124,"특허권의 설정등록을 받으려는 자는 설정등록받으려는 날 부터 3년분의 특허료를 납부한다.특허권의 설정등록을 받고자 하는자 또는 특허권자는 특허료 납부기간이 경과한 후에도 6개월 이내 특허료를 추가 납부할 수 있으며 특허료 추가 납부할 때에는 납부하여야 할 특허료의 2배 이내의 범위에서 납부해야한다. 추가납부기간 이내에 특허료를 납부하지 못한 경우에는 특허권리를 소멸하게 되는데, 이때 특허권자는 추가납부기간 만료일부터 3개월 이내에 특허료의 3배를 납부하고 그 소멸한 권리의 회복을 신청 할 수 있다."
99,10-2016-0078522,1020160078522,1020160078522,,8,PG1601,등록공고,20170201,특허권은 설정등록에 의해 발생하며 등록이 있는 때는 그 특허에 관하여 특허공보에 게재하여 등록공고를 하여야 한다. 비밀취급을 요하는 특허발명에 대하여는 비밀취급의 해제시까지 등록공고를 보류하며 그 비밀취급이 해제된 때에는 지체없이 등록공고를 하여야 하며 등록공고가 있는 날부터 3월간 출원서류 및 그 부속물건을 공중의 열람에 제공해야 한다.
99,10-2016-0078522,1020160078522,1020160078522,,9,PR1001,연차료납부,20191226,"특허법 제87조 1항에 따른 특허권의 설정등록을 받으려는 자는 설정등록을 받으려는 날부터 3년분의 특허료를 납부해야 하는데, 그 다음 연도분부터는 특허료를 해당 권리의 설정등록일에 해당하는 날을 기준으로 일정기간 내에 매년 1년분씩 납부함으로써 특허권을 유지한다. 연차료의 납부기간의 종류는 아래와 같다.정상납부기간(정상납부만료일 이전), 추가납부기간(추가납부안내서 발송 이후 6개월), 회복납부기간(권리소멸 시점부터 3개월 이내)"
100,10-2016-0084648,1020160084648,1020160084648,,1,PA0109,특허출원,20160705,특허를 받고자 하는 자는 특허가 담은 발명에 대한 서류를 작성한 특허출원서를 특허청장에게 제출하여야한다.
100,10-2016-0084648,1020160084648,1020160084648,,2,PA0201,심사청구,20160705,"특허출원 이후 3년 이내에 특허청장에게 그 특허출원에 관하여 출원심사의 청구를 할 수 있고, 다만, 제34조 및 제35조에 따른 정당한 권리자의 특허출원, 분할출원 또는 변경출원에 관하여는 그 기간이 지난 후에도 정당한 권리자가 특허출원을 한 날, 분할출원을 한 날 또는 변경출원을 한 날부터 각각 30일 이내에 출원심사 청구를 할 수 있다. 심사청구가 있을 시에 한하여 특허출원을 심사한다."
100,10-2016-0084648,1020160084648,1020160084648,,3,PE0701,등록결정,20180531,심사관은 특허출원에 대해 거절이유를 발견할 수 없는 경우 특허결정을 해야 한다. 특허결정이 있는 경우 특허청장은 그 특허결정의 등본을 출원인에게 송달해야 한다. 특허결정은 그 결정 등본이 송달된 때에 확정된다.
100,10-2016-0084648,1020160084648,1020160084648,,4,PE0902,거절이유통지,20170420,심사관은 특허법 제62조(특허거절결정)에 따라 특허거절결정을 하고자 할 때에는 출원인에게 거절이유를 통지하고 기간을 정하여 의견서를 제출할 기회를 주어야 한다. 다만 특허법 제51조(보정각하)에 따라 보정각하결정을 할때는 그러지 아니한다. 심사관이 행하는 거절이유통지는 2종류로 구분되며 그 종류에 따라 출원인이 할 수 있는 명세서 또는 도면의 보정 범위가 다르게 제한된다. 하나는 거절이유통지에 대한 보정에 따라 발생한 거절이유만을 통지하는 거절이유통지(최후거절이유통지)와 다른 하나는 출원인이 처음으로 받거나 최후거절이유통지가 아닌 거절이유통지(최초거절이유통지)를 말한다.
100,10-2016-0084648,1020160084648,1020160084648,,5,PE0902,거절이유통지,20171031,심사관은 특허법 제62조(특허거절결정)에 따라 특허거절결정을 하고자 할 때에는 출원인에게 거절이유를 통지하고 기간을 정하여 의견서를 제출할 기회를 주어야 한다. 다만 특허법 제51조(보정각하)에 따라 보정각하결정을 할때는 그러지 아니한다. 심사관이 행하는 거절이유통지는 2종류로 구분되며 그 종류에 따라 출원인이 할 수 있는 명세서 또는 도면의 보정 범위가 다르게 제한된다. 하나는 거절이유통지에 대한 보정에 따라 발생한 거절이유만을 통지하는 거절이유통지(최후거절이유통지)와 다른 하나는 출원인이 처음으로 받거나 최후거절이유통지가 아닌 거절이유통지(최초거절이유통지)를 말한다.
100,10-2016-0084648,1020160084648,1020160084648,,6,PG1501,출원공개,20180115,"출원인의 신청에 의하여 조기공개신청  또는 특허출원 이후 1년 6개월 경과 후 심사여부와 관계없이 출원공개를 해야하며 이는  발명의 공개를 통해 제3자의 중복연구, 중복투자 및 중복출원을 방지하는 한편 기술이용의 기회를 제공한다."
100,10-2016-0084648,1020160084648,1020160084648,,7,PG1601,등록공고,20180608,특허권은 설정등록에 의해 발생하며 등록이 있는 때는 그 특허에 관하여 특허공보에 게재하여 등록공고를 하여야 한다. 비밀취급을 요하는 특허발명에 대하여는 비밀취급의 해제시까지 등록공고를 보류하며 그 비밀취급이 해제된 때에는 지체없이 등록공고를 하여야 하며 등록공고가 있는 날부터 3월간 출원서류 및 그 부속물건을 공중의 열람에 제공해야 한다.
100,10-2016-0084648,1020160084648,1020160084648,,8,PR0701,설정등록,20180601,"특허권은 설정등록에 의해 발생하며, 특허결정이 된 후 출원인이 특허료를 납부하거나 보전한 경우 또는 추가납부하거나 특허료가 면제된 경우에 특허청장은 특허권을 설정하기 위한 등록을 해야 한다."
100,10-2016-0084648,1020160084648,1020160084648,,9,PR1001,연차료납부,20210325,"특허법 제87조 1항에 따른 특허권의 설정등록을 받으려는 자는 설정등록을 받으려는 날부터 3년분의 특허료를 납부해야 하는데, 그 다음 연도분부터는 특허료를 해당 권리의 설정등록일에 해당하는 날을 기준으로 일정기간 내에 매년 1년분씩 납부함으로써 특허권을 유지한다. 연차료의 납부기간의 종류는 아래와 같다.정상납부기간(정상납부만료일 이전), 추가납부기간(추가납부안내서 발송 이후 6개월), 회복납부기간(권리소멸 시점부터 3개월 이내)"
100,10-2016-0084648,1020160084648,1020160084648,,10,PR1002,등록료납부,20180601,"특허권의 설정등록을 받으려는 자는 설정등록받으려는 날 부터 3년분의 특허료를 납부한다.특허권의 설정등록을 받고자 하는자 또는 특허권자는 특허료 납부기간이 경과한 후에도 6개월 이내 특허료를 추가 납부할 수 있으며 특허료 추가 납부할 때에는 납부하여야 할 특허료의 2배 이내의 범위에서 납부해야한다. 추가납부기간 이내에 특허료를 납부하지 못한 경우에는 특허권리를 소멸하게 되는데, 이때 특허권자는 추가납부기간 만료일부터 3개월 이내에 특허료의 3배를 납부하고 그 소멸한 권리의 회복을 신청 할 수 있다."
100,10-2016-0084648,1020160084648,1020160084648,,11,PR1001,연차료납부,20240321,"특허법 제87조 1항에 따른 특허권의 설정등록을 받으려는 자는 설정등록을 받으려는 날부터 3년분의 특허료를 납부해야 하는데, 그 다음 연도분부터는 특허료를 해당 권리의 설정등록일에 해당하는 날을 기준으로 일정기간 내에 매년 1년분씩 납부함으로써 특허권을 유지한다. 연차료의 납부기간의 종류는 아래와 같다.정상납부기간(정상납부만료일 이전), 추가납부기간(추가납부안내서 발송 이후 6개월), 회복납부기간(권리소멸 시점부터 3개월 이내)"
101,10-2016-0102112,1020160102112,1020160102112,,1,PA0109,특허출원,20160811,특허를 받고자 하는 자는 특허가 담은 발명에 대한 서류를 작성한 특허출원서를 특허청장에게 제출하여야한다.
101,10-2016-0102112,1020160102112,1020160102112,,2,PA0201,심사청구,20160811,"특허출원 이후 3년 이내에 특허청장에게 그 특허출원에 관하여 출원심사의 청구를 할 수 있고, 다만, 제34조 및 제35조에 따른 정당한 권리자의 특허출원, 분할출원 또는 변경출원에 관하여는 그 기간이 지난 후에도 정당한 권리자가 특허출원을 한 날, 분할출원을 한 날 또는 변경출원을 한 날부터 각각 30일 이내에 출원심사 청구를 할 수 있다. 심사청구가 있을 시에 한하여 특허출원을 심사한다."
101,10-2016-0102112,1020160102112,1020160102112,,3,PE0601,특허거절결정,20171129,심사관은 특허출원이 특허법 제62조 각호의 어느 하나에 해당 할 경우 거절이유 통지 후 거절결정을 해야한다. 다만 거절결정전에 출원인은 심사관의 거절이유통지에 대응하여 의견서를 제출할수 있고 지정한 의견서 제출기간 이내에 보정서를 제출하여 명세서 또는 도면을 보정 할수 있다. 출원인이 의견서를 제출한 경우 제출된 의견서를 반영하여 거절이유가 유지될수 있는지 여부를 다시 심사한다. 만약 의견서 제출기간 이내에 보정서도 같이 제출한 경우에는 해당 보정서에 의한 보정사항을 반영하여 심사한다. 심사관은 의견서 및 보정사항을 반영하여 다시 심사한 후에도 거절이유통지에서 지적한 거절이유가 해소되지 않았다고 인정하는 경우 거절결정을 해야 한다.
101,10-2016-0102112,1020160102112,1020160102112,,4,PE0902,거절이유통지,20170502,심사관은 특허법 제62조(특허거절결정)에 따라 특허거절결정을 하고자 할 때에는 출원인에게 거절이유를 통지하고 기간을 정하여 의견서를 제출할 기회를 주어야 한다. 다만 특허법 제51조(보정각하)에 따라 보정각하결정을 할때는 그러지 아니한다. 심사관이 행하는 거절이유통지는 2종류로 구분되며 그 종류에 따라 출원인이 할 수 있는 명세서 또는 도면의 보정 범위가 다르게 제한된다. 하나는 거절이유통지에 대한 보정에 따라 발생한 거절이유만을 통지하는 거절이유통지(최후거절이유통지)와 다른 하나는 출원인이 처음으로 받거나 최후거절이유통지가 아닌 거절이유통지(최초거절이유통지)를 말한다.
101,10-2016-0102112,1020160102112,1020160102112,,5,PG1501,출원공개,20180320,"출원인의 신청에 의하여 조기공개신청  또는 특허출원 이후 1년 6개월 경과 후 심사여부와 관계없이 출원공개를 해야하며 이는  발명의 공개를 통해 제3자의 중복연구, 중복투자 및 중복출원을 방지하는 한편 기술이용의 기회를 제공한다."
101,10-2016-0102112,1020160102112,1020160102112,,6,PG1601,등록공고,20191025,특허권은 설정등록에 의해 발생하며 등록이 있는 때는 그 특허에 관하여 특허공보에 게재하여 등록공고를 하여야 한다. 비밀취급을 요하는 특허발명에 대하여는 비밀취급의 해제시까지 등록공고를 보류하며 그 비밀취급이 해제된 때에는 지체없이 등록공고를 하여야 하며 등록공고가 있는 날부터 3월간 출원서류 및 그 부속물건을 공중의 열람에 제공해야 한다.
101,10-2016-0102112,1020160102112,1020160102112,,7,PJ0201,거절결정불복심판,20180315,특허거절결정 또는 특허권의 존속기간의 연장등록거절결정을 받은 자가 불복이 있는 때에는 그 결정등본을 송달받은 날부터 30일 이내에 심판을 청구할 수 있다.
101,10-2016-0102112,1020160102112,1020160102112,,8,PJ1301,심결,20190918,"심판은 특별한 규정이 있는 경우를 제외하고는 심결로써 이를 종결한다. 심결은 심판의 번호, 당사자 및 참가인의 성명 및 주소, 심판사건의 표시, 심결의 주문, 심결의 이유, 심결연월일을 기재한 서면으로 하여야 하며 심결한 심판관은 이에 기명날인하여야 한다. 심판장은 사건이 심결을 할 정도로 성숙한 때에는 심리의 종결을 당사자 및 참가인에게 통지하여야 하고, 필요하다고 인정할 때에는 심리종결을 통지한 후에도 당사자 또는 참가인의 신청에 의하여 또는 직권으로 심리를 재개할 수 있다. 심결은 심리종결통지를 한 날부터 20일 이내에 한다. 심판장은 심결 또는 결정이 있는 때에는 그 등본을 당사자, 참가인 및 심판에 참가신청을 하였으나 그 신청이 거부된 자에게 송달하여야 한다."
101,10-2016-0102112,1020160102112,1020160102112,,9,PR0701,설정등록,20191021,"특허권은 설정등록에 의해 발생하며, 특허결정이 된 후 출원인이 특허료를 납부하거나 보전한 경우 또는 추가납부하거나 특허료가 면제된 경우에 특허청장은 특허권을 설정하기 위한 등록을 해야 한다."
101,10-2016-0102112,1020160102112,1020160102112,,10,PR1001,연차료납부,20220922,"특허법 제87조 1항에 따른 특허권의 설정등록을 받으려는 자는 설정등록을 받으려는 날부터 3년분의 특허료를 납부해야 하는데, 그 다음 연도분부터는 특허료를 해당 권리의 설정등록일에 해당하는 날을 기준으로 일정기간 내에 매년 1년분씩 납부함으로써 특허권을 유지한다. 연차료의 납부기간의 종류는 아래와 같다.정상납부기간(정상납부만료일 이전), 추가납부기간(추가납부안내서 발송 이후 6개월), 회복납부기간(권리소멸 시점부터 3개월 이내)"
101,10-2016-0102112,1020160102112,1020160102112,,11,PR1002,등록료납부,20191021,"특허권의 설정등록을 받으려는 자는 설정등록받으려는 날 부터 3년분의 특허료를 납부한다.특허권의 설정등록을 받고자 하는자 또는 특허권자는 특허료 납부기간이 경과한 후에도 6개월 이내 특허료를 추가 납부할 수 있으며 특허료 추가 납부할 때에는 납부하여야 할 특허료의 2배 이내의 범위에서 납부해야한다. 추가납부기간 이내에 특허료를 납부하지 못한 경우에는 특허권리를 소멸하게 되는데, 이때 특허권자는 추가납부기간 만료일부터 3개월 이내에 특허료의 3배를 납부하고 그 소멸한 권리의 회복을 신청 할 수 있다."
101,10-2016-0102112,1020160102112,1020160102112,,12,PS0701,취소환송후 등록결정,20191015,특허거절결정 또는 특허권의 존속기간의 연장등록거절결정에 대해 불복하고자 하는 자는 그 결정등본 송달일로부터 30일 이내에 거절결정불복심판을 제기할 수 있다. 거절결정불복심판이 청구된 때에는 심판관 합의체에 의해 심결이 확정되고 해당 심판청구를 인정하는 심결이 있을 시 담당심사관에게 취소환송하여 심사를 진행토록 한다.  취소환송에 의한 심사 결과 심사관은 특허출원에 대하여 거절이유를 발견할 수 없는 때에는 특허결정을 해야 한다.
101,10-2016-0102112,1020160102112,1020160102112,,13,PS0901,취소환송에 의한 심사,20190920,특허거절결정 또는 특허권의 존속기간의 연장등록거절결정에 대해 불복하고자 하는 자는 그 결정등본 송달일로부터 30일 이내에 거절결정불복심판을 제기할 수 있다.거절결정불복심판이 청구된 때에는 심판관 합의체에 의해 심결이 확정되고 해당 심판청구를 인정하는 심결이 있을 시 담당심사관에게 취소환송하여 심사를 진행토록 한다.
101,10-2016-0102112,1020160102112,1020160102112,,14,PX0601,재심사후 거절결정,20180213,심사관이 거절결정한 출원에 대하여 출원인이 거절결정등본을 송달받은 날부터 30일(법정기간이 연장된 경우에는 그 연장된 때까지) 이내에 명세서 또는 도면을 보정하여 재심사청구하면 심사관은 해당 출원을 다시 심사 해야 한다. 심사관은 보정서를 반영하여 재심사한 후에도 거절결정 당시에 지적된 거절이유가 해소되지 않았다고 인정하는 경우 다시 특허거절결정한다.
101,10-2016-0102112,1020160102112,1020160102112,,15,PX0901,재심사,20171228,심사관이 거절결정한 출원에 대하여 출원인이 거절결정등본을 송달받은 날부터 30일(법정기간이 연장된 경우에는 그 연장된 때까지) 이내에 명세서 또는 도면을 보정하면 심사관은 보정된 출원을 다시 심사 해야 한다. 재심사청구된 경우 종전의 거절결정은 취소된 것으로 보므로 거절결정 전으로 돌아가 보정서가 제출된 통상의 심사와 동일하게 심사를 진행한다. 보정이 적법한 경우 보정사항을 반영하여 특허결정 또는 거절결정 여부를 결정한다. 보정이 부적법해 보정각하가 되면 바로 보정전 명세서를 심사대상으로 하여 심사를 계속 진행한다
102,10-2016-0110422,1020160110422,1020160110422,,1,PA0109,특허출원,20160830,특허를 받고자 하는 자는 특허가 담은 발명에 대한 서류를 작성한 특허출원서를 특허청장에게 제출하여야한다.
102,10-2016-0110422,1020160110422,1020160110422,,2,PA0201,심사청구,20160830,"특허출원 이후 3년 이내에 특허청장에게 그 특허출원에 관하여 출원심사의 청구를 할 수 있고, 다만, 제34조 및 제35조에 따른 정당한 권리자의 특허출원, 분할출원 또는 변경출원에 관하여는 그 기간이 지난 후에도 정당한 권리자가 특허출원을 한 날, 분할출원을 한 날 또는 변경출원을 한 날부터 각각 30일 이내에 출원심사 청구를 할 수 있다. 심사청구가 있을 시에 한하여 특허출원을 심사한다."
102,10-2016-0110422,1020160110422,1020160110422,,3,PE0601,특허거절결정,20171121,심사관은 특허출원이 특허법 제62조 각호의 어느 하나에 해당 할 경우 거절이유 통지 후 거절결정을 해야한다. 다만 거절결정전에 출원인은 심사관의 거절이유통지에 대응하여 의견서를 제출할수 있고 지정한 의견서 제출기간 이내에 보정서를 제출하여 명세서 또는 도면을 보정 할수 있다. 출원인이 의견서를 제출한 경우 제출된 의견서를 반영하여 거절이유가 유지될수 있는지 여부를 다시 심사한다. 만약 의견서 제출기간 이내에 보정서도 같이 제출한 경우에는 해당 보정서에 의한 보정사항을 반영하여 심사한다. 심사관은 의견서 및 보정사항을 반영하여 다시 심사한 후에도 거절이유통지에서 지적한 거절이유가 해소되지 않았다고 인정하는 경우 거절결정을 해야 한다.
102,10-2016-0110422,1020160110422,1020160110422,,4,PE0902,거절이유통지,20170522,심사관은 특허법 제62조(특허거절결정)에 따라 특허거절결정을 하고자 할 때에는 출원인에게 거절이유를 통지하고 기간을 정하여 의견서를 제출할 기회를 주어야 한다. 다만 특허법 제51조(보정각하)에 따라 보정각하결정을 할때는 그러지 아니한다. 심사관이 행하는 거절이유통지는 2종류로 구분되며 그 종류에 따라 출원인이 할 수 있는 명세서 또는 도면의 보정 범위가 다르게 제한된다. 하나는 거절이유통지에 대한 보정에 따라 발생한 거절이유만을 통지하는 거절이유통지(최후거절이유통지)와 다른 하나는 출원인이 처음으로 받거나 최후거절이유통지가 아닌 거절이유통지(최초거절이유통지)를 말한다.
102,10-2016-0110422,1020160110422,1020160110422,,5,PG1601,등록공고,20180130,특허권은 설정등록에 의해 발생하며 등록이 있는 때는 그 특허에 관하여 특허공보에 게재하여 등록공고를 하여야 한다. 비밀취급을 요하는 특허발명에 대하여는 비밀취급의 해제시까지 등록공고를 보류하며 그 비밀취급이 해제된 때에는 지체없이 등록공고를 하여야 하며 등록공고가 있는 날부터 3월간 출원서류 및 그 부속물건을 공중의 열람에 제공해야 한다.
102,10-2016-0110422,1020160110422,1020160110422,,6,PR0701,설정등록,20180124,"특허권은 설정등록에 의해 발생하며, 특허결정이 된 후 출원인이 특허료를 납부하거나 보전한 경우 또는 추가납부하거나 특허료가 면제된 경우에 특허청장은 특허권을 설정하기 위한 등록을 해야 한다."
102,10-2016-0110422,1020160110422,1020160110422,,7,PR1002,등록료납부,20180124,"특허권의 설정등록을 받으려는 자는 설정등록받으려는 날 부터 3년분의 특허료를 납부한다.특허권의 설정등록을 받고자 하는자 또는 특허권자는 특허료 납부기간이 경과한 후에도 6개월 이내 특허료를 추가 납부할 수 있으며 특허료 추가 납부할 때에는 납부하여야 할 특허료의 2배 이내의 범위에서 납부해야한다. 추가납부기간 이내에 특허료를 납부하지 못한 경우에는 특허권리를 소멸하게 되는데, 이때 특허권자는 추가납부기간 만료일부터 3개월 이내에 특허료의 3배를 납부하고 그 소멸한 권리의 회복을 신청 할 수 있다."
102,10-2016-0110422,1020160110422,1020160110422,,8,PX0701,재심사후 등록결정,20180122,심사관이 거절결정한 출원에 대하여 출원인이 거절결정등본을 송달받은 날부터 30일(법정기간이 연장된 경우에는 그 연장된 때까지) 이내에 명세서 또는 도면을 보정하면 심사관은 보정된 출원을 다시 심사 해야 한다. 심사관은 보정서를 반영하여 재심사한 결과 거절이유를 발견할 수 없는 경우 특허결정을 해야 한다.
102,10-2016-0110422,1020160110422,1020160110422,,9,PX0901,재심사,20171221,심사관이 거절결정한 출원에 대하여 출원인이 거절결정등본을 송달받은 날부터 30일(법정기간이 연장된 경우에는 그 연장된 때까지) 이내에 명세서 또는 도면을 보정하면 심사관은 보정된 출원을 다시 심사 해야 한다. 재심사청구된 경우 종전의 거절결정은 취소된 것으로 보므로 거절결정 전으로 돌아가 보정서가 제출된 통상의 심사와 동일하게 심사를 진행한다. 보정이 적법한 경우 보정사항을 반영하여 특허결정 또는 거절결정 여부를 결정한다. 보정이 부적법해 보정각하가 되면 바로 보정전 명세서를 심사대상으로 하여 심사를 계속 진행한다
102,10-2016-0110422,1020160110422,1020160110422,,10,PR1001,연차료납부,20201228,"특허법 제87조 1항에 따른 특허권의 설정등록을 받으려는 자는 설정등록을 받으려는 날부터 3년분의 특허료를 납부해야 하는데, 그 다음 연도분부터는 특허료를 해당 권리의 설정등록일에 해당하는 날을 기준으로 일정기간 내에 매년 1년분씩 납부함으로써 특허권을 유지한다. 연차료의 납부기간의 종류는 아래와 같다.정상납부기간(정상납부만료일 이전), 추가납부기간(추가납부안내서 발송 이후 6개월), 회복납부기간(권리소멸 시점부터 3개월 이내)"
103,10-2017-0024064,1020170024064,1020170024064,,1,PA0109,특허출원,20170223,특허를 받고자 하는 자는 특허가 담은 발명에 대한 서류를 작성한 특허출원서를 특허청장에게 제출하여야한다.
103,10-2017-0024064,1020170024064,1020170024064,,2,PA0201,심사청구,20170223,"특허출원 이후 3년 이내에 특허청장에게 그 특허출원에 관하여 출원심사의 청구를 할 수 있고, 다만, 제34조 및 제35조에 따른 정당한 권리자의 특허출원, 분할출원 또는 변경출원에 관하여는 그 기간이 지난 후에도 정당한 권리자가 특허출원을 한 날, 분할출원을 한 날 또는 변경출원을 한 날부터 각각 30일 이내에 출원심사 청구를 할 수 있다. 심사청구가 있을 시에 한하여 특허출원을 심사한다."
103,10-2017-0024064,1020170024064,1020170024064,,3,PE0902,거절이유통지,20180206,심사관은 특허법 제62조(특허거절결정)에 따라 특허거절결정을 하고자 할 때에는 출원인에게 거절이유를 통지하고 기간을 정하여 의견서를 제출할 기회를 주어야 한다. 다만 특허법 제51조(보정각하)에 따라 보정각하결정을 할때는 그러지 아니한다. 심사관이 행하는 거절이유통지는 2종류로 구분되며 그 종류에 따라 출원인이 할 수 있는 명세서 또는 도면의 보정 범위가 다르게 제한된다. 하나는 거절이유통지에 대한 보정에 따라 발생한 거절이유만을 통지하는 거절이유통지(최후거절이유통지)와 다른 하나는 출원인이 처음으로 받거나 최후거절이유통지가 아닌 거절이유통지(최초거절이유통지)를 말한다.
103,10-2017-0024064,1020170024064,1020170024064,,4,PE0902,거절이유통지,20180829,심사관은 특허법 제62조(특허거절결정)에 따라 특허거절결정을 하고자 할 때에는 출원인에게 거절이유를 통지하고 기간을 정하여 의견서를 제출할 기회를 주어야 한다. 다만 특허법 제51조(보정각하)에 따라 보정각하결정을 할때는 그러지 아니한다. 심사관이 행하는 거절이유통지는 2종류로 구분되며 그 종류에 따라 출원인이 할 수 있는 명세서 또는 도면의 보정 범위가 다르게 제한된다. 하나는 거절이유통지에 대한 보정에 따라 발생한 거절이유만을 통지하는 거절이유통지(최후거절이유통지)와 다른 하나는 출원인이 처음으로 받거나 최후거절이유통지가 아닌 거절이유통지(최초거절이유통지)를 말한다.
103,10-2017-0024064,1020170024064,1020170024064,,5,PG1501,출원공개,20180831,"출원인의 신청에 의하여 조기공개신청  또는 특허출원 이후 1년 6개월 경과 후 심사여부와 관계없이 출원공개를 해야하며 이는  발명의 공개를 통해 제3자의 중복연구, 중복투자 및 중복출원을 방지하는 한편 기술이용의 기회를 제공한다."
103,10-2017-0024064,1020170024064,1020170024064,,6,PE0701,등록결정,20190227,심사관은 특허출원에 대해 거절이유를 발견할 수 없는 경우 특허결정을 해야 한다. 특허결정이 있는 경우 특허청장은 그 특허결정의 등본을 출원인에게 송달해야 한다. 특허결정은 그 결정 등본이 송달된 때에 확정된다.
103,10-2017-0024064,1020170024064,1020170024064,,7,PR0701,설정등록,20190312,"특허권은 설정등록에 의해 발생하며, 특허결정이 된 후 출원인이 특허료를 납부하거나 보전한 경우 또는 추가납부하거나 특허료가 면제된 경우에 특허청장은 특허권을 설정하기 위한 등록을 해야 한다."
103,10-2017-0024064,1020170024064,1020170024064,,8,PR1002,등록료납부,20190312,"특허권의 설정등록을 받으려는 자는 설정등록받으려는 날 부터 3년분의 특허료를 납부한다.특허권의 설정등록을 받고자 하는자 또는 특허권자는 특허료 납부기간이 경과한 후에도 6개월 이내 특허료를 추가 납부할 수 있으며 특허료 추가 납부할 때에는 납부하여야 할 특허료의 2배 이내의 범위에서 납부해야한다. 추가납부기간 이내에 특허료를 납부하지 못한 경우에는 특허권리를 소멸하게 되는데, 이때 특허권자는 추가납부기간 만료일부터 3개월 이내에 특허료의 3배를 납부하고 그 소멸한 권리의 회복을 신청 할 수 있다."
103,10-2017-0024064,1020170024064,1020170024064,,9,PG1601,등록공고,20190702,특허권은 설정등록에 의해 발생하며 등록이 있는 때는 그 특허에 관하여 특허공보에 게재하여 등록공고를 하여야 한다. 비밀취급을 요하는 특허발명에 대하여는 비밀취급의 해제시까지 등록공고를 보류하며 그 비밀취급이 해제된 때에는 지체없이 등록공고를 하여야 하며 등록공고가 있는 날부터 3월간 출원서류 및 그 부속물건을 공중의 열람에 제공해야 한다.
103,10-2017-0024064,1020170024064,1020170024064,,10,PR1001,연차료납부,20211228,"특허법 제87조 1항에 따른 특허권의 설정등록을 받으려는 자는 설정등록을 받으려는 날부터 3년분의 특허료를 납부해야 하는데, 그 다음 연도분부터는 특허료를 해당 권리의 설정등록일에 해당하는 날을 기준으로 일정기간 내에 매년 1년분씩 납부함으로써 특허권을 유지한다. 연차료의 납부기간의 종류는 아래와 같다.정상납부기간(정상납부만료일 이전), 추가납부기간(추가납부안내서 발송 이후 6개월), 회복납부기간(권리소멸 시점부터 3개월 이내)"
103,10-2017-0024064,1020170024064,1020170024064,,11,PR1001,연차료납부,20241219,"특허법 제87조 1항에 따른 특허권의 설정등록을 받으려는 자는 설정등록을 받으려는 날부터 3년분의 특허료를 납부해야 하는데, 그 다음 연도분부터는 특허료를 해당 권리의 설정등록일에 해당하는 날을 기준으로 일정기간 내에 매년 1년분씩 납부함으로써 특허권을 유지한다. 연차료의 납부기간의 종류는 아래와 같다.정상납부기간(정상납부만료일 이전), 추가납부기간(추가납부안내서 발송 이후 6개월), 회복납부기간(권리소멸 시점부터 3개월 이내)"
104,10-2017-0073022,1020170073022,1020170073022,,1,PA0109,특허출원,20170612,특허를 받고자 하는 자는 특허가 담은 발명에 대한 서류를 작성한 특허출원서를 특허청장에게 제출하여야한다.
104,10-2017-0073022,1020170073022,1020170073022,,2,PA0201,심사청구,20170612,"특허출원 이후 3년 이내에 특허청장에게 그 특허출원에 관하여 출원심사의 청구를 할 수 있고, 다만, 제34조 및 제35조에 따른 정당한 권리자의 특허출원, 분할출원 또는 변경출원에 관하여는 그 기간이 지난 후에도 정당한 권리자가 특허출원을 한 날, 분할출원을 한 날 또는 변경출원을 한 날부터 각각 30일 이내에 출원심사 청구를 할 수 있다. 심사청구가 있을 시에 한하여 특허출원을 심사한다."
104,10-2017-0073022,1020170073022,1020170073022,,3,PE0902,거절이유통지,20180720,심사관은 특허법 제62조(특허거절결정)에 따라 특허거절결정을 하고자 할 때에는 출원인에게 거절이유를 통지하고 기간을 정하여 의견서를 제출할 기회를 주어야 한다. 다만 특허법 제51조(보정각하)에 따라 보정각하결정을 할때는 그러지 아니한다. 심사관이 행하는 거절이유통지는 2종류로 구분되며 그 종류에 따라 출원인이 할 수 있는 명세서 또는 도면의 보정 범위가 다르게 제한된다. 하나는 거절이유통지에 대한 보정에 따라 발생한 거절이유만을 통지하는 거절이유통지(최후거절이유통지)와 다른 하나는 출원인이 처음으로 받거나 최후거절이유통지가 아닌 거절이유통지(최초거절이유통지)를 말한다.
104,10-2017-0073022,1020170073022,1020170073022,,4,PG1501,출원공개,20181220,"출원인의 신청에 의하여 조기공개신청  또는 특허출원 이후 1년 6개월 경과 후 심사여부와 관계없이 출원공개를 해야하며 이는  발명의 공개를 통해 제3자의 중복연구, 중복투자 및 중복출원을 방지하는 한편 기술이용의 기회를 제공한다."
104,10-2017-0073022,1020170073022,1020170073022,,5,PE0601,특허거절결정,20190121,심사관은 특허출원이 특허법 제62조 각호의 어느 하나에 해당 할 경우 거절이유 통지 후 거절결정을 해야한다. 다만 거절결정전에 출원인은 심사관의 거절이유통지에 대응하여 의견서를 제출할수 있고 지정한 의견서 제출기간 이내에 보정서를 제출하여 명세서 또는 도면을 보정 할수 있다. 출원인이 의견서를 제출한 경우 제출된 의견서를 반영하여 거절이유가 유지될수 있는지 여부를 다시 심사한다. 만약 의견서 제출기간 이내에 보정서도 같이 제출한 경우에는 해당 보정서에 의한 보정사항을 반영하여 심사한다. 심사관은 의견서 및 보정사항을 반영하여 다시 심사한 후에도 거절이유통지에서 지적한 거절이유가 해소되지 않았다고 인정하는 경우 거절결정을 해야 한다.
104,10-2017-0073022,1020170073022,1020170073022,,6,PX0901,재심사,20190219,심사관이 거절결정한 출원에 대하여 출원인이 거절결정등본을 송달받은 날부터 30일(법정기간이 연장된 경우에는 그 연장된 때까지) 이내에 명세서 또는 도면을 보정하면 심사관은 보정된 출원을 다시 심사 해야 한다. 재심사청구된 경우 종전의 거절결정은 취소된 것으로 보므로 거절결정 전으로 돌아가 보정서가 제출된 통상의 심사와 동일하게 심사를 진행한다. 보정이 적법한 경우 보정사항을 반영하여 특허결정 또는 거절결정 여부를 결정한다. 보정이 부적법해 보정각하가 되면 바로 보정전 명세서를 심사대상으로 하여 심사를 계속 진행한다
104,10-2017-0073022,1020170073022,1020170073022,,7,PX0701,재심사후 등록결정,20190227,심사관이 거절결정한 출원에 대하여 출원인이 거절결정등본을 송달받은 날부터 30일(법정기간이 연장된 경우에는 그 연장된 때까지) 이내에 명세서 또는 도면을 보정하면 심사관은 보정된 출원을 다시 심사 해야 한다. 심사관은 보정서를 반영하여 재심사한 결과 거절이유를 발견할 수 없는 경우 특허결정을 해야 한다.
104,10-2017-0073022,1020170073022,1020170073022,,8,PR0701,설정등록,20190312,"특허권은 설정등록에 의해 발생하며, 특허결정이 된 후 출원인이 특허료를 납부하거나 보전한 경우 또는 추가납부하거나 특허료가 면제된 경우에 특허청장은 특허권을 설정하기 위한 등록을 해야 한다."
104,10-2017-0073022,1020170073022,1020170073022,,9,PR1002,등록료납부,20190312,"특허권의 설정등록을 받으려는 자는 설정등록받으려는 날 부터 3년분의 특허료를 납부한다.특허권의 설정등록을 받고자 하는자 또는 특허권자는 특허료 납부기간이 경과한 후에도 6개월 이내 특허료를 추가 납부할 수 있으며 특허료 추가 납부할 때에는 납부하여야 할 특허료의 2배 이내의 범위에서 납부해야한다. 추가납부기간 이내에 특허료를 납부하지 못한 경우에는 특허권리를 소멸하게 되는데, 이때 특허권자는 추가납부기간 만료일부터 3개월 이내에 특허료의 3배를 납부하고 그 소멸한 권리의 회복을 신청 할 수 있다."
104,10-2017-0073022,1020170073022,1020170073022,,10,PG1601,등록공고,20190318,특허권은 설정등록에 의해 발생하며 등록이 있는 때는 그 특허에 관하여 특허공보에 게재하여 등록공고를 하여야 한다. 비밀취급을 요하는 특허발명에 대하여는 비밀취급의 해제시까지 등록공고를 보류하며 그 비밀취급이 해제된 때에는 지체없이 등록공고를 하여야 하며 등록공고가 있는 날부터 3월간 출원서류 및 그 부속물건을 공중의 열람에 제공해야 한다.
104,10-2017-0073022,1020170073022,1020170073022,,11,PR1001,연차료납부,20211228,"특허법 제87조 1항에 따른 특허권의 설정등록을 받으려는 자는 설정등록을 받으려는 날부터 3년분의 특허료를 납부해야 하는데, 그 다음 연도분부터는 특허료를 해당 권리의 설정등록일에 해당하는 날을 기준으로 일정기간 내에 매년 1년분씩 납부함으로써 특허권을 유지한다. 연차료의 납부기간의 종류는 아래와 같다.정상납부기간(정상납부만료일 이전), 추가납부기간(추가납부안내서 발송 이후 6개월), 회복납부기간(권리소멸 시점부터 3개월 이내)"
104,10-2017-0073022,1020170073022,1020170073022,,12,PR1001,연차료납부,20241219,"특허법 제87조 1항에 따른 특허권의 설정등록을 받으려는 자는 설정등록을 받으려는 날부터 3년분의 특허료를 납부해야 하는데, 그 다음 연도분부터는 특허료를 해당 권리의 설정등록일에 해당하는 날을 기준으로 일정기간 내에 매년 1년분씩 납부함으로써 특허권을 유지한다. 연차료의 납부기간의 종류는 아래와 같다.정상납부기간(정상납부만료일 이전), 추가납부기간(추가납부안내서 발송 이후 6개월), 회복납부기간(권리소멸 시점부터 3개월 이내)"
105,10-2017-0074579,1020170074579,1020170074579,,1,PA0109,특허출원,20170614,특허를 받고자 하는 자는 특허가 담은 발명에 대한 서류를 작성한 특허출원서를 특허청장에게 제출하여야한다.
105,10-2017-0074579,1020170074579,1020170074579,,2,PA0201,심사청구,20170614,"특허출원 이후 3년 이내에 특허청장에게 그 특허출원에 관하여 출원심사의 청구를 할 수 있고, 다만, 제34조 및 제35조에 따른 정당한 권리자의 특허출원, 분할출원 또는 변경출원에 관하여는 그 기간이 지난 후에도 정당한 권리자가 특허출원을 한 날, 분할출원을 한 날 또는 변경출원을 한 날부터 각각 30일 이내에 출원심사 청구를 할 수 있다. 심사청구가 있을 시에 한하여 특허출원을 심사한다."
105,10-2017-0074579,1020170074579,1020170074579,,3,PE0701,등록결정,20190624,심사관은 특허출원에 대해 거절이유를 발견할 수 없는 경우 특허결정을 해야 한다. 특허결정이 있는 경우 특허청장은 그 특허결정의 등본을 출원인에게 송달해야 한다. 특허결정은 그 결정 등본이 송달된 때에 확정된다.
105,10-2017-0074579,1020170074579,1020170074579,,4,PE0902,거절이유통지,20181130,심사관은 특허법 제62조(특허거절결정)에 따라 특허거절결정을 하고자 할 때에는 출원인에게 거절이유를 통지하고 기간을 정하여 의견서를 제출할 기회를 주어야 한다. 다만 특허법 제51조(보정각하)에 따라 보정각하결정을 할때는 그러지 아니한다. 심사관이 행하는 거절이유통지는 2종류로 구분되며 그 종류에 따라 출원인이 할 수 있는 명세서 또는 도면의 보정 범위가 다르게 제한된다. 하나는 거절이유통지에 대한 보정에 따라 발생한 거절이유만을 통지하는 거절이유통지(최후거절이유통지)와 다른 하나는 출원인이 처음으로 받거나 최후거절이유통지가 아닌 거절이유통지(최초거절이유통지)를 말한다.
105,10-2017-0074579,1020170074579,1020170074579,,5,PG1501,출원공개,20181224,"출원인의 신청에 의하여 조기공개신청  또는 특허출원 이후 1년 6개월 경과 후 심사여부와 관계없이 출원공개를 해야하며 이는  발명의 공개를 통해 제3자의 중복연구, 중복투자 및 중복출원을 방지하는 한편 기술이용의 기회를 제공한다."
105,10-2017-0074579,1020170074579,1020170074579,,6,PG1601,등록공고,20190930,특허권은 설정등록에 의해 발생하며 등록이 있는 때는 그 특허에 관하여 특허공보에 게재하여 등록공고를 하여야 한다. 비밀취급을 요하는 특허발명에 대하여는 비밀취급의 해제시까지 등록공고를 보류하며 그 비밀취급이 해제된 때에는 지체없이 등록공고를 하여야 하며 등록공고가 있는 날부터 3월간 출원서류 및 그 부속물건을 공중의 열람에 제공해야 한다.
105,10-2017-0074579,1020170074579,1020170074579,,7,PR0701,설정등록,20190625,"특허권은 설정등록에 의해 발생하며, 특허결정이 된 후 출원인이 특허료를 납부하거나 보전한 경우 또는 추가납부하거나 특허료가 면제된 경우에 특허청장은 특허권을 설정하기 위한 등록을 해야 한다."
105,10-2017-0074579,1020170074579,1020170074579,,8,PR1001,연차료납부,20220325,"특허법 제87조 1항에 따른 특허권의 설정등록을 받으려는 자는 설정등록을 받으려는 날부터 3년분의 특허료를 납부해야 하는데, 그 다음 연도분부터는 특허료를 해당 권리의 설정등록일에 해당하는 날을 기준으로 일정기간 내에 매년 1년분씩 납부함으로써 특허권을 유지한다. 연차료의 납부기간의 종류는 아래와 같다.정상납부기간(정상납부만료일 이전), 추가납부기간(추가납부안내서 발송 이후 6개월), 회복납부기간(권리소멸 시점부터 3개월 이내)"
105,10-2017-0074579,1020170074579,1020170074579,,9,PR1002,등록료납부,20190625,"특허권의 설정등록을 받으려는 자는 설정등록받으려는 날 부터 3년분의 특허료를 납부한다.특허권의 설정등록을 받고자 하는자 또는 특허권자는 특허료 납부기간이 경과한 후에도 6개월 이내 특허료를 추가 납부할 수 있으며 특허료 추가 납부할 때에는 납부하여야 할 특허료의 2배 이내의 범위에서 납부해야한다. 추가납부기간 이내에 특허료를 납부하지 못한 경우에는 특허권리를 소멸하게 되는데, 이때 특허권자는 추가납부기간 만료일부터 3개월 이내에 특허료의 3배를 납부하고 그 소멸한 권리의 회복을 신청 할 수 있다."
106,10-2017-0106439,1020170106439,1020170106439,,1,PA0109,특허출원,20170823,특허를 받고자 하는 자는 특허가 담은 발명에 대한 서류를 작성한 특허출원서를 특허청장에게 제출하여야한다.
106,10-2017-0106439,1020170106439,1020170106439,,2,PA0201,심사청구,20170823,"특허출원 이후 3년 이내에 특허청장에게 그 특허출원에 관하여 출원심사의 청구를 할 수 있고, 다만, 제34조 및 제35조에 따른 정당한 권리자의 특허출원, 분할출원 또는 변경출원에 관하여는 그 기간이 지난 후에도 정당한 권리자가 특허출원을 한 날, 분할출원을 한 날 또는 변경출원을 한 날부터 각각 30일 이내에 출원심사 청구를 할 수 있다. 심사청구가 있을 시에 한하여 특허출원을 심사한다."
106,10-2017-0106439,1020170106439,1020170106439,,3,PE0701,등록결정,20190821,심사관은 특허출원에 대해 거절이유를 발견할 수 없는 경우 특허결정을 해야 한다. 특허결정이 있는 경우 특허청장은 그 특허결정의 등본을 출원인에게 송달해야 한다. 특허결정은 그 결정 등본이 송달된 때에 확정된다.
106,10-2017-0106439,1020170106439,1020170106439,,4,PE0902,거절이유통지,20190328,심사관은 특허법 제62조(특허거절결정)에 따라 특허거절결정을 하고자 할 때에는 출원인에게 거절이유를 통지하고 기간을 정하여 의견서를 제출할 기회를 주어야 한다. 다만 특허법 제51조(보정각하)에 따라 보정각하결정을 할때는 그러지 아니한다. 심사관이 행하는 거절이유통지는 2종류로 구분되며 그 종류에 따라 출원인이 할 수 있는 명세서 또는 도면의 보정 범위가 다르게 제한된다. 하나는 거절이유통지에 대한 보정에 따라 발생한 거절이유만을 통지하는 거절이유통지(최후거절이유통지)와 다른 하나는 출원인이 처음으로 받거나 최후거절이유통지가 아닌 거절이유통지(최초거절이유통지)를 말한다.
106,10-2017-0106439,1020170106439,1020170106439,,5,PG1501,출원공개,20190306,"출원인의 신청에 의하여 조기공개신청  또는 특허출원 이후 1년 6개월 경과 후 심사여부와 관계없이 출원공개를 해야하며 이는  발명의 공개를 통해 제3자의 중복연구, 중복투자 및 중복출원을 방지하는 한편 기술이용의 기회를 제공한다."
106,10-2017-0106439,1020170106439,1020170106439,,6,PG1601,등록공고,20190828,특허권은 설정등록에 의해 발생하며 등록이 있는 때는 그 특허에 관하여 특허공보에 게재하여 등록공고를 하여야 한다. 비밀취급을 요하는 특허발명에 대하여는 비밀취급의 해제시까지 등록공고를 보류하며 그 비밀취급이 해제된 때에는 지체없이 등록공고를 하여야 하며 등록공고가 있는 날부터 3월간 출원서류 및 그 부속물건을 공중의 열람에 제공해야 한다.
106,10-2017-0106439,1020170106439,1020170106439,,7,PR0701,설정등록,20190822,"특허권은 설정등록에 의해 발생하며, 특허결정이 된 후 출원인이 특허료를 납부하거나 보전한 경우 또는 추가납부하거나 특허료가 면제된 경우에 특허청장은 특허권을 설정하기 위한 등록을 해야 한다."
106,10-2017-0106439,1020170106439,1020170106439,,8,PR1001,연차료납부,20220624,"특허법 제87조 1항에 따른 특허권의 설정등록을 받으려는 자는 설정등록을 받으려는 날부터 3년분의 특허료를 납부해야 하는데, 그 다음 연도분부터는 특허료를 해당 권리의 설정등록일에 해당하는 날을 기준으로 일정기간 내에 매년 1년분씩 납부함으로써 특허권을 유지한다. 연차료의 납부기간의 종류는 아래와 같다.정상납부기간(정상납부만료일 이전), 추가납부기간(추가납부안내서 발송 이후 6개월), 회복납부기간(권리소멸 시점부터 3개월 이내)"
106,10-2017-0106439,1020170106439,1020170106439,,9,PR1002,등록료납부,20190822,"특허권의 설정등록을 받으려는 자는 설정등록받으려는 날 부터 3년분의 특허료를 납부한다.특허권의 설정등록을 받고자 하는자 또는 특허권자는 특허료 납부기간이 경과한 후에도 6개월 이내 특허료를 추가 납부할 수 있으며 특허료 추가 납부할 때에는 납부하여야 할 특허료의 2배 이내의 범위에서 납부해야한다. 추가납부기간 이내에 특허료를 납부하지 못한 경우에는 특허권리를 소멸하게 되는데, 이때 특허권자는 추가납부기간 만료일부터 3개월 이내에 특허료의 3배를 납부하고 그 소멸한 권리의 회복을 신청 할 수 있다."
107,10-2017-0125840,1020170125840,1020170125840,,1,PA0109,특허출원,20170928,특허를 받고자 하는 자는 특허가 담은 발명에 대한 서류를 작성한 특허출원서를 특허청장에게 제출하여야한다.
107,10-2017-0125840,1020170125840,1020170125840,,2,PA0201,심사청구,20170928,"특허출원 이후 3년 이내에 특허청장에게 그 특허출원에 관하여 출원심사의 청구를 할 수 있고, 다만, 제34조 및 제35조에 따른 정당한 권리자의 특허출원, 분할출원 또는 변경출원에 관하여는 그 기간이 지난 후에도 정당한 권리자가 특허출원을 한 날, 분할출원을 한 날 또는 변경출원을 한 날부터 각각 30일 이내에 출원심사 청구를 할 수 있다. 심사청구가 있을 시에 한하여 특허출원을 심사한다."
107,10-2017-0125840,1020170125840,1020170125840,,3,PE0601,특허거절결정,20190830,심사관은 특허출원이 특허법 제62조 각호의 어느 하나에 해당 할 경우 거절이유 통지 후 거절결정을 해야한다. 다만 거절결정전에 출원인은 심사관의 거절이유통지에 대응하여 의견서를 제출할수 있고 지정한 의견서 제출기간 이내에 보정서를 제출하여 명세서 또는 도면을 보정 할수 있다. 출원인이 의견서를 제출한 경우 제출된 의견서를 반영하여 거절이유가 유지될수 있는지 여부를 다시 심사한다. 만약 의견서 제출기간 이내에 보정서도 같이 제출한 경우에는 해당 보정서에 의한 보정사항을 반영하여 심사한다. 심사관은 의견서 및 보정사항을 반영하여 다시 심사한 후에도 거절이유통지에서 지적한 거절이유가 해소되지 않았다고 인정하는 경우 거절결정을 해야 한다.
107,10-2017-0125840,1020170125840,1020170125840,,4,PE0902,거절이유통지,20190222,심사관은 특허법 제62조(특허거절결정)에 따라 특허거절결정을 하고자 할 때에는 출원인에게 거절이유를 통지하고 기간을 정하여 의견서를 제출할 기회를 주어야 한다. 다만 특허법 제51조(보정각하)에 따라 보정각하결정을 할때는 그러지 아니한다. 심사관이 행하는 거절이유통지는 2종류로 구분되며 그 종류에 따라 출원인이 할 수 있는 명세서 또는 도면의 보정 범위가 다르게 제한된다. 하나는 거절이유통지에 대한 보정에 따라 발생한 거절이유만을 통지하는 거절이유통지(최후거절이유통지)와 다른 하나는 출원인이 처음으로 받거나 최후거절이유통지가 아닌 거절이유통지(최초거절이유통지)를 말한다.
107,10-2017-0125840,1020170125840,1020170125840,,5,PG1501,출원공개,20190405,"출원인의 신청에 의하여 조기공개신청  또는 특허출원 이후 1년 6개월 경과 후 심사여부와 관계없이 출원공개를 해야하며 이는  발명의 공개를 통해 제3자의 중복연구, 중복투자 및 중복출원을 방지하는 한편 기술이용의 기회를 제공한다."
107,10-2017-0125840,1020170125840,1020170125840,,6,PG1601,등록공고,20191112,특허권은 설정등록에 의해 발생하며 등록이 있는 때는 그 특허에 관하여 특허공보에 게재하여 등록공고를 하여야 한다. 비밀취급을 요하는 특허발명에 대하여는 비밀취급의 해제시까지 등록공고를 보류하며 그 비밀취급이 해제된 때에는 지체없이 등록공고를 하여야 하며 등록공고가 있는 날부터 3월간 출원서류 및 그 부속물건을 공중의 열람에 제공해야 한다.
107,10-2017-0125840,1020170125840,1020170125840,,7,PR0701,설정등록,20191106,"특허권은 설정등록에 의해 발생하며, 특허결정이 된 후 출원인이 특허료를 납부하거나 보전한 경우 또는 추가납부하거나 특허료가 면제된 경우에 특허청장은 특허권을 설정하기 위한 등록을 해야 한다."
107,10-2017-0125840,1020170125840,1020170125840,,8,PR1001,연차료납부,20220922,"특허법 제87조 1항에 따른 특허권의 설정등록을 받으려는 자는 설정등록을 받으려는 날부터 3년분의 특허료를 납부해야 하는데, 그 다음 연도분부터는 특허료를 해당 권리의 설정등록일에 해당하는 날을 기준으로 일정기간 내에 매년 1년분씩 납부함으로써 특허권을 유지한다. 연차료의 납부기간의 종류는 아래와 같다.정상납부기간(정상납부만료일 이전), 추가납부기간(추가납부안내서 발송 이후 6개월), 회복납부기간(권리소멸 시점부터 3개월 이내)"
107,10-2017-0125840,1020170125840,1020170125840,,9,PR1002,등록료납부,20191106,"특허권의 설정등록을 받으려는 자는 설정등록받으려는 날 부터 3년분의 특허료를 납부한다.특허권의 설정등록을 받고자 하는자 또는 특허권자는 특허료 납부기간이 경과한 후에도 6개월 이내 특허료를 추가 납부할 수 있으며 특허료 추가 납부할 때에는 납부하여야 할 특허료의 2배 이내의 범위에서 납부해야한다. 추가납부기간 이내에 특허료를 납부하지 못한 경우에는 특허권리를 소멸하게 되는데, 이때 특허권자는 추가납부기간 만료일부터 3개월 이내에 특허료의 3배를 납부하고 그 소멸한 권리의 회복을 신청 할 수 있다."
107,10-2017-0125840,1020170125840,1020170125840,,10,PX0701,재심사후 등록결정,20191106,심사관이 거절결정한 출원에 대하여 출원인이 거절결정등본을 송달받은 날부터 30일(법정기간이 연장된 경우에는 그 연장된 때까지) 이내에 명세서 또는 도면을 보정하면 심사관은 보정된 출원을 다시 심사 해야 한다. 심사관은 보정서를 반영하여 재심사한 결과 거절이유를 발견할 수 없는 경우 특허결정을 해야 한다.
107,10-2017-0125840,1020170125840,1020170125840,,11,PX0901,재심사,20191002,심사관이 거절결정한 출원에 대하여 출원인이 거절결정등본을 송달받은 날부터 30일(법정기간이 연장된 경우에는 그 연장된 때까지) 이내에 명세서 또는 도면을 보정하면 심사관은 보정된 출원을 다시 심사 해야 한다. 재심사청구된 경우 종전의 거절결정은 취소된 것으로 보므로 거절결정 전으로 돌아가 보정서가 제출된 통상의 심사와 동일하게 심사를 진행한다. 보정이 적법한 경우 보정사항을 반영하여 특허결정 또는 거절결정 여부를 결정한다. 보정이 부적법해 보정각하가 되면 바로 보정전 명세서를 심사대상으로 하여 심사를 계속 진행한다
108,10-2017-0168335,1020170168335,1020170168335,,1,PA0109,특허출원,20171208,특허를 받고자 하는 자는 특허가 담은 발명에 대한 서류를 작성한 특허출원서를 특허청장에게 제출하여야한다.
108,10-2017-0168335,1020170168335,1020170168335,,2,PA0201,심사청구,20171208,"특허출원 이후 3년 이내에 특허청장에게 그 특허출원에 관하여 출원심사의 청구를 할 수 있고, 다만, 제34조 및 제35조에 따른 정당한 권리자의 특허출원, 분할출원 또는 변경출원에 관하여는 그 기간이 지난 후에도 정당한 권리자가 특허출원을 한 날, 분할출원을 한 날 또는 변경출원을 한 날부터 각각 30일 이내에 출원심사 청구를 할 수 있다. 심사청구가 있을 시에 한하여 특허출원을 심사한다."
108,10-2017-0168335,1020170168335,1020170168335,,3,PE0601,특허거절결정,20190919,심사관은 특허출원이 특허법 제62조 각호의 어느 하나에 해당 할 경우 거절이유 통지 후 거절결정을 해야한다. 다만 거절결정전에 출원인은 심사관의 거절이유통지에 대응하여 의견서를 제출할수 있고 지정한 의견서 제출기간 이내에 보정서를 제출하여 명세서 또는 도면을 보정 할수 있다. 출원인이 의견서를 제출한 경우 제출된 의견서를 반영하여 거절이유가 유지될수 있는지 여부를 다시 심사한다. 만약 의견서 제출기간 이내에 보정서도 같이 제출한 경우에는 해당 보정서에 의한 보정사항을 반영하여 심사한다. 심사관은 의견서 및 보정사항을 반영하여 다시 심사한 후에도 거절이유통지에서 지적한 거절이유가 해소되지 않았다고 인정하는 경우 거절결정을 해야 한다.
108,10-2017-0168335,1020170168335,1020170168335,,4,PE0902,거절이유통지,20190309,심사관은 특허법 제62조(특허거절결정)에 따라 특허거절결정을 하고자 할 때에는 출원인에게 거절이유를 통지하고 기간을 정하여 의견서를 제출할 기회를 주어야 한다. 다만 특허법 제51조(보정각하)에 따라 보정각하결정을 할때는 그러지 아니한다. 심사관이 행하는 거절이유통지는 2종류로 구분되며 그 종류에 따라 출원인이 할 수 있는 명세서 또는 도면의 보정 범위가 다르게 제한된다. 하나는 거절이유통지에 대한 보정에 따라 발생한 거절이유만을 통지하는 거절이유통지(최후거절이유통지)와 다른 하나는 출원인이 처음으로 받거나 최후거절이유통지가 아닌 거절이유통지(최초거절이유통지)를 말한다.
108,10-2017-0168335,1020170168335,1020170168335,,5,PG1501,출원공개,20190618,"출원인의 신청에 의하여 조기공개신청  또는 특허출원 이후 1년 6개월 경과 후 심사여부와 관계없이 출원공개를 해야하며 이는  발명의 공개를 통해 제3자의 중복연구, 중복투자 및 중복출원을 방지하는 한편 기술이용의 기회를 제공한다."
108,10-2017-0168335,1020170168335,1020170168335,,6,PG1601,등록공고,20191107,특허권은 설정등록에 의해 발생하며 등록이 있는 때는 그 특허에 관하여 특허공보에 게재하여 등록공고를 하여야 한다. 비밀취급을 요하는 특허발명에 대하여는 비밀취급의 해제시까지 등록공고를 보류하며 그 비밀취급이 해제된 때에는 지체없이 등록공고를 하여야 하며 등록공고가 있는 날부터 3월간 출원서류 및 그 부속물건을 공중의 열람에 제공해야 한다.
108,10-2017-0168335,1020170168335,1020170168335,,7,PR0701,설정등록,20191101,"특허권은 설정등록에 의해 발생하며, 특허결정이 된 후 출원인이 특허료를 납부하거나 보전한 경우 또는 추가납부하거나 특허료가 면제된 경우에 특허청장은 특허권을 설정하기 위한 등록을 해야 한다."
108,10-2017-0168335,1020170168335,1020170168335,,8,PR1001,연차료납부,20220922,"특허법 제87조 1항에 따른 특허권의 설정등록을 받으려는 자는 설정등록을 받으려는 날부터 3년분의 특허료를 납부해야 하는데, 그 다음 연도분부터는 특허료를 해당 권리의 설정등록일에 해당하는 날을 기준으로 일정기간 내에 매년 1년분씩 납부함으로써 특허권을 유지한다. 연차료의 납부기간의 종류는 아래와 같다.정상납부기간(정상납부만료일 이전), 추가납부기간(추가납부안내서 발송 이후 6개월), 회복납부기간(권리소멸 시점부터 3개월 이내)"
108,10-2017-0168335,1020170168335,1020170168335,,9,PR1002,등록료납부,20191101,"특허권의 설정등록을 받으려는 자는 설정등록받으려는 날 부터 3년분의 특허료를 납부한다.특허권의 설정등록을 받고자 하는자 또는 특허권자는 특허료 납부기간이 경과한 후에도 6개월 이내 특허료를 추가 납부할 수 있으며 특허료 추가 납부할 때에는 납부하여야 할 특허료의 2배 이내의 범위에서 납부해야한다. 추가납부기간 이내에 특허료를 납부하지 못한 경우에는 특허권리를 소멸하게 되는데, 이때 특허권자는 추가납부기간 만료일부터 3개월 이내에 특허료의 3배를 납부하고 그 소멸한 권리의 회복을 신청 할 수 있다."
108,10-2017-0168335,1020170168335,1020170168335,,10,PX0701,재심사후 등록결정,20191022,심사관이 거절결정한 출원에 대하여 출원인이 거절결정등본을 송달받은 날부터 30일(법정기간이 연장된 경우에는 그 연장된 때까지) 이내에 명세서 또는 도면을 보정하면 심사관은 보정된 출원을 다시 심사 해야 한다. 심사관은 보정서를 반영하여 재심사한 결과 거절이유를 발견할 수 없는 경우 특허결정을 해야 한다.
108,10-2017-0168335,1020170168335,1020170168335,,11,PX0901,재심사,20191015,심사관이 거절결정한 출원에 대하여 출원인이 거절결정등본을 송달받은 날부터 30일(법정기간이 연장된 경우에는 그 연장된 때까지) 이내에 명세서 또는 도면을 보정하면 심사관은 보정된 출원을 다시 심사 해야 한다. 재심사청구된 경우 종전의 거절결정은 취소된 것으로 보므로 거절결정 전으로 돌아가 보정서가 제출된 통상의 심사와 동일하게 심사를 진행한다. 보정이 적법한 경우 보정사항을 반영하여 특허결정 또는 거절결정 여부를 결정한다. 보정이 부적법해 보정각하가 되면 바로 보정전 명세서를 심사대상으로 하여 심사를 계속 진행한다
109,10-2017-0168360,1020170168360,1020170168360,,1,PA0109,특허출원,20171208,특허를 받고자 하는 자는 특허가 담은 발명에 대한 서류를 작성한 특허출원서를 특허청장에게 제출하여야한다.
109,10-2017-0168360,1020170168360,1020170168360,,2,PA0201,심사청구,20171208,"특허출원 이후 3년 이내에 특허청장에게 그 특허출원에 관하여 출원심사의 청구를 할 수 있고, 다만, 제34조 및 제35조에 따른 정당한 권리자의 특허출원, 분할출원 또는 변경출원에 관하여는 그 기간이 지난 후에도 정당한 권리자가 특허출원을 한 날, 분할출원을 한 날 또는 변경출원을 한 날부터 각각 30일 이내에 출원심사 청구를 할 수 있다. 심사청구가 있을 시에 한하여 특허출원을 심사한다."
109,10-2017-0168360,1020170168360,1020170168360,,3,PE0601,특허거절결정,20190523,심사관은 특허출원이 특허법 제62조 각호의 어느 하나에 해당 할 경우 거절이유 통지 후 거절결정을 해야한다. 다만 거절결정전에 출원인은 심사관의 거절이유통지에 대응하여 의견서를 제출할수 있고 지정한 의견서 제출기간 이내에 보정서를 제출하여 명세서 또는 도면을 보정 할수 있다. 출원인이 의견서를 제출한 경우 제출된 의견서를 반영하여 거절이유가 유지될수 있는지 여부를 다시 심사한다. 만약 의견서 제출기간 이내에 보정서도 같이 제출한 경우에는 해당 보정서에 의한 보정사항을 반영하여 심사한다. 심사관은 의견서 및 보정사항을 반영하여 다시 심사한 후에도 거절이유통지에서 지적한 거절이유가 해소되지 않았다고 인정하는 경우 거절결정을 해야 한다.
109,10-2017-0168360,1020170168360,1020170168360,,4,PE0902,거절이유통지,20180927,심사관은 특허법 제62조(특허거절결정)에 따라 특허거절결정을 하고자 할 때에는 출원인에게 거절이유를 통지하고 기간을 정하여 의견서를 제출할 기회를 주어야 한다. 다만 특허법 제51조(보정각하)에 따라 보정각하결정을 할때는 그러지 아니한다. 심사관이 행하는 거절이유통지는 2종류로 구분되며 그 종류에 따라 출원인이 할 수 있는 명세서 또는 도면의 보정 범위가 다르게 제한된다. 하나는 거절이유통지에 대한 보정에 따라 발생한 거절이유만을 통지하는 거절이유통지(최후거절이유통지)와 다른 하나는 출원인이 처음으로 받거나 최후거절이유통지가 아닌 거절이유통지(최초거절이유통지)를 말한다.
109,10-2017-0168360,1020170168360,1020170168360,,5,PG1501,출원공개,20190618,"출원인의 신청에 의하여 조기공개신청  또는 특허출원 이후 1년 6개월 경과 후 심사여부와 관계없이 출원공개를 해야하며 이는  발명의 공개를 통해 제3자의 중복연구, 중복투자 및 중복출원을 방지하는 한편 기술이용의 기회를 제공한다."
109,10-2017-0168360,1020170168360,1020170168360,,6,PG1601,등록공고,20190724,특허권은 설정등록에 의해 발생하며 등록이 있는 때는 그 특허에 관하여 특허공보에 게재하여 등록공고를 하여야 한다. 비밀취급을 요하는 특허발명에 대하여는 비밀취급의 해제시까지 등록공고를 보류하며 그 비밀취급이 해제된 때에는 지체없이 등록공고를 하여야 하며 등록공고가 있는 날부터 3월간 출원서류 및 그 부속물건을 공중의 열람에 제공해야 한다.
109,10-2017-0168360,1020170168360,1020170168360,,7,PR0701,설정등록,20190718,"특허권은 설정등록에 의해 발생하며, 특허결정이 된 후 출원인이 특허료를 납부하거나 보전한 경우 또는 추가납부하거나 특허료가 면제된 경우에 특허청장은 특허권을 설정하기 위한 등록을 해야 한다."
109,10-2017-0168360,1020170168360,1020170168360,,8,PR1001,연차료납부,20220624,"특허법 제87조 1항에 따른 특허권의 설정등록을 받으려는 자는 설정등록을 받으려는 날부터 3년분의 특허료를 납부해야 하는데, 그 다음 연도분부터는 특허료를 해당 권리의 설정등록일에 해당하는 날을 기준으로 일정기간 내에 매년 1년분씩 납부함으로써 특허권을 유지한다. 연차료의 납부기간의 종류는 아래와 같다.정상납부기간(정상납부만료일 이전), 추가납부기간(추가납부안내서 발송 이후 6개월), 회복납부기간(권리소멸 시점부터 3개월 이내)"
109,10-2017-0168360,1020170168360,1020170168360,,9,PR1002,등록료납부,20190718,"특허권의 설정등록을 받으려는 자는 설정등록받으려는 날 부터 3년분의 특허료를 납부한다.특허권의 설정등록을 받고자 하는자 또는 특허권자는 특허료 납부기간이 경과한 후에도 6개월 이내 특허료를 추가 납부할 수 있으며 특허료 추가 납부할 때에는 납부하여야 할 특허료의 2배 이내의 범위에서 납부해야한다. 추가납부기간 이내에 특허료를 납부하지 못한 경우에는 특허권리를 소멸하게 되는데, 이때 특허권자는 추가납부기간 만료일부터 3개월 이내에 특허료의 3배를 납부하고 그 소멸한 권리의 회복을 신청 할 수 있다."
109,10-2017-0168360,1020170168360,1020170168360,,10,PX0701,재심사후 등록결정,20190717,심사관이 거절결정한 출원에 대하여 출원인이 거절결정등본을 송달받은 날부터 30일(법정기간이 연장된 경우에는 그 연장된 때까지) 이내에 명세서 또는 도면을 보정하면 심사관은 보정된 출원을 다시 심사 해야 한다. 심사관은 보정서를 반영하여 재심사한 결과 거절이유를 발견할 수 없는 경우 특허결정을 해야 한다.
109,10-2017-0168360,1020170168360,1020170168360,,11,PX0901,재심사,20190619,심사관이 거절결정한 출원에 대하여 출원인이 거절결정등본을 송달받은 날부터 30일(법정기간이 연장된 경우에는 그 연장된 때까지) 이내에 명세서 또는 도면을 보정하면 심사관은 보정된 출원을 다시 심사 해야 한다. 재심사청구된 경우 종전의 거절결정은 취소된 것으로 보므로 거절결정 전으로 돌아가 보정서가 제출된 통상의 심사와 동일하게 심사를 진행한다. 보정이 적법한 경우 보정사항을 반영하여 특허결정 또는 거절결정 여부를 결정한다. 보정이 부적법해 보정각하가 되면 바로 보정전 명세서를 심사대상으로 하여 심사를 계속 진행한다
109,10-2017-0168360,1020170168360,1020170168360,,12,PR1001,연차료납부,20250619,"특허법 제87조 1항에 따른 특허권의 설정등록을 받으려는 자는 설정등록을 받으려는 날부터 3년분의 특허료를 납부해야 하는데, 그 다음 연도분부터는 특허료를 해당 권리의 설정등록일에 해당하는 날을 기준으로 일정기간 내에 매년 1년분씩 납부함으로써 특허권을 유지한다. 연차료의 납부기간의 종류는 아래와 같다.정상납부기간(정상납부만료일 이전), 추가납부기간(추가납부안내서 발송 이후 6개월), 회복납부기간(권리소멸 시점부터 3개월 이내)"
110,10-2018-0155800,1020180155800,1020180155800,,1,PA0109,특허출원,20181206,특허를 받고자 하는 자는 특허가 담은 발명에 대한 서류를 작성한 특허출원서를 특허청장에게 제출하여야한다.
110,10-2018-0155800,1020180155800,1020180155800,,2,PA0201,심사청구,20181206,"특허출원 이후 3년 이내에 특허청장에게 그 특허출원에 관하여 출원심사의 청구를 할 수 있고, 다만, 제34조 및 제35조에 따른 정당한 권리자의 특허출원, 분할출원 또는 변경출원에 관하여는 그 기간이 지난 후에도 정당한 권리자가 특허출원을 한 날, 분할출원을 한 날 또는 변경출원을 한 날부터 각각 30일 이내에 출원심사 청구를 할 수 있다. 심사청구가 있을 시에 한하여 특허출원을 심사한다."
110,10-2018-0155800,1020180155800,1020180155800,,3,PE0601,특허거절결정,20201019,심사관은 특허출원이 특허법 제62조 각호의 어느 하나에 해당 할 경우 거절이유 통지 후 거절결정을 해야한다. 다만 거절결정전에 출원인은 심사관의 거절이유통지에 대응하여 의견서를 제출할수 있고 지정한 의견서 제출기간 이내에 보정서를 제출하여 명세서 또는 도면을 보정 할수 있다. 출원인이 의견서를 제출한 경우 제출된 의견서를 반영하여 거절이유가 유지될수 있는지 여부를 다시 심사한다. 만약 의견서 제출기간 이내에 보정서도 같이 제출한 경우에는 해당 보정서에 의한 보정사항을 반영하여 심사한다. 심사관은 의견서 및 보정사항을 반영하여 다시 심사한 후에도 거절이유통지에서 지적한 거절이유가 해소되지 않았다고 인정하는 경우 거절결정을 해야 한다.
110,10-2018-0155800,1020180155800,1020180155800,,4,PE0902,거절이유통지,20200316,심사관은 특허법 제62조(특허거절결정)에 따라 특허거절결정을 하고자 할 때에는 출원인에게 거절이유를 통지하고 기간을 정하여 의견서를 제출할 기회를 주어야 한다. 다만 특허법 제51조(보정각하)에 따라 보정각하결정을 할때는 그러지 아니한다. 심사관이 행하는 거절이유통지는 2종류로 구분되며 그 종류에 따라 출원인이 할 수 있는 명세서 또는 도면의 보정 범위가 다르게 제한된다. 하나는 거절이유통지에 대한 보정에 따라 발생한 거절이유만을 통지하는 거절이유통지(최후거절이유통지)와 다른 하나는 출원인이 처음으로 받거나 최후거절이유통지가 아닌 거절이유통지(최초거절이유통지)를 말한다.
110,10-2018-0155800,1020180155800,1020180155800,,5,PG1501,출원공개,20200616,"출원인의 신청에 의하여 조기공개신청  또는 특허출원 이후 1년 6개월 경과 후 심사여부와 관계없이 출원공개를 해야하며 이는  발명의 공개를 통해 제3자의 중복연구, 중복투자 및 중복출원을 방지하는 한편 기술이용의 기회를 제공한다."
110,10-2018-0155800,1020180155800,1020180155800,,6,PG1601,등록공고,20201214,특허권은 설정등록에 의해 발생하며 등록이 있는 때는 그 특허에 관하여 특허공보에 게재하여 등록공고를 하여야 한다. 비밀취급을 요하는 특허발명에 대하여는 비밀취급의 해제시까지 등록공고를 보류하며 그 비밀취급이 해제된 때에는 지체없이 등록공고를 하여야 하며 등록공고가 있는 날부터 3월간 출원서류 및 그 부속물건을 공중의 열람에 제공해야 한다.
110,10-2018-0155800,1020180155800,1020180155800,,7,PR0701,설정등록,20201208,"특허권은 설정등록에 의해 발생하며, 특허결정이 된 후 출원인이 특허료를 납부하거나 보전한 경우 또는 추가납부하거나 특허료가 면제된 경우에 특허청장은 특허권을 설정하기 위한 등록을 해야 한다."
110,10-2018-0155800,1020180155800,1020180155800,,8,PR1002,등록료납부,20201208,"특허권의 설정등록을 받으려는 자는 설정등록받으려는 날 부터 3년분의 특허료를 납부한다.특허권의 설정등록을 받고자 하는자 또는 특허권자는 특허료 납부기간이 경과한 후에도 6개월 이내 특허료를 추가 납부할 수 있으며 특허료 추가 납부할 때에는 납부하여야 할 특허료의 2배 이내의 범위에서 납부해야한다. 추가납부기간 이내에 특허료를 납부하지 못한 경우에는 특허권리를 소멸하게 되는데, 이때 특허권자는 추가납부기간 만료일부터 3개월 이내에 특허료의 3배를 납부하고 그 소멸한 권리의 회복을 신청 할 수 있다."
110,10-2018-0155800,1020180155800,1020180155800,,9,PX0701,재심사후 등록결정,20201204,심사관이 거절결정한 출원에 대하여 출원인이 거절결정등본을 송달받은 날부터 30일(법정기간이 연장된 경우에는 그 연장된 때까지) 이내에 명세서 또는 도면을 보정하면 심사관은 보정된 출원을 다시 심사 해야 한다. 심사관은 보정서를 반영하여 재심사한 결과 거절이유를 발견할 수 없는 경우 특허결정을 해야 한다.
110,10-2018-0155800,1020180155800,1020180155800,,10,PX0901,재심사,20201119,심사관이 거절결정한 출원에 대하여 출원인이 거절결정등본을 송달받은 날부터 30일(법정기간이 연장된 경우에는 그 연장된 때까지) 이내에 명세서 또는 도면을 보정하면 심사관은 보정된 출원을 다시 심사 해야 한다. 재심사청구된 경우 종전의 거절결정은 취소된 것으로 보므로 거절결정 전으로 돌아가 보정서가 제출된 통상의 심사와 동일하게 심사를 진행한다. 보정이 적법한 경우 보정사항을 반영하여 특허결정 또는 거절결정 여부를 결정한다. 보정이 부적법해 보정각하가 되면 바로 보정전 명세서를 심사대상으로 하여 심사를 계속 진행한다
111,10-2018-0161591,1020180161591,1020180161591,,1,PA0109,특허출원,20181214,특허를 받고자 하는 자는 특허가 담은 발명에 대한 서류를 작성한 특허출원서를 특허청장에게 제출하여야한다.
111,10-2018-0161591,1020180161591,1020180161591,,2,PA0201,심사청구,20181214,"특허출원 이후 3년 이내에 특허청장에게 그 특허출원에 관하여 출원심사의 청구를 할 수 있고, 다만, 제34조 및 제35조에 따른 정당한 권리자의 특허출원, 분할출원 또는 변경출원에 관하여는 그 기간이 지난 후에도 정당한 권리자가 특허출원을 한 날, 분할출원을 한 날 또는 변경출원을 한 날부터 각각 30일 이내에 출원심사 청구를 할 수 있다. 심사청구가 있을 시에 한하여 특허출원을 심사한다."
111,10-2018-0161591,1020180161591,1020180161591,,3,PE0701,등록결정,20201209,심사관은 특허출원에 대해 거절이유를 발견할 수 없는 경우 특허결정을 해야 한다. 특허결정이 있는 경우 특허청장은 그 특허결정의 등본을 출원인에게 송달해야 한다. 특허결정은 그 결정 등본이 송달된 때에 확정된다.
111,10-2018-0161591,1020180161591,1020180161591,,4,PE0902,거절이유통지,20200612,심사관은 특허법 제62조(특허거절결정)에 따라 특허거절결정을 하고자 할 때에는 출원인에게 거절이유를 통지하고 기간을 정하여 의견서를 제출할 기회를 주어야 한다. 다만 특허법 제51조(보정각하)에 따라 보정각하결정을 할때는 그러지 아니한다. 심사관이 행하는 거절이유통지는 2종류로 구분되며 그 종류에 따라 출원인이 할 수 있는 명세서 또는 도면의 보정 범위가 다르게 제한된다. 하나는 거절이유통지에 대한 보정에 따라 발생한 거절이유만을 통지하는 거절이유통지(최후거절이유통지)와 다른 하나는 출원인이 처음으로 받거나 최후거절이유통지가 아닌 거절이유통지(최초거절이유통지)를 말한다.
111,10-2018-0161591,1020180161591,1020180161591,,5,PG1501,출원공개,20200624,"출원인의 신청에 의하여 조기공개신청  또는 특허출원 이후 1년 6개월 경과 후 심사여부와 관계없이 출원공개를 해야하며 이는  발명의 공개를 통해 제3자의 중복연구, 중복투자 및 중복출원을 방지하는 한편 기술이용의 기회를 제공한다."
111,10-2018-0161591,1020180161591,1020180161591,,6,PG1601,등록공고,20201217,특허권은 설정등록에 의해 발생하며 등록이 있는 때는 그 특허에 관하여 특허공보에 게재하여 등록공고를 하여야 한다. 비밀취급을 요하는 특허발명에 대하여는 비밀취급의 해제시까지 등록공고를 보류하며 그 비밀취급이 해제된 때에는 지체없이 등록공고를 하여야 하며 등록공고가 있는 날부터 3월간 출원서류 및 그 부속물건을 공중의 열람에 제공해야 한다.
111,10-2018-0161591,1020180161591,1020180161591,,7,PR0701,설정등록,20201211,"특허권은 설정등록에 의해 발생하며, 특허결정이 된 후 출원인이 특허료를 납부하거나 보전한 경우 또는 추가납부하거나 특허료가 면제된 경우에 특허청장은 특허권을 설정하기 위한 등록을 해야 한다."
111,10-2018-0161591,1020180161591,1020180161591,,8,PR1002,등록료납부,20201211,"특허권의 설정등록을 받으려는 자는 설정등록받으려는 날 부터 3년분의 특허료를 납부한다.특허권의 설정등록을 받고자 하는자 또는 특허권자는 특허료 납부기간이 경과한 후에도 6개월 이내 특허료를 추가 납부할 수 있으며 특허료 추가 납부할 때에는 납부하여야 할 특허료의 2배 이내의 범위에서 납부해야한다. 추가납부기간 이내에 특허료를 납부하지 못한 경우에는 특허권리를 소멸하게 되는데, 이때 특허권자는 추가납부기간 만료일부터 3개월 이내에 특허료의 3배를 납부하고 그 소멸한 권리의 회복을 신청 할 수 있다."
112,10-2018-0170165,1020180170165,1020180170165,,1,PA0109,특허출원,20181227,특허를 받고자 하는 자는 특허가 담은 발명에 대한 서류를 작성한 특허출원서를 특허청장에게 제출하여야한다.
112,10-2018-0170165,1020180170165,1020180170165,,2,PA0201,심사청구,20181227,"특허출원 이후 3년 이내에 특허청장에게 그 특허출원에 관하여 출원심사의 청구를 할 수 있고, 다만, 제34조 및 제35조에 따른 정당한 권리자의 특허출원, 분할출원 또는 변경출원에 관하여는 그 기간이 지난 후에도 정당한 권리자가 특허출원을 한 날, 분할출원을 한 날 또는 변경출원을 한 날부터 각각 30일 이내에 출원심사 청구를 할 수 있다. 심사청구가 있을 시에 한하여 특허출원을 심사한다."
112,10-2018-0170165,1020180170165,1020180170165,,3,PE0902,거절이유통지,20200220,심사관은 특허법 제62조(특허거절결정)에 따라 특허거절결정을 하고자 할 때에는 출원인에게 거절이유를 통지하고 기간을 정하여 의견서를 제출할 기회를 주어야 한다. 다만 특허법 제51조(보정각하)에 따라 보정각하결정을 할때는 그러지 아니한다. 심사관이 행하는 거절이유통지는 2종류로 구분되며 그 종류에 따라 출원인이 할 수 있는 명세서 또는 도면의 보정 범위가 다르게 제한된다. 하나는 거절이유통지에 대한 보정에 따라 발생한 거절이유만을 통지하는 거절이유통지(최후거절이유통지)와 다른 하나는 출원인이 처음으로 받거나 최후거절이유통지가 아닌 거절이유통지(최초거절이유통지)를 말한다.
112,10-2018-0170165,1020180170165,1020180170165,,4,PG1501,출원공개,20200707,"출원인의 신청에 의하여 조기공개신청  또는 특허출원 이후 1년 6개월 경과 후 심사여부와 관계없이 출원공개를 해야하며 이는  발명의 공개를 통해 제3자의 중복연구, 중복투자 및 중복출원을 방지하는 한편 기술이용의 기회를 제공한다."
112,10-2018-0170165,1020180170165,1020180170165,,5,PE0601,특허거절결정,20200907,심사관은 특허출원이 특허법 제62조 각호의 어느 하나에 해당 할 경우 거절이유 통지 후 거절결정을 해야한다. 다만 거절결정전에 출원인은 심사관의 거절이유통지에 대응하여 의견서를 제출할수 있고 지정한 의견서 제출기간 이내에 보정서를 제출하여 명세서 또는 도면을 보정 할수 있다. 출원인이 의견서를 제출한 경우 제출된 의견서를 반영하여 거절이유가 유지될수 있는지 여부를 다시 심사한다. 만약 의견서 제출기간 이내에 보정서도 같이 제출한 경우에는 해당 보정서에 의한 보정사항을 반영하여 심사한다. 심사관은 의견서 및 보정사항을 반영하여 다시 심사한 후에도 거절이유통지에서 지적한 거절이유가 해소되지 않았다고 인정하는 경우 거절결정을 해야 한다.
112,10-2018-0170165,1020180170165,1020180170165,,6,PX0901,재심사,20201007,심사관이 거절결정한 출원에 대하여 출원인이 거절결정등본을 송달받은 날부터 30일(법정기간이 연장된 경우에는 그 연장된 때까지) 이내에 명세서 또는 도면을 보정하면 심사관은 보정된 출원을 다시 심사 해야 한다. 재심사청구된 경우 종전의 거절결정은 취소된 것으로 보므로 거절결정 전으로 돌아가 보정서가 제출된 통상의 심사와 동일하게 심사를 진행한다. 보정이 적법한 경우 보정사항을 반영하여 특허결정 또는 거절결정 여부를 결정한다. 보정이 부적법해 보정각하가 되면 바로 보정전 명세서를 심사대상으로 하여 심사를 계속 진행한다
112,10-2018-0170165,1020180170165,1020180170165,,7,PX0701,재심사후 등록결정,20201015,심사관이 거절결정한 출원에 대하여 출원인이 거절결정등본을 송달받은 날부터 30일(법정기간이 연장된 경우에는 그 연장된 때까지) 이내에 명세서 또는 도면을 보정하면 심사관은 보정된 출원을 다시 심사 해야 한다. 심사관은 보정서를 반영하여 재심사한 결과 거절이유를 발견할 수 없는 경우 특허결정을 해야 한다.
112,10-2018-0170165,1020180170165,1020180170165,,8,PR0701,설정등록,20201020,"특허권은 설정등록에 의해 발생하며, 특허결정이 된 후 출원인이 특허료를 납부하거나 보전한 경우 또는 추가납부하거나 특허료가 면제된 경우에 특허청장은 특허권을 설정하기 위한 등록을 해야 한다."
112,10-2018-0170165,1020180170165,1020180170165,,9,PR1002,등록료납부,20201020,"특허권의 설정등록을 받으려는 자는 설정등록받으려는 날 부터 3년분의 특허료를 납부한다.특허권의 설정등록을 받고자 하는자 또는 특허권자는 특허료 납부기간이 경과한 후에도 6개월 이내 특허료를 추가 납부할 수 있으며 특허료 추가 납부할 때에는 납부하여야 할 특허료의 2배 이내의 범위에서 납부해야한다. 추가납부기간 이내에 특허료를 납부하지 못한 경우에는 특허권리를 소멸하게 되는데, 이때 특허권자는 추가납부기간 만료일부터 3개월 이내에 특허료의 3배를 납부하고 그 소멸한 권리의 회복을 신청 할 수 있다."
112,10-2018-0170165,1020180170165,1020180170165,,10,PG1601,등록공고,20201026,특허권은 설정등록에 의해 발생하며 등록이 있는 때는 그 특허에 관하여 특허공보에 게재하여 등록공고를 하여야 한다. 비밀취급을 요하는 특허발명에 대하여는 비밀취급의 해제시까지 등록공고를 보류하며 그 비밀취급이 해제된 때에는 지체없이 등록공고를 하여야 하며 등록공고가 있는 날부터 3월간 출원서류 및 그 부속물건을 공중의 열람에 제공해야 한다.
113,10-2019-0000998,1020190000998,1020190000998,,1,PA0109,특허출원,20190104,특허를 받고자 하는 자는 특허가 담은 발명에 대한 서류를 작성한 특허출원서를 특허청장에게 제출하여야한다.
113,10-2019-0000998,1020190000998,1020190000998,,2,PA0201,심사청구,20190104,"특허출원 이후 3년 이내에 특허청장에게 그 특허출원에 관하여 출원심사의 청구를 할 수 있고, 다만, 제34조 및 제35조에 따른 정당한 권리자의 특허출원, 분할출원 또는 변경출원에 관하여는 그 기간이 지난 후에도 정당한 권리자가 특허출원을 한 날, 분할출원을 한 날 또는 변경출원을 한 날부터 각각 30일 이내에 출원심사 청구를 할 수 있다. 심사청구가 있을 시에 한하여 특허출원을 심사한다."
113,10-2019-0000998,1020190000998,1020190000998,,3,PE0701,등록결정,20200728,심사관은 특허출원에 대해 거절이유를 발견할 수 없는 경우 특허결정을 해야 한다. 특허결정이 있는 경우 특허청장은 그 특허결정의 등본을 출원인에게 송달해야 한다. 특허결정은 그 결정 등본이 송달된 때에 확정된다.
113,10-2019-0000998,1020190000998,1020190000998,,4,PE0902,거절이유통지,20200324,심사관은 특허법 제62조(특허거절결정)에 따라 특허거절결정을 하고자 할 때에는 출원인에게 거절이유를 통지하고 기간을 정하여 의견서를 제출할 기회를 주어야 한다. 다만 특허법 제51조(보정각하)에 따라 보정각하결정을 할때는 그러지 아니한다. 심사관이 행하는 거절이유통지는 2종류로 구분되며 그 종류에 따라 출원인이 할 수 있는 명세서 또는 도면의 보정 범위가 다르게 제한된다. 하나는 거절이유통지에 대한 보정에 따라 발생한 거절이유만을 통지하는 거절이유통지(최후거절이유통지)와 다른 하나는 출원인이 처음으로 받거나 최후거절이유통지가 아닌 거절이유통지(최초거절이유통지)를 말한다.
113,10-2019-0000998,1020190000998,1020190000998,,5,PG1501,출원공개,20200804,"출원인의 신청에 의하여 조기공개신청  또는 특허출원 이후 1년 6개월 경과 후 심사여부와 관계없이 출원공개를 해야하며 이는  발명의 공개를 통해 제3자의 중복연구, 중복투자 및 중복출원을 방지하는 한편 기술이용의 기회를 제공한다."
113,10-2019-0000998,1020190000998,1020190000998,,6,PG1601,등록공고,20200806,특허권은 설정등록에 의해 발생하며 등록이 있는 때는 그 특허에 관하여 특허공보에 게재하여 등록공고를 하여야 한다. 비밀취급을 요하는 특허발명에 대하여는 비밀취급의 해제시까지 등록공고를 보류하며 그 비밀취급이 해제된 때에는 지체없이 등록공고를 하여야 하며 등록공고가 있는 날부터 3월간 출원서류 및 그 부속물건을 공중의 열람에 제공해야 한다.
113,10-2019-0000998,1020190000998,1020190000998,,7,PR0701,설정등록,20200731,"특허권은 설정등록에 의해 발생하며, 특허결정이 된 후 출원인이 특허료를 납부하거나 보전한 경우 또는 추가납부하거나 특허료가 면제된 경우에 특허청장은 특허권을 설정하기 위한 등록을 해야 한다."
113,10-2019-0000998,1020190000998,1020190000998,,8,PR1002,등록료납부,20200731,"특허권의 설정등록을 받으려는 자는 설정등록받으려는 날 부터 3년분의 특허료를 납부한다.특허권의 설정등록을 받고자 하는자 또는 특허권자는 특허료 납부기간이 경과한 후에도 6개월 이내 특허료를 추가 납부할 수 있으며 특허료 추가 납부할 때에는 납부하여야 할 특허료의 2배 이내의 범위에서 납부해야한다. 추가납부기간 이내에 특허료를 납부하지 못한 경우에는 특허권리를 소멸하게 되는데, 이때 특허권자는 추가납부기간 만료일부터 3개월 이내에 특허료의 3배를 납부하고 그 소멸한 권리의 회복을 신청 할 수 있다."
114,10-2019-0001092,1020190001092,1020190001092,,1,PA0109,특허출원,20190104,특허를 받고자 하는 자는 특허가 담은 발명에 대한 서류를 작성한 특허출원서를 특허청장에게 제출하여야한다.
114,10-2019-0001092,1020190001092,1020190001092,,2,PA0201,심사청구,20190104,"특허출원 이후 3년 이내에 특허청장에게 그 특허출원에 관하여 출원심사의 청구를 할 수 있고, 다만, 제34조 및 제35조에 따른 정당한 권리자의 특허출원, 분할출원 또는 변경출원에 관하여는 그 기간이 지난 후에도 정당한 권리자가 특허출원을 한 날, 분할출원을 한 날 또는 변경출원을 한 날부터 각각 30일 이내에 출원심사 청구를 할 수 있다. 심사청구가 있을 시에 한하여 특허출원을 심사한다."
114,10-2019-0001092,1020190001092,1020190001092,,3,PE0902,거절이유통지,20200702,심사관은 특허법 제62조(특허거절결정)에 따라 특허거절결정을 하고자 할 때에는 출원인에게 거절이유를 통지하고 기간을 정하여 의견서를 제출할 기회를 주어야 한다. 다만 특허법 제51조(보정각하)에 따라 보정각하결정을 할때는 그러지 아니한다. 심사관이 행하는 거절이유통지는 2종류로 구분되며 그 종류에 따라 출원인이 할 수 있는 명세서 또는 도면의 보정 범위가 다르게 제한된다. 하나는 거절이유통지에 대한 보정에 따라 발생한 거절이유만을 통지하는 거절이유통지(최후거절이유통지)와 다른 하나는 출원인이 처음으로 받거나 최후거절이유통지가 아닌 거절이유통지(최초거절이유통지)를 말한다.
114,10-2019-0001092,1020190001092,1020190001092,,4,PG1501,출원공개,20200804,"출원인의 신청에 의하여 조기공개신청  또는 특허출원 이후 1년 6개월 경과 후 심사여부와 관계없이 출원공개를 해야하며 이는  발명의 공개를 통해 제3자의 중복연구, 중복투자 및 중복출원을 방지하는 한편 기술이용의 기회를 제공한다."
114,10-2019-0001092,1020190001092,1020190001092,,5,PE0701,등록결정,20210126,심사관은 특허출원에 대해 거절이유를 발견할 수 없는 경우 특허결정을 해야 한다. 특허결정이 있는 경우 특허청장은 그 특허결정의 등본을 출원인에게 송달해야 한다. 특허결정은 그 결정 등본이 송달된 때에 확정된다.
114,10-2019-0001092,1020190001092,1020190001092,,6,PR0701,설정등록,20210129,"특허권은 설정등록에 의해 발생하며, 특허결정이 된 후 출원인이 특허료를 납부하거나 보전한 경우 또는 추가납부하거나 특허료가 면제된 경우에 특허청장은 특허권을 설정하기 위한 등록을 해야 한다."
114,10-2019-0001092,1020190001092,1020190001092,,7,PR1002,등록료납부,20210129,"특허권의 설정등록을 받으려는 자는 설정등록받으려는 날 부터 3년분의 특허료를 납부한다.특허권의 설정등록을 받고자 하는자 또는 특허권자는 특허료 납부기간이 경과한 후에도 6개월 이내 특허료를 추가 납부할 수 있으며 특허료 추가 납부할 때에는 납부하여야 할 특허료의 2배 이내의 범위에서 납부해야한다. 추가납부기간 이내에 특허료를 납부하지 못한 경우에는 특허권리를 소멸하게 되는데, 이때 특허권자는 추가납부기간 만료일부터 3개월 이내에 특허료의 3배를 납부하고 그 소멸한 권리의 회복을 신청 할 수 있다."
114,10-2019-0001092,1020190001092,1020190001092,,8,PG1601,등록공고,20210203,특허권은 설정등록에 의해 발생하며 등록이 있는 때는 그 특허에 관하여 특허공보에 게재하여 등록공고를 하여야 한다. 비밀취급을 요하는 특허발명에 대하여는 비밀취급의 해제시까지 등록공고를 보류하며 그 비밀취급이 해제된 때에는 지체없이 등록공고를 하여야 하며 등록공고가 있는 날부터 3월간 출원서류 및 그 부속물건을 공중의 열람에 제공해야 한다.
115,10-2019-0001099,1020190001099,1020190001099,,1,PA0109,특허출원,20190104,특허를 받고자 하는 자는 특허가 담은 발명에 대한 서류를 작성한 특허출원서를 특허청장에게 제출하여야한다.
115,10-2019-0001099,1020190001099,1020190001099,,2,PA0201,심사청구,20190104,"특허출원 이후 3년 이내에 특허청장에게 그 특허출원에 관하여 출원심사의 청구를 할 수 있고, 다만, 제34조 및 제35조에 따른 정당한 권리자의 특허출원, 분할출원 또는 변경출원에 관하여는 그 기간이 지난 후에도 정당한 권리자가 특허출원을 한 날, 분할출원을 한 날 또는 변경출원을 한 날부터 각각 30일 이내에 출원심사 청구를 할 수 있다. 심사청구가 있을 시에 한하여 특허출원을 심사한다."
115,10-2019-0001099,1020190001099,1020190001099,,3,PE0701,등록결정,20200609,심사관은 특허출원에 대해 거절이유를 발견할 수 없는 경우 특허결정을 해야 한다. 특허결정이 있는 경우 특허청장은 그 특허결정의 등본을 출원인에게 송달해야 한다. 특허결정은 그 결정 등본이 송달된 때에 확정된다.
115,10-2019-0001099,1020190001099,1020190001099,,4,PE0902,거절이유통지,20191004,심사관은 특허법 제62조(특허거절결정)에 따라 특허거절결정을 하고자 할 때에는 출원인에게 거절이유를 통지하고 기간을 정하여 의견서를 제출할 기회를 주어야 한다. 다만 특허법 제51조(보정각하)에 따라 보정각하결정을 할때는 그러지 아니한다. 심사관이 행하는 거절이유통지는 2종류로 구분되며 그 종류에 따라 출원인이 할 수 있는 명세서 또는 도면의 보정 범위가 다르게 제한된다. 하나는 거절이유통지에 대한 보정에 따라 발생한 거절이유만을 통지하는 거절이유통지(최후거절이유통지)와 다른 하나는 출원인이 처음으로 받거나 최후거절이유통지가 아닌 거절이유통지(최초거절이유통지)를 말한다.
115,10-2019-0001099,1020190001099,1020190001099,,5,PG1601,등록공고,20200616,특허권은 설정등록에 의해 발생하며 등록이 있는 때는 그 특허에 관하여 특허공보에 게재하여 등록공고를 하여야 한다. 비밀취급을 요하는 특허발명에 대하여는 비밀취급의 해제시까지 등록공고를 보류하며 그 비밀취급이 해제된 때에는 지체없이 등록공고를 하여야 하며 등록공고가 있는 날부터 3월간 출원서류 및 그 부속물건을 공중의 열람에 제공해야 한다.
115,10-2019-0001099,1020190001099,1020190001099,,6,PR0701,설정등록,20200610,"특허권은 설정등록에 의해 발생하며, 특허결정이 된 후 출원인이 특허료를 납부하거나 보전한 경우 또는 추가납부하거나 특허료가 면제된 경우에 특허청장은 특허권을 설정하기 위한 등록을 해야 한다."
115,10-2019-0001099,1020190001099,1020190001099,,7,PR1002,등록료납부,20200610,"특허권의 설정등록을 받으려는 자는 설정등록받으려는 날 부터 3년분의 특허료를 납부한다.특허권의 설정등록을 받고자 하는자 또는 특허권자는 특허료 납부기간이 경과한 후에도 6개월 이내 특허료를 추가 납부할 수 있으며 특허료 추가 납부할 때에는 납부하여야 할 특허료의 2배 이내의 범위에서 납부해야한다. 추가납부기간 이내에 특허료를 납부하지 못한 경우에는 특허권리를 소멸하게 되는데, 이때 특허권자는 추가납부기간 만료일부터 3개월 이내에 특허료의 3배를 납부하고 그 소멸한 권리의 회복을 신청 할 수 있다."
115,10-2019-0001099,1020190001099,1020190001099,,8,PR1001,연차료납부,20230323,"특허법 제87조 1항에 따른 특허권의 설정등록을 받으려는 자는 설정등록을 받으려는 날부터 3년분의 특허료를 납부해야 하는데, 그 다음 연도분부터는 특허료를 해당 권리의 설정등록일에 해당하는 날을 기준으로 일정기간 내에 매년 1년분씩 납부함으로써 특허권을 유지한다. 연차료의 납부기간의 종류는 아래와 같다.정상납부기간(정상납부만료일 이전), 추가납부기간(추가납부안내서 발송 이후 6개월), 회복납부기간(권리소멸 시점부터 3개월 이내)"
116,10-2019-0107378,1020190107378,1020190107378,,1,PA0109,특허출원,20190830,특허를 받고자 하는 자는 특허가 담은 발명에 대한 서류를 작성한 특허출원서를 특허청장에게 제출하여야한다.
116,10-2019-0107378,1020190107378,1020190107378,,2,PA0201,심사청구,20190830,"특허출원 이후 3년 이내에 특허청장에게 그 특허출원에 관하여 출원심사의 청구를 할 수 있고, 다만, 제34조 및 제35조에 따른 정당한 권리자의 특허출원, 분할출원 또는 변경출원에 관하여는 그 기간이 지난 후에도 정당한 권리자가 특허출원을 한 날, 분할출원을 한 날 또는 변경출원을 한 날부터 각각 30일 이내에 출원심사 청구를 할 수 있다. 심사청구가 있을 시에 한하여 특허출원을 심사한다."
116,10-2019-0107378,1020190107378,1020190107378,,3,PE0601,특허거절결정,20210415,심사관은 특허출원이 특허법 제62조 각호의 어느 하나에 해당 할 경우 거절이유 통지 후 거절결정을 해야한다. 다만 거절결정전에 출원인은 심사관의 거절이유통지에 대응하여 의견서를 제출할수 있고 지정한 의견서 제출기간 이내에 보정서를 제출하여 명세서 또는 도면을 보정 할수 있다. 출원인이 의견서를 제출한 경우 제출된 의견서를 반영하여 거절이유가 유지될수 있는지 여부를 다시 심사한다. 만약 의견서 제출기간 이내에 보정서도 같이 제출한 경우에는 해당 보정서에 의한 보정사항을 반영하여 심사한다. 심사관은 의견서 및 보정사항을 반영하여 다시 심사한 후에도 거절이유통지에서 지적한 거절이유가 해소되지 않았다고 인정하는 경우 거절결정을 해야 한다.
116,10-2019-0107378,1020190107378,1020190107378,,4,PE0902,거절이유통지,20200608,심사관은 특허법 제62조(특허거절결정)에 따라 특허거절결정을 하고자 할 때에는 출원인에게 거절이유를 통지하고 기간을 정하여 의견서를 제출할 기회를 주어야 한다. 다만 특허법 제51조(보정각하)에 따라 보정각하결정을 할때는 그러지 아니한다. 심사관이 행하는 거절이유통지는 2종류로 구분되며 그 종류에 따라 출원인이 할 수 있는 명세서 또는 도면의 보정 범위가 다르게 제한된다. 하나는 거절이유통지에 대한 보정에 따라 발생한 거절이유만을 통지하는 거절이유통지(최후거절이유통지)와 다른 하나는 출원인이 처음으로 받거나 최후거절이유통지가 아닌 거절이유통지(최초거절이유통지)를 말한다.
116,10-2019-0107378,1020190107378,1020190107378,,5,PE0902,거절이유통지,20201118,심사관은 특허법 제62조(특허거절결정)에 따라 특허거절결정을 하고자 할 때에는 출원인에게 거절이유를 통지하고 기간을 정하여 의견서를 제출할 기회를 주어야 한다. 다만 특허법 제51조(보정각하)에 따라 보정각하결정을 할때는 그러지 아니한다. 심사관이 행하는 거절이유통지는 2종류로 구분되며 그 종류에 따라 출원인이 할 수 있는 명세서 또는 도면의 보정 범위가 다르게 제한된다. 하나는 거절이유통지에 대한 보정에 따라 발생한 거절이유만을 통지하는 거절이유통지(최후거절이유통지)와 다른 하나는 출원인이 처음으로 받거나 최후거절이유통지가 아닌 거절이유통지(최초거절이유통지)를 말한다.
116,10-2019-0107378,1020190107378,1020190107378,,6,PG1501,출원공개,20210310,"출원인의 신청에 의하여 조기공개신청  또는 특허출원 이후 1년 6개월 경과 후 심사여부와 관계없이 출원공개를 해야하며 이는  발명의 공개를 통해 제3자의 중복연구, 중복투자 및 중복출원을 방지하는 한편 기술이용의 기회를 제공한다."
116,10-2019-0107378,1020190107378,1020190107378,,7,PG1601,등록공고,20210625,특허권은 설정등록에 의해 발생하며 등록이 있는 때는 그 특허에 관하여 특허공보에 게재하여 등록공고를 하여야 한다. 비밀취급을 요하는 특허발명에 대하여는 비밀취급의 해제시까지 등록공고를 보류하며 그 비밀취급이 해제된 때에는 지체없이 등록공고를 하여야 하며 등록공고가 있는 날부터 3월간 출원서류 및 그 부속물건을 공중의 열람에 제공해야 한다.
116,10-2019-0107378,1020190107378,1020190107378,,8,PR0701,설정등록,20210622,"특허권은 설정등록에 의해 발생하며, 특허결정이 된 후 출원인이 특허료를 납부하거나 보전한 경우 또는 추가납부하거나 특허료가 면제된 경우에 특허청장은 특허권을 설정하기 위한 등록을 해야 한다."
116,10-2019-0107378,1020190107378,1020190107378,,9,PR1002,등록료납부,20210622,"특허권의 설정등록을 받으려는 자는 설정등록받으려는 날 부터 3년분의 특허료를 납부한다.특허권의 설정등록을 받고자 하는자 또는 특허권자는 특허료 납부기간이 경과한 후에도 6개월 이내 특허료를 추가 납부할 수 있으며 특허료 추가 납부할 때에는 납부하여야 할 특허료의 2배 이내의 범위에서 납부해야한다. 추가납부기간 이내에 특허료를 납부하지 못한 경우에는 특허권리를 소멸하게 되는데, 이때 특허권자는 추가납부기간 만료일부터 3개월 이내에 특허료의 3배를 납부하고 그 소멸한 권리의 회복을 신청 할 수 있다."
116,10-2019-0107378,1020190107378,1020190107378,,10,PX0701,재심사후 등록결정,20210617,심사관이 거절결정한 출원에 대하여 출원인이 거절결정등본을 송달받은 날부터 30일(법정기간이 연장된 경우에는 그 연장된 때까지) 이내에 명세서 또는 도면을 보정하면 심사관은 보정된 출원을 다시 심사 해야 한다. 심사관은 보정서를 반영하여 재심사한 결과 거절이유를 발견할 수 없는 경우 특허결정을 해야 한다.
116,10-2019-0107378,1020190107378,1020190107378,,11,PX0901,재심사,20210514,심사관이 거절결정한 출원에 대하여 출원인이 거절결정등본을 송달받은 날부터 30일(법정기간이 연장된 경우에는 그 연장된 때까지) 이내에 명세서 또는 도면을 보정하면 심사관은 보정된 출원을 다시 심사 해야 한다. 재심사청구된 경우 종전의 거절결정은 취소된 것으로 보므로 거절결정 전으로 돌아가 보정서가 제출된 통상의 심사와 동일하게 심사를 진행한다. 보정이 적법한 경우 보정사항을 반영하여 특허결정 또는 거절결정 여부를 결정한다. 보정이 부적법해 보정각하가 되면 바로 보정전 명세서를 심사대상으로 하여 심사를 계속 진행한다
116,10-2019-0107378,1020190107378,1020190107378,,12,PR1001,연차료납부,20240321,"특허법 제87조 1항에 따른 특허권의 설정등록을 받으려는 자는 설정등록을 받으려는 날부터 3년분의 특허료를 납부해야 하는데, 그 다음 연도분부터는 특허료를 해당 권리의 설정등록일에 해당하는 날을 기준으로 일정기간 내에 매년 1년분씩 납부함으로써 특허권을 유지한다. 연차료의 납부기간의 종류는 아래와 같다.정상납부기간(정상납부만료일 이전), 추가납부기간(추가납부안내서 발송 이후 6개월), 회복납부기간(권리소멸 시점부터 3개월 이내)"
117,10-2019-0142501,1020190142501,1020190142501,,1,PA0109,특허출원,20191108,특허를 받고자 하는 자는 특허가 담은 발명에 대한 서류를 작성한 특허출원서를 특허청장에게 제출하여야한다.
117,10-2019-0142501,1020190142501,1020190142501,,2,PA0201,심사청구,20191108,"특허출원 이후 3년 이내에 특허청장에게 그 특허출원에 관하여 출원심사의 청구를 할 수 있고, 다만, 제34조 및 제35조에 따른 정당한 권리자의 특허출원, 분할출원 또는 변경출원에 관하여는 그 기간이 지난 후에도 정당한 권리자가 특허출원을 한 날, 분할출원을 한 날 또는 변경출원을 한 날부터 각각 30일 이내에 출원심사 청구를 할 수 있다. 심사청구가 있을 시에 한하여 특허출원을 심사한다."
117,10-2019-0142501,1020190142501,1020190142501,,3,PE0701,등록결정,20210324,심사관은 특허출원에 대해 거절이유를 발견할 수 없는 경우 특허결정을 해야 한다. 특허결정이 있는 경우 특허청장은 그 특허결정의 등본을 출원인에게 송달해야 한다. 특허결정은 그 결정 등본이 송달된 때에 확정된다.
117,10-2019-0142501,1020190142501,1020190142501,,4,PE0902,거절이유통지,20200916,심사관은 특허법 제62조(특허거절결정)에 따라 특허거절결정을 하고자 할 때에는 출원인에게 거절이유를 통지하고 기간을 정하여 의견서를 제출할 기회를 주어야 한다. 다만 특허법 제51조(보정각하)에 따라 보정각하결정을 할때는 그러지 아니한다. 심사관이 행하는 거절이유통지는 2종류로 구분되며 그 종류에 따라 출원인이 할 수 있는 명세서 또는 도면의 보정 범위가 다르게 제한된다. 하나는 거절이유통지에 대한 보정에 따라 발생한 거절이유만을 통지하는 거절이유통지(최후거절이유통지)와 다른 하나는 출원인이 처음으로 받거나 최후거절이유통지가 아닌 거절이유통지(최초거절이유통지)를 말한다.
117,10-2019-0142501,1020190142501,1020190142501,,5,PG1601,등록공고,20210330,특허권은 설정등록에 의해 발생하며 등록이 있는 때는 그 특허에 관하여 특허공보에 게재하여 등록공고를 하여야 한다. 비밀취급을 요하는 특허발명에 대하여는 비밀취급의 해제시까지 등록공고를 보류하며 그 비밀취급이 해제된 때에는 지체없이 등록공고를 하여야 하며 등록공고가 있는 날부터 3월간 출원서류 및 그 부속물건을 공중의 열람에 제공해야 한다.
117,10-2019-0142501,1020190142501,1020190142501,,6,PR0701,설정등록,20210325,"특허권은 설정등록에 의해 발생하며, 특허결정이 된 후 출원인이 특허료를 납부하거나 보전한 경우 또는 추가납부하거나 특허료가 면제된 경우에 특허청장은 특허권을 설정하기 위한 등록을 해야 한다."
117,10-2019-0142501,1020190142501,1020190142501,,7,PR1002,등록료납부,20210325,"특허권의 설정등록을 받으려는 자는 설정등록받으려는 날 부터 3년분의 특허료를 납부한다.특허권의 설정등록을 받고자 하는자 또는 특허권자는 특허료 납부기간이 경과한 후에도 6개월 이내 특허료를 추가 납부할 수 있으며 특허료 추가 납부할 때에는 납부하여야 할 특허료의 2배 이내의 범위에서 납부해야한다. 추가납부기간 이내에 특허료를 납부하지 못한 경우에는 특허권리를 소멸하게 되는데, 이때 특허권자는 추가납부기간 만료일부터 3개월 이내에 특허료의 3배를 납부하고 그 소멸한 권리의 회복을 신청 할 수 있다."
118,10-2020-0010192,1020200010192,1020200010192,,1,PA0109,특허출원,20200129,특허를 받고자 하는 자는 특허가 담은 발명에 대한 서류를 작성한 특허출원서를 특허청장에게 제출하여야한다.
118,10-2020-0010192,1020200010192,1020200010192,,2,PA0201,심사청구,20200129,"특허출원 이후 3년 이내에 특허청장에게 그 특허출원에 관하여 출원심사의 청구를 할 수 있고, 다만, 제34조 및 제35조에 따른 정당한 권리자의 특허출원, 분할출원 또는 변경출원에 관하여는 그 기간이 지난 후에도 정당한 권리자가 특허출원을 한 날, 분할출원을 한 날 또는 변경출원을 한 날부터 각각 30일 이내에 출원심사 청구를 할 수 있다. 심사청구가 있을 시에 한하여 특허출원을 심사한다."
118,10-2020-0010192,1020200010192,1020200010192,,3,PE0902,거절이유통지,20201224,심사관은 특허법 제62조(특허거절결정)에 따라 특허거절결정을 하고자 할 때에는 출원인에게 거절이유를 통지하고 기간을 정하여 의견서를 제출할 기회를 주어야 한다. 다만 특허법 제51조(보정각하)에 따라 보정각하결정을 할때는 그러지 아니한다. 심사관이 행하는 거절이유통지는 2종류로 구분되며 그 종류에 따라 출원인이 할 수 있는 명세서 또는 도면의 보정 범위가 다르게 제한된다. 하나는 거절이유통지에 대한 보정에 따라 발생한 거절이유만을 통지하는 거절이유통지(최후거절이유통지)와 다른 하나는 출원인이 처음으로 받거나 최후거절이유통지가 아닌 거절이유통지(최초거절이유통지)를 말한다.
118,10-2020-0010192,1020200010192,1020200010192,,4,PE0902,거절이유통지,20210622,심사관은 특허법 제62조(특허거절결정)에 따라 특허거절결정을 하고자 할 때에는 출원인에게 거절이유를 통지하고 기간을 정하여 의견서를 제출할 기회를 주어야 한다. 다만 특허법 제51조(보정각하)에 따라 보정각하결정을 할때는 그러지 아니한다. 심사관이 행하는 거절이유통지는 2종류로 구분되며 그 종류에 따라 출원인이 할 수 있는 명세서 또는 도면의 보정 범위가 다르게 제한된다. 하나는 거절이유통지에 대한 보정에 따라 발생한 거절이유만을 통지하는 거절이유통지(최후거절이유통지)와 다른 하나는 출원인이 처음으로 받거나 최후거절이유통지가 아닌 거절이유통지(최초거절이유통지)를 말한다.
118,10-2020-0010192,1020200010192,1020200010192,,5,PG1501,출원공개,20210806,"출원인의 신청에 의하여 조기공개신청  또는 특허출원 이후 1년 6개월 경과 후 심사여부와 관계없이 출원공개를 해야하며 이는  발명의 공개를 통해 제3자의 중복연구, 중복투자 및 중복출원을 방지하는 한편 기술이용의 기회를 제공한다."
118,10-2020-0010192,1020200010192,1020200010192,,6,PE0902,거절이유통지,20211216,심사관은 특허법 제62조(특허거절결정)에 따라 특허거절결정을 하고자 할 때에는 출원인에게 거절이유를 통지하고 기간을 정하여 의견서를 제출할 기회를 주어야 한다. 다만 특허법 제51조(보정각하)에 따라 보정각하결정을 할때는 그러지 아니한다. 심사관이 행하는 거절이유통지는 2종류로 구분되며 그 종류에 따라 출원인이 할 수 있는 명세서 또는 도면의 보정 범위가 다르게 제한된다. 하나는 거절이유통지에 대한 보정에 따라 발생한 거절이유만을 통지하는 거절이유통지(최후거절이유통지)와 다른 하나는 출원인이 처음으로 받거나 최후거절이유통지가 아닌 거절이유통지(최초거절이유통지)를 말한다.
118,10-2020-0010192,1020200010192,1020200010192,,7,PE0902,거절이유통지,20220425,심사관은 특허법 제62조(특허거절결정)에 따라 특허거절결정을 하고자 할 때에는 출원인에게 거절이유를 통지하고 기간을 정하여 의견서를 제출할 기회를 주어야 한다. 다만 특허법 제51조(보정각하)에 따라 보정각하결정을 할때는 그러지 아니한다. 심사관이 행하는 거절이유통지는 2종류로 구분되며 그 종류에 따라 출원인이 할 수 있는 명세서 또는 도면의 보정 범위가 다르게 제한된다. 하나는 거절이유통지에 대한 보정에 따라 발생한 거절이유만을 통지하는 거절이유통지(최후거절이유통지)와 다른 하나는 출원인이 처음으로 받거나 최후거절이유통지가 아닌 거절이유통지(최초거절이유통지)를 말한다.
118,10-2020-0010192,1020200010192,1020200010192,,8,PE0701,등록결정,20220728,심사관은 특허출원에 대해 거절이유를 발견할 수 없는 경우 특허결정을 해야 한다. 특허결정이 있는 경우 특허청장은 그 특허결정의 등본을 출원인에게 송달해야 한다. 특허결정은 그 결정 등본이 송달된 때에 확정된다.
118,10-2020-0010192,1020200010192,1020200010192,,9,PR0701,설정등록,20220729,"특허권은 설정등록에 의해 발생하며, 특허결정이 된 후 출원인이 특허료를 납부하거나 보전한 경우 또는 추가납부하거나 특허료가 면제된 경우에 특허청장은 특허권을 설정하기 위한 등록을 해야 한다."
118,10-2020-0010192,1020200010192,1020200010192,,10,PR1002,등록료납부,20220729,"특허권의 설정등록을 받으려는 자는 설정등록받으려는 날 부터 3년분의 특허료를 납부한다.특허권의 설정등록을 받고자 하는자 또는 특허권자는 특허료 납부기간이 경과한 후에도 6개월 이내 특허료를 추가 납부할 수 있으며 특허료 추가 납부할 때에는 납부하여야 할 특허료의 2배 이내의 범위에서 납부해야한다. 추가납부기간 이내에 특허료를 납부하지 못한 경우에는 특허권리를 소멸하게 되는데, 이때 특허권자는 추가납부기간 만료일부터 3개월 이내에 특허료의 3배를 납부하고 그 소멸한 권리의 회복을 신청 할 수 있다."
118,10-2020-0010192,1020200010192,1020200010192,,11,PG1601,등록공고,20220802,특허권은 설정등록에 의해 발생하며 등록이 있는 때는 그 특허에 관하여 특허공보에 게재하여 등록공고를 하여야 한다. 비밀취급을 요하는 특허발명에 대하여는 비밀취급의 해제시까지 등록공고를 보류하며 그 비밀취급이 해제된 때에는 지체없이 등록공고를 하여야 하며 등록공고가 있는 날부터 3월간 출원서류 및 그 부속물건을 공중의 열람에 제공해야 한다.
119,10-2020-0042790,1020200042790,1020200042790,,1,PA0109,특허출원,20200408,특허를 받고자 하는 자는 특허가 담은 발명에 대한 서류를 작성한 특허출원서를 특허청장에게 제출하여야한다.
119,10-2020-0042790,1020200042790,1020200042790,,2,PA0201,심사청구,20200408,"특허출원 이후 3년 이내에 특허청장에게 그 특허출원에 관하여 출원심사의 청구를 할 수 있고, 다만, 제34조 및 제35조에 따른 정당한 권리자의 특허출원, 분할출원 또는 변경출원에 관하여는 그 기간이 지난 후에도 정당한 권리자가 특허출원을 한 날, 분할출원을 한 날 또는 변경출원을 한 날부터 각각 30일 이내에 출원심사 청구를 할 수 있다. 심사청구가 있을 시에 한하여 특허출원을 심사한다."
119,10-2020-0042790,1020200042790,1020200042790,,3,PG1501,출원공개,20211018,"출원인의 신청에 의하여 조기공개신청  또는 특허출원 이후 1년 6개월 경과 후 심사여부와 관계없이 출원공개를 해야하며 이는  발명의 공개를 통해 제3자의 중복연구, 중복투자 및 중복출원을 방지하는 한편 기술이용의 기회를 제공한다."
119,10-2020-0042790,1020200042790,1020200042790,,4,PE0902,거절이유통지,20220523,심사관은 특허법 제62조(특허거절결정)에 따라 특허거절결정을 하고자 할 때에는 출원인에게 거절이유를 통지하고 기간을 정하여 의견서를 제출할 기회를 주어야 한다. 다만 특허법 제51조(보정각하)에 따라 보정각하결정을 할때는 그러지 아니한다. 심사관이 행하는 거절이유통지는 2종류로 구분되며 그 종류에 따라 출원인이 할 수 있는 명세서 또는 도면의 보정 범위가 다르게 제한된다. 하나는 거절이유통지에 대한 보정에 따라 발생한 거절이유만을 통지하는 거절이유통지(최후거절이유통지)와 다른 하나는 출원인이 처음으로 받거나 최후거절이유통지가 아닌 거절이유통지(최초거절이유통지)를 말한다.
119,10-2020-0042790,1020200042790,1020200042790,,5,PE0701,등록결정,20221130,심사관은 특허출원에 대해 거절이유를 발견할 수 없는 경우 특허결정을 해야 한다. 특허결정이 있는 경우 특허청장은 그 특허결정의 등본을 출원인에게 송달해야 한다. 특허결정은 그 결정 등본이 송달된 때에 확정된다.
119,10-2020-0042790,1020200042790,1020200042790,,6,PG1601,등록공고,20221209,특허권은 설정등록에 의해 발생하며 등록이 있는 때는 그 특허에 관하여 특허공보에 게재하여 등록공고를 하여야 한다. 비밀취급을 요하는 특허발명에 대하여는 비밀취급의 해제시까지 등록공고를 보류하며 그 비밀취급이 해제된 때에는 지체없이 등록공고를 하여야 하며 등록공고가 있는 날부터 3월간 출원서류 및 그 부속물건을 공중의 열람에 제공해야 한다.
119,10-2020-0042790,1020200042790,1020200042790,,7,PR0701,설정등록,20221207,"특허권은 설정등록에 의해 발생하며, 특허결정이 된 후 출원인이 특허료를 납부하거나 보전한 경우 또는 추가납부하거나 특허료가 면제된 경우에 특허청장은 특허권을 설정하기 위한 등록을 해야 한다."
119,10-2020-0042790,1020200042790,1020200042790,,8,PR1002,등록료납부,20221207,"특허권의 설정등록을 받으려는 자는 설정등록받으려는 날 부터 3년분의 특허료를 납부한다.특허권의 설정등록을 받고자 하는자 또는 특허권자는 특허료 납부기간이 경과한 후에도 6개월 이내 특허료를 추가 납부할 수 있으며 특허료 추가 납부할 때에는 납부하여야 할 특허료의 2배 이내의 범위에서 납부해야한다. 추가납부기간 이내에 특허료를 납부하지 못한 경우에는 특허권리를 소멸하게 되는데, 이때 특허권자는 추가납부기간 만료일부터 3개월 이내에 특허료의 3배를 납부하고 그 소멸한 권리의 회복을 신청 할 수 있다."
120,10-2020-0049324,1020200049324,1020200049324,,1,PA0109,특허출원,20200423,특허를 받고자 하는 자는 특허가 담은 발명에 대한 서류를 작성한 특허출원서를 특허청장에게 제출하여야한다.
120,10-2020-0049324,1020200049324,1020200049324,,2,PA0201,심사청구,20200423,"특허출원 이후 3년 이내에 특허청장에게 그 특허출원에 관하여 출원심사의 청구를 할 수 있고, 다만, 제34조 및 제35조에 따른 정당한 권리자의 특허출원, 분할출원 또는 변경출원에 관하여는 그 기간이 지난 후에도 정당한 권리자가 특허출원을 한 날, 분할출원을 한 날 또는 변경출원을 한 날부터 각각 30일 이내에 출원심사 청구를 할 수 있다. 심사청구가 있을 시에 한하여 특허출원을 심사한다."
120,10-2020-0049324,1020200049324,1020200049324,,3,PE0902,거절이유통지,20210830,심사관은 특허법 제62조(특허거절결정)에 따라 특허거절결정을 하고자 할 때에는 출원인에게 거절이유를 통지하고 기간을 정하여 의견서를 제출할 기회를 주어야 한다. 다만 특허법 제51조(보정각하)에 따라 보정각하결정을 할때는 그러지 아니한다. 심사관이 행하는 거절이유통지는 2종류로 구분되며 그 종류에 따라 출원인이 할 수 있는 명세서 또는 도면의 보정 범위가 다르게 제한된다. 하나는 거절이유통지에 대한 보정에 따라 발생한 거절이유만을 통지하는 거절이유통지(최후거절이유통지)와 다른 하나는 출원인이 처음으로 받거나 최후거절이유통지가 아닌 거절이유통지(최초거절이유통지)를 말한다.
120,10-2020-0049324,1020200049324,1020200049324,,4,PG1501,출원공개,20211102,"출원인의 신청에 의하여 조기공개신청  또는 특허출원 이후 1년 6개월 경과 후 심사여부와 관계없이 출원공개를 해야하며 이는  발명의 공개를 통해 제3자의 중복연구, 중복투자 및 중복출원을 방지하는 한편 기술이용의 기회를 제공한다."
120,10-2020-0049324,1020200049324,1020200049324,,5,PE0701,등록결정,20220330,심사관은 특허출원에 대해 거절이유를 발견할 수 없는 경우 특허결정을 해야 한다. 특허결정이 있는 경우 특허청장은 그 특허결정의 등본을 출원인에게 송달해야 한다. 특허결정은 그 결정 등본이 송달된 때에 확정된다.
120,10-2020-0049324,1020200049324,1020200049324,,6,PR0701,설정등록,20220401,"특허권은 설정등록에 의해 발생하며, 특허결정이 된 후 출원인이 특허료를 납부하거나 보전한 경우 또는 추가납부하거나 특허료가 면제된 경우에 특허청장은 특허권을 설정하기 위한 등록을 해야 한다."
120,10-2020-0049324,1020200049324,1020200049324,,7,PR1002,등록료납부,20220401,"특허권의 설정등록을 받으려는 자는 설정등록받으려는 날 부터 3년분의 특허료를 납부한다.특허권의 설정등록을 받고자 하는자 또는 특허권자는 특허료 납부기간이 경과한 후에도 6개월 이내 특허료를 추가 납부할 수 있으며 특허료 추가 납부할 때에는 납부하여야 할 특허료의 2배 이내의 범위에서 납부해야한다. 추가납부기간 이내에 특허료를 납부하지 못한 경우에는 특허권리를 소멸하게 되는데, 이때 특허권자는 추가납부기간 만료일부터 3개월 이내에 특허료의 3배를 납부하고 그 소멸한 권리의 회복을 신청 할 수 있다."
120,10-2020-0049324,1020200049324,1020200049324,,8,PG1601,등록공고,20220405,특허권은 설정등록에 의해 발생하며 등록이 있는 때는 그 특허에 관하여 특허공보에 게재하여 등록공고를 하여야 한다. 비밀취급을 요하는 특허발명에 대하여는 비밀취급의 해제시까지 등록공고를 보류하며 그 비밀취급이 해제된 때에는 지체없이 등록공고를 하여야 하며 등록공고가 있는 날부터 3월간 출원서류 및 그 부속물건을 공중의 열람에 제공해야 한다.
121,10-2020-0108235,1020200108235,1020200108235,,1,PA0109,특허출원,20200827,특허를 받고자 하는 자는 특허가 담은 발명에 대한 서류를 작성한 특허출원서를 특허청장에게 제출하여야한다.
121,10-2020-0108235,1020200108235,1020200108235,,2,PA0201,심사청구,20200827,"특허출원 이후 3년 이내에 특허청장에게 그 특허출원에 관하여 출원심사의 청구를 할 수 있고, 다만, 제34조 및 제35조에 따른 정당한 권리자의 특허출원, 분할출원 또는 변경출원에 관하여는 그 기간이 지난 후에도 정당한 권리자가 특허출원을 한 날, 분할출원을 한 날 또는 변경출원을 한 날부터 각각 30일 이내에 출원심사 청구를 할 수 있다. 심사청구가 있을 시에 한하여 특허출원을 심사한다."
121,10-2020-0108235,1020200108235,1020200108235,,3,PE0902,거절이유통지,20220110,심사관은 특허법 제62조(특허거절결정)에 따라 특허거절결정을 하고자 할 때에는 출원인에게 거절이유를 통지하고 기간을 정하여 의견서를 제출할 기회를 주어야 한다. 다만 특허법 제51조(보정각하)에 따라 보정각하결정을 할때는 그러지 아니한다. 심사관이 행하는 거절이유통지는 2종류로 구분되며 그 종류에 따라 출원인이 할 수 있는 명세서 또는 도면의 보정 범위가 다르게 제한된다. 하나는 거절이유통지에 대한 보정에 따라 발생한 거절이유만을 통지하는 거절이유통지(최후거절이유통지)와 다른 하나는 출원인이 처음으로 받거나 최후거절이유통지가 아닌 거절이유통지(최초거절이유통지)를 말한다.
121,10-2020-0108235,1020200108235,1020200108235,,4,PG1501,출원공개,20220308,"출원인의 신청에 의하여 조기공개신청  또는 특허출원 이후 1년 6개월 경과 후 심사여부와 관계없이 출원공개를 해야하며 이는  발명의 공개를 통해 제3자의 중복연구, 중복투자 및 중복출원을 방지하는 한편 기술이용의 기회를 제공한다."
121,10-2020-0108235,1020200108235,1020200108235,,5,PE0701,등록결정,20220727,심사관은 특허출원에 대해 거절이유를 발견할 수 없는 경우 특허결정을 해야 한다. 특허결정이 있는 경우 특허청장은 그 특허결정의 등본을 출원인에게 송달해야 한다. 특허결정은 그 결정 등본이 송달된 때에 확정된다.
121,10-2020-0108235,1020200108235,1020200108235,,6,PR0701,설정등록,20220729,"특허권은 설정등록에 의해 발생하며, 특허결정이 된 후 출원인이 특허료를 납부하거나 보전한 경우 또는 추가납부하거나 특허료가 면제된 경우에 특허청장은 특허권을 설정하기 위한 등록을 해야 한다."
121,10-2020-0108235,1020200108235,1020200108235,,7,PR1002,등록료납부,20220729,"특허권의 설정등록을 받으려는 자는 설정등록받으려는 날 부터 3년분의 특허료를 납부한다.특허권의 설정등록을 받고자 하는자 또는 특허권자는 특허료 납부기간이 경과한 후에도 6개월 이내 특허료를 추가 납부할 수 있으며 특허료 추가 납부할 때에는 납부하여야 할 특허료의 2배 이내의 범위에서 납부해야한다. 추가납부기간 이내에 특허료를 납부하지 못한 경우에는 특허권리를 소멸하게 되는데, 이때 특허권자는 추가납부기간 만료일부터 3개월 이내에 특허료의 3배를 납부하고 그 소멸한 권리의 회복을 신청 할 수 있다."
121,10-2020-0108235,1020200108235,1020200108235,,8,PG1601,등록공고,20220802,특허권은 설정등록에 의해 발생하며 등록이 있는 때는 그 특허에 관하여 특허공보에 게재하여 등록공고를 하여야 한다. 비밀취급을 요하는 특허발명에 대하여는 비밀취급의 해제시까지 등록공고를 보류하며 그 비밀취급이 해제된 때에는 지체없이 등록공고를 하여야 하며 등록공고가 있는 날부터 3월간 출원서류 및 그 부속물건을 공중의 열람에 제공해야 한다.
122,10-2020-0108998,1020200108998,1020200108998,,1,PA0109,특허출원,20200828,특허를 받고자 하는 자는 특허가 담은 발명에 대한 서류를 작성한 특허출원서를 특허청장에게 제출하여야한다.
122,10-2020-0108998,1020200108998,1020200108998,,2,PA0201,심사청구,20200828,"특허출원 이후 3년 이내에 특허청장에게 그 특허출원에 관하여 출원심사의 청구를 할 수 있고, 다만, 제34조 및 제35조에 따른 정당한 권리자의 특허출원, 분할출원 또는 변경출원에 관하여는 그 기간이 지난 후에도 정당한 권리자가 특허출원을 한 날, 분할출원을 한 날 또는 변경출원을 한 날부터 각각 30일 이내에 출원심사 청구를 할 수 있다. 심사청구가 있을 시에 한하여 특허출원을 심사한다."
122,10-2020-0108998,1020200108998,1020200108998,,3,PE0701,등록결정,20220302,심사관은 특허출원에 대해 거절이유를 발견할 수 없는 경우 특허결정을 해야 한다. 특허결정이 있는 경우 특허청장은 그 특허결정의 등본을 출원인에게 송달해야 한다. 특허결정은 그 결정 등본이 송달된 때에 확정된다.
122,10-2020-0108998,1020200108998,1020200108998,,4,PE0902,거절이유통지,20211129,심사관은 특허법 제62조(특허거절결정)에 따라 특허거절결정을 하고자 할 때에는 출원인에게 거절이유를 통지하고 기간을 정하여 의견서를 제출할 기회를 주어야 한다. 다만 특허법 제51조(보정각하)에 따라 보정각하결정을 할때는 그러지 아니한다. 심사관이 행하는 거절이유통지는 2종류로 구분되며 그 종류에 따라 출원인이 할 수 있는 명세서 또는 도면의 보정 범위가 다르게 제한된다. 하나는 거절이유통지에 대한 보정에 따라 발생한 거절이유만을 통지하는 거절이유통지(최후거절이유통지)와 다른 하나는 출원인이 처음으로 받거나 최후거절이유통지가 아닌 거절이유통지(최초거절이유통지)를 말한다.
122,10-2020-0108998,1020200108998,1020200108998,,5,PG1601,등록공고,20220308,특허권은 설정등록에 의해 발생하며 등록이 있는 때는 그 특허에 관하여 특허공보에 게재하여 등록공고를 하여야 한다. 비밀취급을 요하는 특허발명에 대하여는 비밀취급의 해제시까지 등록공고를 보류하며 그 비밀취급이 해제된 때에는 지체없이 등록공고를 하여야 하며 등록공고가 있는 날부터 3월간 출원서류 및 그 부속물건을 공중의 열람에 제공해야 한다.
122,10-2020-0108998,1020200108998,1020200108998,,6,PR0701,설정등록,20220304,"특허권은 설정등록에 의해 발생하며, 특허결정이 된 후 출원인이 특허료를 납부하거나 보전한 경우 또는 추가납부하거나 특허료가 면제된 경우에 특허청장은 특허권을 설정하기 위한 등록을 해야 한다."
122,10-2020-0108998,1020200108998,1020200108998,,7,PR1002,등록료납부,20220304,"특허권의 설정등록을 받으려는 자는 설정등록받으려는 날 부터 3년분의 특허료를 납부한다.특허권의 설정등록을 받고자 하는자 또는 특허권자는 특허료 납부기간이 경과한 후에도 6개월 이내 특허료를 추가 납부할 수 있으며 특허료 추가 납부할 때에는 납부하여야 할 특허료의 2배 이내의 범위에서 납부해야한다. 추가납부기간 이내에 특허료를 납부하지 못한 경우에는 특허권리를 소멸하게 되는데, 이때 특허권자는 추가납부기간 만료일부터 3개월 이내에 특허료의 3배를 납부하고 그 소멸한 권리의 회복을 신청 할 수 있다."
122,10-2020-0108998,1020200108998,1020200108998,,8,PR1001,연차료납부,20241219,"특허법 제87조 1항에 따른 특허권의 설정등록을 받으려는 자는 설정등록을 받으려는 날부터 3년분의 특허료를 납부해야 하는데, 그 다음 연도분부터는 특허료를 해당 권리의 설정등록일에 해당하는 날을 기준으로 일정기간 내에 매년 1년분씩 납부함으로써 특허권을 유지한다. 연차료의 납부기간의 종류는 아래와 같다.정상납부기간(정상납부만료일 이전), 추가납부기간(추가납부안내서 발송 이후 6개월), 회복납부기간(권리소멸 시점부터 3개월 이내)"
123,10-2020-0176766,1020200176766,1020200176766,,1,PA0109,특허출원,20201216,특허를 받고자 하는 자는 특허가 담은 발명에 대한 서류를 작성한 특허출원서를 특허청장에게 제출하여야한다.
123,10-2020-0176766,1020200176766,1020200176766,,2,PA0201,심사청구,20201216,"특허출원 이후 3년 이내에 특허청장에게 그 특허출원에 관하여 출원심사의 청구를 할 수 있고, 다만, 제34조 및 제35조에 따른 정당한 권리자의 특허출원, 분할출원 또는 변경출원에 관하여는 그 기간이 지난 후에도 정당한 권리자가 특허출원을 한 날, 분할출원을 한 날 또는 변경출원을 한 날부터 각각 30일 이내에 출원심사 청구를 할 수 있다. 심사청구가 있을 시에 한하여 특허출원을 심사한다."
123,10-2020-0176766,1020200176766,1020200176766,,3,PA0302,우선심사신청,20201218,"특허출원인이 아닌 자가 업으로서 특허출원된 발명을 실시하고 있다고 인정되거나 대통령령이 정하는 특허출원으로서 긴급처리가 필요하다고 인정되는 경우 우선심사를 신청할 수 있고, 신청사유가 타당할 시 해당하는 특허출원에 대하여 심사관으로 하여금 다른 특허출원에 우선하여 심사하게 하도록 우선심사신청을 한다."
123,10-2020-0176766,1020200176766,1020200176766,,4,PE0701,등록결정,20210317,심사관은 특허출원에 대해 거절이유를 발견할 수 없는 경우 특허결정을 해야 한다. 특허결정이 있는 경우 특허청장은 그 특허결정의 등본을 출원인에게 송달해야 한다. 특허결정은 그 결정 등본이 송달된 때에 확정된다.
123,10-2020-0176766,1020200176766,1020200176766,,5,PG1601,등록공고,20210330,특허권은 설정등록에 의해 발생하며 등록이 있는 때는 그 특허에 관하여 특허공보에 게재하여 등록공고를 하여야 한다. 비밀취급을 요하는 특허발명에 대하여는 비밀취급의 해제시까지 등록공고를 보류하며 그 비밀취급이 해제된 때에는 지체없이 등록공고를 하여야 하며 등록공고가 있는 날부터 3월간 출원서류 및 그 부속물건을 공중의 열람에 제공해야 한다.
123,10-2020-0176766,1020200176766,1020200176766,,6,PR0701,설정등록,20210323,"특허권은 설정등록에 의해 발생하며, 특허결정이 된 후 출원인이 특허료를 납부하거나 보전한 경우 또는 추가납부하거나 특허료가 면제된 경우에 특허청장은 특허권을 설정하기 위한 등록을 해야 한다."
123,10-2020-0176766,1020200176766,1020200176766,,7,PR1002,등록료납부,20210323,"특허권의 설정등록을 받으려는 자는 설정등록받으려는 날 부터 3년분의 특허료를 납부한다.특허권의 설정등록을 받고자 하는자 또는 특허권자는 특허료 납부기간이 경과한 후에도 6개월 이내 특허료를 추가 납부할 수 있으며 특허료 추가 납부할 때에는 납부하여야 할 특허료의 2배 이내의 범위에서 납부해야한다. 추가납부기간 이내에 특허료를 납부하지 못한 경우에는 특허권리를 소멸하게 되는데, 이때 특허권자는 추가납부기간 만료일부터 3개월 이내에 특허료의 3배를 납부하고 그 소멸한 권리의 회복을 신청 할 수 있다."
123,10-2020-0176766,1020200176766,1020200176766,,8,PR1001,연차료납부,20240119,"특허법 제87조 1항에 따른 특허권의 설정등록을 받으려는 자는 설정등록을 받으려는 날부터 3년분의 특허료를 납부해야 하는데, 그 다음 연도분부터는 특허료를 해당 권리의 설정등록일에 해당하는 날을 기준으로 일정기간 내에 매년 1년분씩 납부함으로써 특허권을 유지한다. 연차료의 납부기간의 종류는 아래와 같다.정상납부기간(정상납부만료일 이전), 추가납부기간(추가납부안내서 발송 이후 6개월), 회복납부기간(권리소멸 시점부터 3개월 이내)"
124,10-2021-0050836,1020210050836,1020210050836,,1,PA0109,특허출원,20210420,특허를 받고자 하는 자는 특허가 담은 발명에 대한 서류를 작성한 특허출원서를 특허청장에게 제출하여야한다.
124,10-2021-0050836,1020210050836,1020210050836,,2,PA0201,심사청구,20210420,"특허출원 이후 3년 이내에 특허청장에게 그 특허출원에 관하여 출원심사의 청구를 할 수 있고, 다만, 제34조 및 제35조에 따른 정당한 권리자의 특허출원, 분할출원 또는 변경출원에 관하여는 그 기간이 지난 후에도 정당한 권리자가 특허출원을 한 날, 분할출원을 한 날 또는 변경출원을 한 날부터 각각 30일 이내에 출원심사 청구를 할 수 있다. 심사청구가 있을 시에 한하여 특허출원을 심사한다."
124,10-2021-0050836,1020210050836,1020210050836,,3,PE0701,등록결정,20220921,심사관은 특허출원에 대해 거절이유를 발견할 수 없는 경우 특허결정을 해야 한다. 특허결정이 있는 경우 특허청장은 그 특허결정의 등본을 출원인에게 송달해야 한다. 특허결정은 그 결정 등본이 송달된 때에 확정된다.
124,10-2021-0050836,1020210050836,1020210050836,,4,PE0902,거절이유통지,20220322,심사관은 특허법 제62조(특허거절결정)에 따라 특허거절결정을 하고자 할 때에는 출원인에게 거절이유를 통지하고 기간을 정하여 의견서를 제출할 기회를 주어야 한다. 다만 특허법 제51조(보정각하)에 따라 보정각하결정을 할때는 그러지 아니한다. 심사관이 행하는 거절이유통지는 2종류로 구분되며 그 종류에 따라 출원인이 할 수 있는 명세서 또는 도면의 보정 범위가 다르게 제한된다. 하나는 거절이유통지에 대한 보정에 따라 발생한 거절이유만을 통지하는 거절이유통지(최후거절이유통지)와 다른 하나는 출원인이 처음으로 받거나 최후거절이유통지가 아닌 거절이유통지(최초거절이유통지)를 말한다.
124,10-2021-0050836,1020210050836,1020210050836,,5,PG1601,등록공고,20220927,특허권은 설정등록에 의해 발생하며 등록이 있는 때는 그 특허에 관하여 특허공보에 게재하여 등록공고를 하여야 한다. 비밀취급을 요하는 특허발명에 대하여는 비밀취급의 해제시까지 등록공고를 보류하며 그 비밀취급이 해제된 때에는 지체없이 등록공고를 하여야 하며 등록공고가 있는 날부터 3월간 출원서류 및 그 부속물건을 공중의 열람에 제공해야 한다.
124,10-2021-0050836,1020210050836,1020210050836,,6,PR0701,설정등록,20220923,"특허권은 설정등록에 의해 발생하며, 특허결정이 된 후 출원인이 특허료를 납부하거나 보전한 경우 또는 추가납부하거나 특허료가 면제된 경우에 특허청장은 특허권을 설정하기 위한 등록을 해야 한다."
124,10-2021-0050836,1020210050836,1020210050836,,7,PR1002,등록료납부,20220923,"특허권의 설정등록을 받으려는 자는 설정등록받으려는 날 부터 3년분의 특허료를 납부한다.특허권의 설정등록을 받고자 하는자 또는 특허권자는 특허료 납부기간이 경과한 후에도 6개월 이내 특허료를 추가 납부할 수 있으며 특허료 추가 납부할 때에는 납부하여야 할 특허료의 2배 이내의 범위에서 납부해야한다. 추가납부기간 이내에 특허료를 납부하지 못한 경우에는 특허권리를 소멸하게 되는데, 이때 특허권자는 추가납부기간 만료일부터 3개월 이내에 특허료의 3배를 납부하고 그 소멸한 권리의 회복을 신청 할 수 있다."
125,10-2021-0087601,1020210087601,1020210087601,,1,PA0109,특허출원,20210705,특허를 받고자 하는 자는 특허가 담은 발명에 대한 서류를 작성한 특허출원서를 특허청장에게 제출하여야한다.
125,10-2021-0087601,1020210087601,1020210087601,,2,PA0201,심사청구,20210705,"특허출원 이후 3년 이내에 특허청장에게 그 특허출원에 관하여 출원심사의 청구를 할 수 있고, 다만, 제34조 및 제35조에 따른 정당한 권리자의 특허출원, 분할출원 또는 변경출원에 관하여는 그 기간이 지난 후에도 정당한 권리자가 특허출원을 한 날, 분할출원을 한 날 또는 변경출원을 한 날부터 각각 30일 이내에 출원심사 청구를 할 수 있다. 심사청구가 있을 시에 한하여 특허출원을 심사한다."
125,10-2021-0087601,1020210087601,1020210087601,,3,PG1501,출원공개,20230112,"출원인의 신청에 의하여 조기공개신청  또는 특허출원 이후 1년 6개월 경과 후 심사여부와 관계없이 출원공개를 해야하며 이는  발명의 공개를 통해 제3자의 중복연구, 중복투자 및 중복출원을 방지하는 한편 기술이용의 기회를 제공한다."
125,10-2021-0087601,1020210087601,1020210087601,,4,PE0902,거절이유통지,20240124,심사관은 특허법 제62조(특허거절결정)에 따라 특허거절결정을 하고자 할 때에는 출원인에게 거절이유를 통지하고 기간을 정하여 의견서를 제출할 기회를 주어야 한다. 다만 특허법 제51조(보정각하)에 따라 보정각하결정을 할때는 그러지 아니한다. 심사관이 행하는 거절이유통지는 2종류로 구분되며 그 종류에 따라 출원인이 할 수 있는 명세서 또는 도면의 보정 범위가 다르게 제한된다. 하나는 거절이유통지에 대한 보정에 따라 발생한 거절이유만을 통지하는 거절이유통지(최후거절이유통지)와 다른 하나는 출원인이 처음으로 받거나 최후거절이유통지가 아닌 거절이유통지(최초거절이유통지)를 말한다.
125,10-2021-0087601,1020210087601,1020210087601,,6,PE0701,등록결정,20240924,심사관은 특허출원에 대해 거절이유를 발견할 수 없는 경우 특허결정을 해야 한다. 특허결정이 있는 경우 특허청장은 그 특허결정의 등본을 출원인에게 송달해야 한다. 특허결정은 그 결정 등본이 송달된 때에 확정된다.
125,10-2021-0087601,1020210087601,1020210087601,,7,PG1601,등록공고,20241004,특허권은 설정등록에 의해 발생하며 등록이 있는 때는 그 특허에 관하여 특허공보에 게재하여 등록공고를 하여야 한다. 비밀취급을 요하는 특허발명에 대하여는 비밀취급의 해제시까지 등록공고를 보류하며 그 비밀취급이 해제된 때에는 지체없이 등록공고를 하여야 하며 등록공고가 있는 날부터 3월간 출원서류 및 그 부속물건을 공중의 열람에 제공해야 한다.
125,10-2021-0087601,1020210087601,1020210087601,,8,PR0701,설정등록,20240930,"특허권은 설정등록에 의해 발생하며, 특허결정이 된 후 출원인이 특허료를 납부하거나 보전한 경우 또는 추가납부하거나 특허료가 면제된 경우에 특허청장은 특허권을 설정하기 위한 등록을 해야 한다."
125,10-2021-0087601,1020210087601,1020210087601,,9,PR1002,등록료납부,20240930,"특허권의 설정등록을 받으려는 자는 설정등록받으려는 날 부터 3년분의 특허료를 납부한다.특허권의 설정등록을 받고자 하는자 또는 특허권자는 특허료 납부기간이 경과한 후에도 6개월 이내 특허료를 추가 납부할 수 있으며 특허료 추가 납부할 때에는 납부하여야 할 특허료의 2배 이내의 범위에서 납부해야한다. 추가납부기간 이내에 특허료를 납부하지 못한 경우에는 특허권리를 소멸하게 되는데, 이때 특허권자는 추가납부기간 만료일부터 3개월 이내에 특허료의 3배를 납부하고 그 소멸한 권리의 회복을 신청 할 수 있다."
126,10-2021-0131424,1020210131424,1020210131424,,1,PA0109,특허출원,20211005,특허를 받고자 하는 자는 특허가 담은 발명에 대한 서류를 작성한 특허출원서를 특허청장에게 제출하여야한다.
126,10-2021-0131424,1020210131424,1020210131424,,2,PA0201,심사청구,20211005,"특허출원 이후 3년 이내에 특허청장에게 그 특허출원에 관하여 출원심사의 청구를 할 수 있고, 다만, 제34조 및 제35조에 따른 정당한 권리자의 특허출원, 분할출원 또는 변경출원에 관하여는 그 기간이 지난 후에도 정당한 권리자가 특허출원을 한 날, 분할출원을 한 날 또는 변경출원을 한 날부터 각각 30일 이내에 출원심사 청구를 할 수 있다. 심사청구가 있을 시에 한하여 특허출원을 심사한다."
126,10-2021-0131424,1020210131424,1020210131424,,3,PE0902,거절이유통지,20230406,심사관은 특허법 제62조(특허거절결정)에 따라 특허거절결정을 하고자 할 때에는 출원인에게 거절이유를 통지하고 기간을 정하여 의견서를 제출할 기회를 주어야 한다. 다만 특허법 제51조(보정각하)에 따라 보정각하결정을 할때는 그러지 아니한다. 심사관이 행하는 거절이유통지는 2종류로 구분되며 그 종류에 따라 출원인이 할 수 있는 명세서 또는 도면의 보정 범위가 다르게 제한된다. 하나는 거절이유통지에 대한 보정에 따라 발생한 거절이유만을 통지하는 거절이유통지(최후거절이유통지)와 다른 하나는 출원인이 처음으로 받거나 최후거절이유통지가 아닌 거절이유통지(최초거절이유통지)를 말한다.
126,10-2021-0131424,1020210131424,1020210131424,,4,PG1501,출원공개,20230412,"출원인의 신청에 의하여 조기공개신청  또는 특허출원 이후 1년 6개월 경과 후 심사여부와 관계없이 출원공개를 해야하며 이는  발명의 공개를 통해 제3자의 중복연구, 중복투자 및 중복출원을 방지하는 한편 기술이용의 기회를 제공한다."
126,10-2021-0131424,1020210131424,1020210131424,,5,PE0701,등록결정,20230914,심사관은 특허출원에 대해 거절이유를 발견할 수 없는 경우 특허결정을 해야 한다. 특허결정이 있는 경우 특허청장은 그 특허결정의 등본을 출원인에게 송달해야 한다. 특허결정은 그 결정 등본이 송달된 때에 확정된다.
126,10-2021-0131424,1020210131424,1020210131424,,6,PG1601,등록공고,20230921,특허권은 설정등록에 의해 발생하며 등록이 있는 때는 그 특허에 관하여 특허공보에 게재하여 등록공고를 하여야 한다. 비밀취급을 요하는 특허발명에 대하여는 비밀취급의 해제시까지 등록공고를 보류하며 그 비밀취급이 해제된 때에는 지체없이 등록공고를 하여야 하며 등록공고가 있는 날부터 3월간 출원서류 및 그 부속물건을 공중의 열람에 제공해야 한다.
126,10-2021-0131424,1020210131424,1020210131424,,7,PR0701,설정등록,20230919,"특허권은 설정등록에 의해 발생하며, 특허결정이 된 후 출원인이 특허료를 납부하거나 보전한 경우 또는 추가납부하거나 특허료가 면제된 경우에 특허청장은 특허권을 설정하기 위한 등록을 해야 한다."
126,10-2021-0131424,1020210131424,1020210131424,,8,PR1002,등록료납부,20230919,"특허권의 설정등록을 받으려는 자는 설정등록받으려는 날 부터 3년분의 특허료를 납부한다.특허권의 설정등록을 받고자 하는자 또는 특허권자는 특허료 납부기간이 경과한 후에도 6개월 이내 특허료를 추가 납부할 수 있으며 특허료 추가 납부할 때에는 납부하여야 할 특허료의 2배 이내의 범위에서 납부해야한다. 추가납부기간 이내에 특허료를 납부하지 못한 경우에는 특허권리를 소멸하게 되는데, 이때 특허권자는 추가납부기간 만료일부터 3개월 이내에 특허료의 3배를 납부하고 그 소멸한 권리의 회복을 신청 할 수 있다."
127,10-2021-0153158,1020210153158,1020210153158,,1,PA0109,특허출원,20211109,특허를 받고자 하는 자는 특허가 담은 발명에 대한 서류를 작성한 특허출원서를 특허청장에게 제출하여야한다.
127,10-2021-0153158,1020210153158,1020210153158,,2,PA0201,심사청구,20211109,"특허출원 이후 3년 이내에 특허청장에게 그 특허출원에 관하여 출원심사의 청구를 할 수 있고, 다만, 제34조 및 제35조에 따른 정당한 권리자의 특허출원, 분할출원 또는 변경출원에 관하여는 그 기간이 지난 후에도 정당한 권리자가 특허출원을 한 날, 분할출원을 한 날 또는 변경출원을 한 날부터 각각 30일 이내에 출원심사 청구를 할 수 있다. 심사청구가 있을 시에 한하여 특허출원을 심사한다."
127,10-2021-0153158,1020210153158,1020210153158,,3,PG1501,출원공개,20230516,"출원인의 신청에 의하여 조기공개신청  또는 특허출원 이후 1년 6개월 경과 후 심사여부와 관계없이 출원공개를 해야하며 이는  발명의 공개를 통해 제3자의 중복연구, 중복투자 및 중복출원을 방지하는 한편 기술이용의 기회를 제공한다."
127,10-2021-0153158,1020210153158,1020210153158,,4,PE0902,거절이유통지,20230615,심사관은 특허법 제62조(특허거절결정)에 따라 특허거절결정을 하고자 할 때에는 출원인에게 거절이유를 통지하고 기간을 정하여 의견서를 제출할 기회를 주어야 한다. 다만 특허법 제51조(보정각하)에 따라 보정각하결정을 할때는 그러지 아니한다. 심사관이 행하는 거절이유통지는 2종류로 구분되며 그 종류에 따라 출원인이 할 수 있는 명세서 또는 도면의 보정 범위가 다르게 제한된다. 하나는 거절이유통지에 대한 보정에 따라 발생한 거절이유만을 통지하는 거절이유통지(최후거절이유통지)와 다른 하나는 출원인이 처음으로 받거나 최후거절이유통지가 아닌 거절이유통지(최초거절이유통지)를 말한다.
127,10-2021-0153158,1020210153158,1020210153158,,5,PE0701,등록결정,20231228,심사관은 특허출원에 대해 거절이유를 발견할 수 없는 경우 특허결정을 해야 한다. 특허결정이 있는 경우 특허청장은 그 특허결정의 등본을 출원인에게 송달해야 한다. 특허결정은 그 결정 등본이 송달된 때에 확정된다.
127,10-2021-0153158,1020210153158,1020210153158,,6,PG1601,등록공고,20240105,특허권은 설정등록에 의해 발생하며 등록이 있는 때는 그 특허에 관하여 특허공보에 게재하여 등록공고를 하여야 한다. 비밀취급을 요하는 특허발명에 대하여는 비밀취급의 해제시까지 등록공고를 보류하며 그 비밀취급이 해제된 때에는 지체없이 등록공고를 하여야 하며 등록공고가 있는 날부터 3월간 출원서류 및 그 부속물건을 공중의 열람에 제공해야 한다.
127,10-2021-0153158,1020210153158,1020210153158,,7,PR0701,설정등록,20240103,"특허권은 설정등록에 의해 발생하며, 특허결정이 된 후 출원인이 특허료를 납부하거나 보전한 경우 또는 추가납부하거나 특허료가 면제된 경우에 특허청장은 특허권을 설정하기 위한 등록을 해야 한다."
127,10-2021-0153158,1020210153158,1020210153158,,8,PR1002,등록료납부,20240103,"특허권의 설정등록을 받으려는 자는 설정등록받으려는 날 부터 3년분의 특허료를 납부한다.특허권의 설정등록을 받고자 하는자 또는 특허권자는 특허료 납부기간이 경과한 후에도 6개월 이내 특허료를 추가 납부할 수 있으며 특허료 추가 납부할 때에는 납부하여야 할 특허료의 2배 이내의 범위에서 납부해야한다. 추가납부기간 이내에 특허료를 납부하지 못한 경우에는 특허권리를 소멸하게 되는데, 이때 특허권자는 추가납부기간 만료일부터 3개월 이내에 특허료의 3배를 납부하고 그 소멸한 권리의 회복을 신청 할 수 있다."
128,10-2021-0158983,1020210158983,1020210158983,,1,PA0109,특허출원,20211118,특허를 받고자 하는 자는 특허가 담은 발명에 대한 서류를 작성한 특허출원서를 특허청장에게 제출하여야한다.
128,10-2021-0158983,1020210158983,1020210158983,,2,PA0201,심사청구,20211118,"특허출원 이후 3년 이내에 특허청장에게 그 특허출원에 관하여 출원심사의 청구를 할 수 있고, 다만, 제34조 및 제35조에 따른 정당한 권리자의 특허출원, 분할출원 또는 변경출원에 관하여는 그 기간이 지난 후에도 정당한 권리자가 특허출원을 한 날, 분할출원을 한 날 또는 변경출원을 한 날부터 각각 30일 이내에 출원심사 청구를 할 수 있다. 심사청구가 있을 시에 한하여 특허출원을 심사한다."
128,10-2021-0158983,1020210158983,1020210158983,,3,PG1501,출원공개,20230525,"출원인의 신청에 의하여 조기공개신청  또는 특허출원 이후 1년 6개월 경과 후 심사여부와 관계없이 출원공개를 해야하며 이는  발명의 공개를 통해 제3자의 중복연구, 중복투자 및 중복출원을 방지하는 한편 기술이용의 기회를 제공한다."
128,10-2021-0158983,1020210158983,1020210158983,,4,PE0902,거절이유통지,20241028,심사관은 특허법 제62조(특허거절결정)에 따라 특허거절결정을 하고자 할 때에는 출원인에게 거절이유를 통지하고 기간을 정하여 의견서를 제출할 기회를 주어야 한다. 다만 특허법 제51조(보정각하)에 따라 보정각하결정을 할때는 그러지 아니한다. 심사관이 행하는 거절이유통지는 2종류로 구분되며 그 종류에 따라 출원인이 할 수 있는 명세서 또는 도면의 보정 범위가 다르게 제한된다. 하나는 거절이유통지에 대한 보정에 따라 발생한 거절이유만을 통지하는 거절이유통지(최후거절이유통지)와 다른 하나는 출원인이 처음으로 받거나 최후거절이유통지가 아닌 거절이유통지(최초거절이유통지)를 말한다.
128,10-2021-0158983,1020210158983,1020210158983,,5,PE0701,등록결정,20250610,심사관은 특허출원에 대해 거절이유를 발견할 수 없는 경우 특허결정을 해야 한다. 특허결정이 있는 경우 특허청장은 그 특허결정의 등본을 출원인에게 송달해야 한다. 특허결정은 그 결정 등본이 송달된 때에 확정된다.
128,10-2021-0158983,1020210158983,1020210158983,,6,PR0701,설정등록,20250627,"특허권은 설정등록에 의해 발생하며, 특허결정이 된 후 출원인이 특허료를 납부하거나 보전한 경우 또는 추가납부하거나 특허료가 면제된 경우에 특허청장은 특허권을 설정하기 위한 등록을 해야 한다."
128,10-2021-0158983,1020210158983,1020210158983,,7,PR1002,등록료납부,20250627,"특허권의 설정등록을 받으려는 자는 설정등록받으려는 날 부터 3년분의 특허료를 납부한다.특허권의 설정등록을 받고자 하는자 또는 특허권자는 특허료 납부기간이 경과한 후에도 6개월 이내 특허료를 추가 납부할 수 있으며 특허료 추가 납부할 때에는 납부하여야 할 특허료의 2배 이내의 범위에서 납부해야한다. 추가납부기간 이내에 특허료를 납부하지 못한 경우에는 특허권리를 소멸하게 되는데, 이때 특허권자는 추가납부기간 만료일부터 3개월 이내에 특허료의 3배를 납부하고 그 소멸한 권리의 회복을 신청 할 수 있다."
128,10-2021-0158983,1020210158983,1020210158983,,8,PG1601,등록공고,20250701,특허권은 설정등록에 의해 발생하며 등록이 있는 때는 그 특허에 관하여 특허공보에 게재하여 등록공고를 하여야 한다. 비밀취급을 요하는 특허발명에 대하여는 비밀취급의 해제시까지 등록공고를 보류하며 그 비밀취급이 해제된 때에는 지체없이 등록공고를 하여야 하며 등록공고가 있는 날부터 3월간 출원서류 및 그 부속물건을 공중의 열람에 제공해야 한다.
129,10-2021-0160178,1020210160178,1020210160178,,1,PA0109,특허출원,20211119,특허를 받고자 하는 자는 특허가 담은 발명에 대한 서류를 작성한 특허출원서를 특허청장에게 제출하여야한다.
129,10-2021-0160178,1020210160178,1020210160178,,2,PA0201,심사청구,20211119,"특허출원 이후 3년 이내에 특허청장에게 그 특허출원에 관하여 출원심사의 청구를 할 수 있고, 다만, 제34조 및 제35조에 따른 정당한 권리자의 특허출원, 분할출원 또는 변경출원에 관하여는 그 기간이 지난 후에도 정당한 권리자가 특허출원을 한 날, 분할출원을 한 날 또는 변경출원을 한 날부터 각각 30일 이내에 출원심사 청구를 할 수 있다. 심사청구가 있을 시에 한하여 특허출원을 심사한다."
129,10-2021-0160178,1020210160178,1020210160178,,3,PG1501,출원공개,20230526,"출원인의 신청에 의하여 조기공개신청  또는 특허출원 이후 1년 6개월 경과 후 심사여부와 관계없이 출원공개를 해야하며 이는  발명의 공개를 통해 제3자의 중복연구, 중복투자 및 중복출원을 방지하는 한편 기술이용의 기회를 제공한다."
129,10-2021-0160178,1020210160178,1020210160178,,4,PE0902,거절이유통지,20231128,심사관은 특허법 제62조(특허거절결정)에 따라 특허거절결정을 하고자 할 때에는 출원인에게 거절이유를 통지하고 기간을 정하여 의견서를 제출할 기회를 주어야 한다. 다만 특허법 제51조(보정각하)에 따라 보정각하결정을 할때는 그러지 아니한다. 심사관이 행하는 거절이유통지는 2종류로 구분되며 그 종류에 따라 출원인이 할 수 있는 명세서 또는 도면의 보정 범위가 다르게 제한된다. 하나는 거절이유통지에 대한 보정에 따라 발생한 거절이유만을 통지하는 거절이유통지(최후거절이유통지)와 다른 하나는 출원인이 처음으로 받거나 최후거절이유통지가 아닌 거절이유통지(최초거절이유통지)를 말한다.
129,10-2021-0160178,1020210160178,1020210160178,,5,PE0701,등록결정,20240428,심사관은 특허출원에 대해 거절이유를 발견할 수 없는 경우 특허결정을 해야 한다. 특허결정이 있는 경우 특허청장은 그 특허결정의 등본을 출원인에게 송달해야 한다. 특허결정은 그 결정 등본이 송달된 때에 확정된다.
129,10-2021-0160178,1020210160178,1020210160178,,6,PG1601,등록공고,20240503,특허권은 설정등록에 의해 발생하며 등록이 있는 때는 그 특허에 관하여 특허공보에 게재하여 등록공고를 하여야 한다. 비밀취급을 요하는 특허발명에 대하여는 비밀취급의 해제시까지 등록공고를 보류하며 그 비밀취급이 해제된 때에는 지체없이 등록공고를 하여야 하며 등록공고가 있는 날부터 3월간 출원서류 및 그 부속물건을 공중의 열람에 제공해야 한다.
129,10-2021-0160178,1020210160178,1020210160178,,7,PR0701,설정등록,20240429,"특허권은 설정등록에 의해 발생하며, 특허결정이 된 후 출원인이 특허료를 납부하거나 보전한 경우 또는 추가납부하거나 특허료가 면제된 경우에 특허청장은 특허권을 설정하기 위한 등록을 해야 한다."
129,10-2021-0160178,1020210160178,1020210160178,,8,PR1002,등록료납부,20240429,"특허권의 설정등록을 받으려는 자는 설정등록받으려는 날 부터 3년분의 특허료를 납부한다.특허권의 설정등록을 받고자 하는자 또는 특허권자는 특허료 납부기간이 경과한 후에도 6개월 이내 특허료를 추가 납부할 수 있으며 특허료 추가 납부할 때에는 납부하여야 할 특허료의 2배 이내의 범위에서 납부해야한다. 추가납부기간 이내에 특허료를 납부하지 못한 경우에는 특허권리를 소멸하게 되는데, 이때 특허권자는 추가납부기간 만료일부터 3개월 이내에 특허료의 3배를 납부하고 그 소멸한 권리의 회복을 신청 할 수 있다."
130,10-2021-0160244,1020210160244,1020210160244,,1,PA0109,특허출원,20211119,특허를 받고자 하는 자는 특허가 담은 발명에 대한 서류를 작성한 특허출원서를 특허청장에게 제출하여야한다.
130,10-2021-0160244,1020210160244,1020210160244,,2,PA0201,심사청구,20211119,"특허출원 이후 3년 이내에 특허청장에게 그 특허출원에 관하여 출원심사의 청구를 할 수 있고, 다만, 제34조 및 제35조에 따른 정당한 권리자의 특허출원, 분할출원 또는 변경출원에 관하여는 그 기간이 지난 후에도 정당한 권리자가 특허출원을 한 날, 분할출원을 한 날 또는 변경출원을 한 날부터 각각 30일 이내에 출원심사 청구를 할 수 있다. 심사청구가 있을 시에 한하여 특허출원을 심사한다."
130,10-2021-0160244,1020210160244,1020210160244,,3,PG1501,출원공개,20230526,"출원인의 신청에 의하여 조기공개신청  또는 특허출원 이후 1년 6개월 경과 후 심사여부와 관계없이 출원공개를 해야하며 이는  발명의 공개를 통해 제3자의 중복연구, 중복투자 및 중복출원을 방지하는 한편 기술이용의 기회를 제공한다."
130,10-2021-0160244,1020210160244,1020210160244,,4,PE0902,거절이유통지,20231128,심사관은 특허법 제62조(특허거절결정)에 따라 특허거절결정을 하고자 할 때에는 출원인에게 거절이유를 통지하고 기간을 정하여 의견서를 제출할 기회를 주어야 한다. 다만 특허법 제51조(보정각하)에 따라 보정각하결정을 할때는 그러지 아니한다. 심사관이 행하는 거절이유통지는 2종류로 구분되며 그 종류에 따라 출원인이 할 수 있는 명세서 또는 도면의 보정 범위가 다르게 제한된다. 하나는 거절이유통지에 대한 보정에 따라 발생한 거절이유만을 통지하는 거절이유통지(최후거절이유통지)와 다른 하나는 출원인이 처음으로 받거나 최후거절이유통지가 아닌 거절이유통지(최초거절이유통지)를 말한다.
130,10-2021-0160244,1020210160244,1020210160244,,5,PE0701,등록결정,20240628,심사관은 특허출원에 대해 거절이유를 발견할 수 없는 경우 특허결정을 해야 한다. 특허결정이 있는 경우 특허청장은 그 특허결정의 등본을 출원인에게 송달해야 한다. 특허결정은 그 결정 등본이 송달된 때에 확정된다.
130,10-2021-0160244,1020210160244,1020210160244,,6,PG1601,등록공고,20240717,특허권은 설정등록에 의해 발생하며 등록이 있는 때는 그 특허에 관하여 특허공보에 게재하여 등록공고를 하여야 한다. 비밀취급을 요하는 특허발명에 대하여는 비밀취급의 해제시까지 등록공고를 보류하며 그 비밀취급이 해제된 때에는 지체없이 등록공고를 하여야 하며 등록공고가 있는 날부터 3월간 출원서류 및 그 부속물건을 공중의 열람에 제공해야 한다.
130,10-2021-0160244,1020210160244,1020210160244,,7,PR0701,설정등록,20240715,"특허권은 설정등록에 의해 발생하며, 특허결정이 된 후 출원인이 특허료를 납부하거나 보전한 경우 또는 추가납부하거나 특허료가 면제된 경우에 특허청장은 특허권을 설정하기 위한 등록을 해야 한다."
130,10-2021-0160244,1020210160244,1020210160244,,8,PR1002,등록료납부,20240715,"특허권의 설정등록을 받으려는 자는 설정등록받으려는 날 부터 3년분의 특허료를 납부한다.특허권의 설정등록을 받고자 하는자 또는 특허권자는 특허료 납부기간이 경과한 후에도 6개월 이내 특허료를 추가 납부할 수 있으며 특허료 추가 납부할 때에는 납부하여야 할 특허료의 2배 이내의 범위에서 납부해야한다. 추가납부기간 이내에 특허료를 납부하지 못한 경우에는 특허권리를 소멸하게 되는데, 이때 특허권자는 추가납부기간 만료일부터 3개월 이내에 특허료의 3배를 납부하고 그 소멸한 권리의 회복을 신청 할 수 있다."
131,10-2021-0173638,1020210173638,1020210173638,,1,PA0109,특허출원,20211207,특허를 받고자 하는 자는 특허가 담은 발명에 대한 서류를 작성한 특허출원서를 특허청장에게 제출하여야한다.
131,10-2021-0173638,1020210173638,1020210173638,,2,PA0201,심사청구,20211207,"특허출원 이후 3년 이내에 특허청장에게 그 특허출원에 관하여 출원심사의 청구를 할 수 있고, 다만, 제34조 및 제35조에 따른 정당한 권리자의 특허출원, 분할출원 또는 변경출원에 관하여는 그 기간이 지난 후에도 정당한 권리자가 특허출원을 한 날, 분할출원을 한 날 또는 변경출원을 한 날부터 각각 30일 이내에 출원심사 청구를 할 수 있다. 심사청구가 있을 시에 한하여 특허출원을 심사한다."
131,10-2021-0173638,1020210173638,1020210173638,,3,PG1501,출원공개,20230614,"출원인의 신청에 의하여 조기공개신청  또는 특허출원 이후 1년 6개월 경과 후 심사여부와 관계없이 출원공개를 해야하며 이는  발명의 공개를 통해 제3자의 중복연구, 중복투자 및 중복출원을 방지하는 한편 기술이용의 기회를 제공한다."
131,10-2021-0173638,1020210173638,1020210173638,,4,PE0902,거절이유통지,20230809,심사관은 특허법 제62조(특허거절결정)에 따라 특허거절결정을 하고자 할 때에는 출원인에게 거절이유를 통지하고 기간을 정하여 의견서를 제출할 기회를 주어야 한다. 다만 특허법 제51조(보정각하)에 따라 보정각하결정을 할때는 그러지 아니한다. 심사관이 행하는 거절이유통지는 2종류로 구분되며 그 종류에 따라 출원인이 할 수 있는 명세서 또는 도면의 보정 범위가 다르게 제한된다. 하나는 거절이유통지에 대한 보정에 따라 발생한 거절이유만을 통지하는 거절이유통지(최후거절이유통지)와 다른 하나는 출원인이 처음으로 받거나 최후거절이유통지가 아닌 거절이유통지(최초거절이유통지)를 말한다.
131,10-2021-0173638,1020210173638,1020210173638,,5,PE0902,거절이유통지,20240418,심사관은 특허법 제62조(특허거절결정)에 따라 특허거절결정을 하고자 할 때에는 출원인에게 거절이유를 통지하고 기간을 정하여 의견서를 제출할 기회를 주어야 한다. 다만 특허법 제51조(보정각하)에 따라 보정각하결정을 할때는 그러지 아니한다. 심사관이 행하는 거절이유통지는 2종류로 구분되며 그 종류에 따라 출원인이 할 수 있는 명세서 또는 도면의 보정 범위가 다르게 제한된다. 하나는 거절이유통지에 대한 보정에 따라 발생한 거절이유만을 통지하는 거절이유통지(최후거절이유통지)와 다른 하나는 출원인이 처음으로 받거나 최후거절이유통지가 아닌 거절이유통지(최초거절이유통지)를 말한다.
131,10-2021-0173638,1020210173638,1020210173638,,6,PE0701,등록결정,20241223,심사관은 특허출원에 대해 거절이유를 발견할 수 없는 경우 특허결정을 해야 한다. 특허결정이 있는 경우 특허청장은 그 특허결정의 등본을 출원인에게 송달해야 한다. 특허결정은 그 결정 등본이 송달된 때에 확정된다.
131,10-2021-0173638,1020210173638,1020210173638,,7,PG1601,등록공고,20250123,특허권은 설정등록에 의해 발생하며 등록이 있는 때는 그 특허에 관하여 특허공보에 게재하여 등록공고를 하여야 한다. 비밀취급을 요하는 특허발명에 대하여는 비밀취급의 해제시까지 등록공고를 보류하며 그 비밀취급이 해제된 때에는 지체없이 등록공고를 하여야 하며 등록공고가 있는 날부터 3월간 출원서류 및 그 부속물건을 공중의 열람에 제공해야 한다.
131,10-2021-0173638,1020210173638,1020210173638,,8,PR0701,설정등록,20250121,"특허권은 설정등록에 의해 발생하며, 특허결정이 된 후 출원인이 특허료를 납부하거나 보전한 경우 또는 추가납부하거나 특허료가 면제된 경우에 특허청장은 특허권을 설정하기 위한 등록을 해야 한다."
131,10-2021-0173638,1020210173638,1020210173638,,9,PR1002,등록료납부,20250121,"특허권의 설정등록을 받으려는 자는 설정등록받으려는 날 부터 3년분의 특허료를 납부한다.특허권의 설정등록을 받고자 하는자 또는 특허권자는 특허료 납부기간이 경과한 후에도 6개월 이내 특허료를 추가 납부할 수 있으며 특허료 추가 납부할 때에는 납부하여야 할 특허료의 2배 이내의 범위에서 납부해야한다. 추가납부기간 이내에 특허료를 납부하지 못한 경우에는 특허권리를 소멸하게 되는데, 이때 특허권자는 추가납부기간 만료일부터 3개월 이내에 특허료의 3배를 납부하고 그 소멸한 권리의 회복을 신청 할 수 있다."
132,10-2021-0179684,1020210179684,1020210179684,,1,PA0109,특허출원,20211215,특허를 받고자 하는 자는 특허가 담은 발명에 대한 서류를 작성한 특허출원서를 특허청장에게 제출하여야한다.
132,10-2021-0179684,1020210179684,1020210179684,,2,PA0201,심사청구,20211215,"특허출원 이후 3년 이내에 특허청장에게 그 특허출원에 관하여 출원심사의 청구를 할 수 있고, 다만, 제34조 및 제35조에 따른 정당한 권리자의 특허출원, 분할출원 또는 변경출원에 관하여는 그 기간이 지난 후에도 정당한 권리자가 특허출원을 한 날, 분할출원을 한 날 또는 변경출원을 한 날부터 각각 30일 이내에 출원심사 청구를 할 수 있다. 심사청구가 있을 시에 한하여 특허출원을 심사한다."
132,10-2021-0179684,1020210179684,1020210179684,,3,PG1501,출원공개,20230623,"출원인의 신청에 의하여 조기공개신청  또는 특허출원 이후 1년 6개월 경과 후 심사여부와 관계없이 출원공개를 해야하며 이는  발명의 공개를 통해 제3자의 중복연구, 중복투자 및 중복출원을 방지하는 한편 기술이용의 기회를 제공한다."
132,10-2021-0179684,1020210179684,1020210179684,,4,PE0701,등록결정,20231120,심사관은 특허출원에 대해 거절이유를 발견할 수 없는 경우 특허결정을 해야 한다. 특허결정이 있는 경우 특허청장은 그 특허결정의 등본을 출원인에게 송달해야 한다. 특허결정은 그 결정 등본이 송달된 때에 확정된다.
132,10-2021-0179684,1020210179684,1020210179684,,5,PR0701,설정등록,20240201,"특허권은 설정등록에 의해 발생하며, 특허결정이 된 후 출원인이 특허료를 납부하거나 보전한 경우 또는 추가납부하거나 특허료가 면제된 경우에 특허청장은 특허권을 설정하기 위한 등록을 해야 한다."
132,10-2021-0179684,1020210179684,1020210179684,,6,PR1002,등록료납부,20240201,"특허권의 설정등록을 받으려는 자는 설정등록받으려는 날 부터 3년분의 특허료를 납부한다.특허권의 설정등록을 받고자 하는자 또는 특허권자는 특허료 납부기간이 경과한 후에도 6개월 이내 특허료를 추가 납부할 수 있으며 특허료 추가 납부할 때에는 납부하여야 할 특허료의 2배 이내의 범위에서 납부해야한다. 추가납부기간 이내에 특허료를 납부하지 못한 경우에는 특허권리를 소멸하게 되는데, 이때 특허권자는 추가납부기간 만료일부터 3개월 이내에 특허료의 3배를 납부하고 그 소멸한 권리의 회복을 신청 할 수 있다."
132,10-2021-0179684,1020210179684,1020210179684,,7,PG1601,등록공고,20240207,특허권은 설정등록에 의해 발생하며 등록이 있는 때는 그 특허에 관하여 특허공보에 게재하여 등록공고를 하여야 한다. 비밀취급을 요하는 특허발명에 대하여는 비밀취급의 해제시까지 등록공고를 보류하며 그 비밀취급이 해제된 때에는 지체없이 등록공고를 하여야 하며 등록공고가 있는 날부터 3월간 출원서류 및 그 부속물건을 공중의 열람에 제공해야 한다.
133,10-2021-0191287,1020210191287,1020210191287,,1,PA0109,특허출원,20211229,특허를 받고자 하는 자는 특허가 담은 발명에 대한 서류를 작성한 특허출원서를 특허청장에게 제출하여야한다.
133,10-2021-0191287,1020210191287,1020210191287,,2,PA0201,심사청구,20211229,"특허출원 이후 3년 이내에 특허청장에게 그 특허출원에 관하여 출원심사의 청구를 할 수 있고, 다만, 제34조 및 제35조에 따른 정당한 권리자의 특허출원, 분할출원 또는 변경출원에 관하여는 그 기간이 지난 후에도 정당한 권리자가 특허출원을 한 날, 분할출원을 한 날 또는 변경출원을 한 날부터 각각 30일 이내에 출원심사 청구를 할 수 있다. 심사청구가 있을 시에 한하여 특허출원을 심사한다."
133,10-2021-0191287,1020210191287,1020210191287,,3,PE0902,거절이유통지,20230612,심사관은 특허법 제62조(특허거절결정)에 따라 특허거절결정을 하고자 할 때에는 출원인에게 거절이유를 통지하고 기간을 정하여 의견서를 제출할 기회를 주어야 한다. 다만 특허법 제51조(보정각하)에 따라 보정각하결정을 할때는 그러지 아니한다. 심사관이 행하는 거절이유통지는 2종류로 구분되며 그 종류에 따라 출원인이 할 수 있는 명세서 또는 도면의 보정 범위가 다르게 제한된다. 하나는 거절이유통지에 대한 보정에 따라 발생한 거절이유만을 통지하는 거절이유통지(최후거절이유통지)와 다른 하나는 출원인이 처음으로 받거나 최후거절이유통지가 아닌 거절이유통지(최초거절이유통지)를 말한다.
133,10-2021-0191287,1020210191287,1020210191287,,4,PG1501,출원공개,20230707,"출원인의 신청에 의하여 조기공개신청  또는 특허출원 이후 1년 6개월 경과 후 심사여부와 관계없이 출원공개를 해야하며 이는  발명의 공개를 통해 제3자의 중복연구, 중복투자 및 중복출원을 방지하는 한편 기술이용의 기회를 제공한다."
133,10-2021-0191287,1020210191287,1020210191287,,5,PE0601,특허거절결정,20231228,심사관은 특허출원이 특허법 제62조 각호의 어느 하나에 해당 할 경우 거절이유 통지 후 거절결정을 해야한다. 다만 거절결정전에 출원인은 심사관의 거절이유통지에 대응하여 의견서를 제출할수 있고 지정한 의견서 제출기간 이내에 보정서를 제출하여 명세서 또는 도면을 보정 할수 있다. 출원인이 의견서를 제출한 경우 제출된 의견서를 반영하여 거절이유가 유지될수 있는지 여부를 다시 심사한다. 만약 의견서 제출기간 이내에 보정서도 같이 제출한 경우에는 해당 보정서에 의한 보정사항을 반영하여 심사한다. 심사관은 의견서 및 보정사항을 반영하여 다시 심사한 후에도 거절이유통지에서 지적한 거절이유가 해소되지 않았다고 인정하는 경우 거절결정을 해야 한다.
133,10-2021-0191287,1020210191287,1020210191287,,6,PE0902,거절이유통지,20240430,심사관은 특허법 제62조(특허거절결정)에 따라 특허거절결정을 하고자 할 때에는 출원인에게 거절이유를 통지하고 기간을 정하여 의견서를 제출할 기회를 주어야 한다. 다만 특허법 제51조(보정각하)에 따라 보정각하결정을 할때는 그러지 아니한다. 심사관이 행하는 거절이유통지는 2종류로 구분되며 그 종류에 따라 출원인이 할 수 있는 명세서 또는 도면의 보정 범위가 다르게 제한된다. 하나는 거절이유통지에 대한 보정에 따라 발생한 거절이유만을 통지하는 거절이유통지(최후거절이유통지)와 다른 하나는 출원인이 처음으로 받거나 최후거절이유통지가 아닌 거절이유통지(최초거절이유통지)를 말한다.
133,10-2021-0191287,1020210191287,1020210191287,,7,PX0701,재심사후 등록결정,20241128,심사관이 거절결정한 출원에 대하여 출원인이 거절결정등본을 송달받은 날부터 30일(법정기간이 연장된 경우에는 그 연장된 때까지) 이내에 명세서 또는 도면을 보정하면 심사관은 보정된 출원을 다시 심사 해야 한다. 심사관은 보정서를 반영하여 재심사한 결과 거절이유를 발견할 수 없는 경우 특허결정을 해야 한다.
133,10-2021-0191287,1020210191287,1020210191287,,8,PG1601,등록공고,20241219,특허권은 설정등록에 의해 발생하며 등록이 있는 때는 그 특허에 관하여 특허공보에 게재하여 등록공고를 하여야 한다. 비밀취급을 요하는 특허발명에 대하여는 비밀취급의 해제시까지 등록공고를 보류하며 그 비밀취급이 해제된 때에는 지체없이 등록공고를 하여야 하며 등록공고가 있는 날부터 3월간 출원서류 및 그 부속물건을 공중의 열람에 제공해야 한다.
134,10-2022-0027266,1020220027266,1020220027266,,1,PA0109,특허출원,20220303,특허를 받고자 하는 자는 특허가 담은 발명에 대한 서류를 작성한 특허출원서를 특허청장에게 제출하여야한다.
134,10-2022-0027266,1020220027266,1020220027266,,2,PA0201,심사청구,20220303,"특허출원 이후 3년 이내에 특허청장에게 그 특허출원에 관하여 출원심사의 청구를 할 수 있고, 다만, 제34조 및 제35조에 따른 정당한 권리자의 특허출원, 분할출원 또는 변경출원에 관하여는 그 기간이 지난 후에도 정당한 권리자가 특허출원을 한 날, 분할출원을 한 날 또는 변경출원을 한 날부터 각각 30일 이내에 출원심사 청구를 할 수 있다. 심사청구가 있을 시에 한하여 특허출원을 심사한다."
134,10-2022-0027266,1020220027266,1020220027266,,3,PG1501,출원공개,20230912,"출원인의 신청에 의하여 조기공개신청  또는 특허출원 이후 1년 6개월 경과 후 심사여부와 관계없이 출원공개를 해야하며 이는  발명의 공개를 통해 제3자의 중복연구, 중복투자 및 중복출원을 방지하는 한편 기술이용의 기회를 제공한다."
134,10-2022-0027266,1020220027266,1020220027266,,4,PE0902,거절이유통지,20240612,심사관은 특허법 제62조(특허거절결정)에 따라 특허거절결정을 하고자 할 때에는 출원인에게 거절이유를 통지하고 기간을 정하여 의견서를 제출할 기회를 주어야 한다. 다만 특허법 제51조(보정각하)에 따라 보정각하결정을 할때는 그러지 아니한다. 심사관이 행하는 거절이유통지는 2종류로 구분되며 그 종류에 따라 출원인이 할 수 있는 명세서 또는 도면의 보정 범위가 다르게 제한된다. 하나는 거절이유통지에 대한 보정에 따라 발생한 거절이유만을 통지하는 거절이유통지(최후거절이유통지)와 다른 하나는 출원인이 처음으로 받거나 최후거절이유통지가 아닌 거절이유통지(최초거절이유통지)를 말한다.
134,10-2022-0027266,1020220027266,1020220027266,,5,PE0701,등록결정,20250102,심사관은 특허출원에 대해 거절이유를 발견할 수 없는 경우 특허결정을 해야 한다. 특허결정이 있는 경우 특허청장은 그 특허결정의 등본을 출원인에게 송달해야 한다. 특허결정은 그 결정 등본이 송달된 때에 확정된다.
134,10-2022-0027266,1020220027266,1020220027266,,6,PG1601,등록공고,20250110,특허권은 설정등록에 의해 발생하며 등록이 있는 때는 그 특허에 관하여 특허공보에 게재하여 등록공고를 하여야 한다. 비밀취급을 요하는 특허발명에 대하여는 비밀취급의 해제시까지 등록공고를 보류하며 그 비밀취급이 해제된 때에는 지체없이 등록공고를 하여야 하며 등록공고가 있는 날부터 3월간 출원서류 및 그 부속물건을 공중의 열람에 제공해야 한다.
134,10-2022-0027266,1020220027266,1020220027266,,7,PR0701,설정등록,20250108,"특허권은 설정등록에 의해 발생하며, 특허결정이 된 후 출원인이 특허료를 납부하거나 보전한 경우 또는 추가납부하거나 특허료가 면제된 경우에 특허청장은 특허권을 설정하기 위한 등록을 해야 한다."
134,10-2022-0027266,1020220027266,1020220027266,,8,PR1002,등록료납부,20250108,"특허권의 설정등록을 받으려는 자는 설정등록받으려는 날 부터 3년분의 특허료를 납부한다.특허권의 설정등록을 받고자 하는자 또는 특허권자는 특허료 납부기간이 경과한 후에도 6개월 이내 특허료를 추가 납부할 수 있으며 특허료 추가 납부할 때에는 납부하여야 할 특허료의 2배 이내의 범위에서 납부해야한다. 추가납부기간 이내에 특허료를 납부하지 못한 경우에는 특허권리를 소멸하게 되는데, 이때 특허권자는 추가납부기간 만료일부터 3개월 이내에 특허료의 3배를 납부하고 그 소멸한 권리의 회복을 신청 할 수 있다."
135,10-2022-0027272,1020220027272,1020220027272,,1,PA0109,특허출원,20220303,특허를 받고자 하는 자는 특허가 담은 발명에 대한 서류를 작성한 특허출원서를 특허청장에게 제출하여야한다.
135,10-2022-0027272,1020220027272,1020220027272,,2,PA0201,심사청구,20220303,"특허출원 이후 3년 이내에 특허청장에게 그 특허출원에 관하여 출원심사의 청구를 할 수 있고, 다만, 제34조 및 제35조에 따른 정당한 권리자의 특허출원, 분할출원 또는 변경출원에 관하여는 그 기간이 지난 후에도 정당한 권리자가 특허출원을 한 날, 분할출원을 한 날 또는 변경출원을 한 날부터 각각 30일 이내에 출원심사 청구를 할 수 있다. 심사청구가 있을 시에 한하여 특허출원을 심사한다."
135,10-2022-0027272,1020220027272,1020220027272,,3,PG1501,출원공개,20230912,"출원인의 신청에 의하여 조기공개신청  또는 특허출원 이후 1년 6개월 경과 후 심사여부와 관계없이 출원공개를 해야하며 이는  발명의 공개를 통해 제3자의 중복연구, 중복투자 및 중복출원을 방지하는 한편 기술이용의 기회를 제공한다."
135,10-2022-0027272,1020220027272,1020220027272,,4,PE0902,거절이유통지,20231116,심사관은 특허법 제62조(특허거절결정)에 따라 특허거절결정을 하고자 할 때에는 출원인에게 거절이유를 통지하고 기간을 정하여 의견서를 제출할 기회를 주어야 한다. 다만 특허법 제51조(보정각하)에 따라 보정각하결정을 할때는 그러지 아니한다. 심사관이 행하는 거절이유통지는 2종류로 구분되며 그 종류에 따라 출원인이 할 수 있는 명세서 또는 도면의 보정 범위가 다르게 제한된다. 하나는 거절이유통지에 대한 보정에 따라 발생한 거절이유만을 통지하는 거절이유통지(최후거절이유통지)와 다른 하나는 출원인이 처음으로 받거나 최후거절이유통지가 아닌 거절이유통지(최초거절이유통지)를 말한다.
135,10-2022-0027272,1020220027272,1020220027272,,5,PE0601,특허거절결정,20240719,심사관은 특허출원이 특허법 제62조 각호의 어느 하나에 해당 할 경우 거절이유 통지 후 거절결정을 해야한다. 다만 거절결정전에 출원인은 심사관의 거절이유통지에 대응하여 의견서를 제출할수 있고 지정한 의견서 제출기간 이내에 보정서를 제출하여 명세서 또는 도면을 보정 할수 있다. 출원인이 의견서를 제출한 경우 제출된 의견서를 반영하여 거절이유가 유지될수 있는지 여부를 다시 심사한다. 만약 의견서 제출기간 이내에 보정서도 같이 제출한 경우에는 해당 보정서에 의한 보정사항을 반영하여 심사한다. 심사관은 의견서 및 보정사항을 반영하여 다시 심사한 후에도 거절이유통지에서 지적한 거절이유가 해소되지 않았다고 인정하는 경우 거절결정을 해야 한다.
135,10-2022-0027272,1020220027272,1020220027272,,6,PX0701,재심사후 등록결정,20241107,심사관이 거절결정한 출원에 대하여 출원인이 거절결정등본을 송달받은 날부터 30일(법정기간이 연장된 경우에는 그 연장된 때까지) 이내에 명세서 또는 도면을 보정하면 심사관은 보정된 출원을 다시 심사 해야 한다. 심사관은 보정서를 반영하여 재심사한 결과 거절이유를 발견할 수 없는 경우 특허결정을 해야 한다.
135,10-2022-0027272,1020220027272,1020220027272,,7,PR0701,설정등록,20241129,"특허권은 설정등록에 의해 발생하며, 특허결정이 된 후 출원인이 특허료를 납부하거나 보전한 경우 또는 추가납부하거나 특허료가 면제된 경우에 특허청장은 특허권을 설정하기 위한 등록을 해야 한다."
135,10-2022-0027272,1020220027272,1020220027272,,8,PR1002,등록료납부,20241129,"특허권의 설정등록을 받으려는 자는 설정등록받으려는 날 부터 3년분의 특허료를 납부한다.특허권의 설정등록을 받고자 하는자 또는 특허권자는 특허료 납부기간이 경과한 후에도 6개월 이내 특허료를 추가 납부할 수 있으며 특허료 추가 납부할 때에는 납부하여야 할 특허료의 2배 이내의 범위에서 납부해야한다. 추가납부기간 이내에 특허료를 납부하지 못한 경우에는 특허권리를 소멸하게 되는데, 이때 특허권자는 추가납부기간 만료일부터 3개월 이내에 특허료의 3배를 납부하고 그 소멸한 권리의 회복을 신청 할 수 있다."
135,10-2022-0027272,1020220027272,1020220027272,,9,PG1601,등록공고,20241203,특허권은 설정등록에 의해 발생하며 등록이 있는 때는 그 특허에 관하여 특허공보에 게재하여 등록공고를 하여야 한다. 비밀취급을 요하는 특허발명에 대하여는 비밀취급의 해제시까지 등록공고를 보류하며 그 비밀취급이 해제된 때에는 지체없이 등록공고를 하여야 하며 등록공고가 있는 날부터 3월간 출원서류 및 그 부속물건을 공중의 열람에 제공해야 한다.
136,10-2022-0027280,1020220027280,1020220027280,,1,PA0109,특허출원,20220303,특허를 받고자 하는 자는 특허가 담은 발명에 대한 서류를 작성한 특허출원서를 특허청장에게 제출하여야한다.
136,10-2022-0027280,1020220027280,1020220027280,,2,PA0201,심사청구,20220303,"특허출원 이후 3년 이내에 특허청장에게 그 특허출원에 관하여 출원심사의 청구를 할 수 있고, 다만, 제34조 및 제35조에 따른 정당한 권리자의 특허출원, 분할출원 또는 변경출원에 관하여는 그 기간이 지난 후에도 정당한 권리자가 특허출원을 한 날, 분할출원을 한 날 또는 변경출원을 한 날부터 각각 30일 이내에 출원심사 청구를 할 수 있다. 심사청구가 있을 시에 한하여 특허출원을 심사한다."
136,10-2022-0027280,1020220027280,1020220027280,,3,PG1501,출원공개,20230912,"출원인의 신청에 의하여 조기공개신청  또는 특허출원 이후 1년 6개월 경과 후 심사여부와 관계없이 출원공개를 해야하며 이는  발명의 공개를 통해 제3자의 중복연구, 중복투자 및 중복출원을 방지하는 한편 기술이용의 기회를 제공한다."
136,10-2022-0027280,1020220027280,1020220027280,,4,PE0902,거절이유통지,20240612,심사관은 특허법 제62조(특허거절결정)에 따라 특허거절결정을 하고자 할 때에는 출원인에게 거절이유를 통지하고 기간을 정하여 의견서를 제출할 기회를 주어야 한다. 다만 특허법 제51조(보정각하)에 따라 보정각하결정을 할때는 그러지 아니한다. 심사관이 행하는 거절이유통지는 2종류로 구분되며 그 종류에 따라 출원인이 할 수 있는 명세서 또는 도면의 보정 범위가 다르게 제한된다. 하나는 거절이유통지에 대한 보정에 따라 발생한 거절이유만을 통지하는 거절이유통지(최후거절이유통지)와 다른 하나는 출원인이 처음으로 받거나 최후거절이유통지가 아닌 거절이유통지(최초거절이유통지)를 말한다.
136,10-2022-0027280,1020220027280,1020220027280,,5,PE0701,등록결정,20250102,심사관은 특허출원에 대해 거절이유를 발견할 수 없는 경우 특허결정을 해야 한다. 특허결정이 있는 경우 특허청장은 그 특허결정의 등본을 출원인에게 송달해야 한다. 특허결정은 그 결정 등본이 송달된 때에 확정된다.
136,10-2022-0027280,1020220027280,1020220027280,,6,PR0701,설정등록,20250109,"특허권은 설정등록에 의해 발생하며, 특허결정이 된 후 출원인이 특허료를 납부하거나 보전한 경우 또는 추가납부하거나 특허료가 면제된 경우에 특허청장은 특허권을 설정하기 위한 등록을 해야 한다."
136,10-2022-0027280,1020220027280,1020220027280,,7,PR1002,등록료납부,20250109,"특허권의 설정등록을 받으려는 자는 설정등록받으려는 날 부터 3년분의 특허료를 납부한다.특허권의 설정등록을 받고자 하는자 또는 특허권자는 특허료 납부기간이 경과한 후에도 6개월 이내 특허료를 추가 납부할 수 있으며 특허료 추가 납부할 때에는 납부하여야 할 특허료의 2배 이내의 범위에서 납부해야한다. 추가납부기간 이내에 특허료를 납부하지 못한 경우에는 특허권리를 소멸하게 되는데, 이때 특허권자는 추가납부기간 만료일부터 3개월 이내에 특허료의 3배를 납부하고 그 소멸한 권리의 회복을 신청 할 수 있다."
136,10-2022-0027280,1020220027280,1020220027280,,8,PG1601,등록공고,20250113,특허권은 설정등록에 의해 발생하며 등록이 있는 때는 그 특허에 관하여 특허공보에 게재하여 등록공고를 하여야 한다. 비밀취급을 요하는 특허발명에 대하여는 비밀취급의 해제시까지 등록공고를 보류하며 그 비밀취급이 해제된 때에는 지체없이 등록공고를 하여야 하며 등록공고가 있는 날부터 3월간 출원서류 및 그 부속물건을 공중의 열람에 제공해야 한다.
137,10-2022-0027287,1020220027287,1020220027287,,1,PA0109,특허출원,20220303,특허를 받고자 하는 자는 특허가 담은 발명에 대한 서류를 작성한 특허출원서를 특허청장에게 제출하여야한다.
137,10-2022-0027287,1020220027287,1020220027287,,2,PA0201,심사청구,20220303,"특허출원 이후 3년 이내에 특허청장에게 그 특허출원에 관하여 출원심사의 청구를 할 수 있고, 다만, 제34조 및 제35조에 따른 정당한 권리자의 특허출원, 분할출원 또는 변경출원에 관하여는 그 기간이 지난 후에도 정당한 권리자가 특허출원을 한 날, 분할출원을 한 날 또는 변경출원을 한 날부터 각각 30일 이내에 출원심사 청구를 할 수 있다. 심사청구가 있을 시에 한하여 특허출원을 심사한다."
137,10-2022-0027287,1020220027287,1020220027287,,3,PG1501,출원공개,20230912,"출원인의 신청에 의하여 조기공개신청  또는 특허출원 이후 1년 6개월 경과 후 심사여부와 관계없이 출원공개를 해야하며 이는  발명의 공개를 통해 제3자의 중복연구, 중복투자 및 중복출원을 방지하는 한편 기술이용의 기회를 제공한다."
137,10-2022-0027287,1020220027287,1020220027287,,4,PE0902,거절이유통지,20231120,심사관은 특허법 제62조(특허거절결정)에 따라 특허거절결정을 하고자 할 때에는 출원인에게 거절이유를 통지하고 기간을 정하여 의견서를 제출할 기회를 주어야 한다. 다만 특허법 제51조(보정각하)에 따라 보정각하결정을 할때는 그러지 아니한다. 심사관이 행하는 거절이유통지는 2종류로 구분되며 그 종류에 따라 출원인이 할 수 있는 명세서 또는 도면의 보정 범위가 다르게 제한된다. 하나는 거절이유통지에 대한 보정에 따라 발생한 거절이유만을 통지하는 거절이유통지(최후거절이유통지)와 다른 하나는 출원인이 처음으로 받거나 최후거절이유통지가 아닌 거절이유통지(최초거절이유통지)를 말한다.
137,10-2022-0027287,1020220027287,1020220027287,,5,PE0701,등록결정,20240727,심사관은 특허출원에 대해 거절이유를 발견할 수 없는 경우 특허결정을 해야 한다. 특허결정이 있는 경우 특허청장은 그 특허결정의 등본을 출원인에게 송달해야 한다. 특허결정은 그 결정 등본이 송달된 때에 확정된다.
137,10-2022-0027287,1020220027287,1020220027287,,6,PR0701,설정등록,20240801,"특허권은 설정등록에 의해 발생하며, 특허결정이 된 후 출원인이 특허료를 납부하거나 보전한 경우 또는 추가납부하거나 특허료가 면제된 경우에 특허청장은 특허권을 설정하기 위한 등록을 해야 한다."
137,10-2022-0027287,1020220027287,1020220027287,,7,PR1002,등록료납부,20240801,"특허권의 설정등록을 받으려는 자는 설정등록받으려는 날 부터 3년분의 특허료를 납부한다.특허권의 설정등록을 받고자 하는자 또는 특허권자는 특허료 납부기간이 경과한 후에도 6개월 이내 특허료를 추가 납부할 수 있으며 특허료 추가 납부할 때에는 납부하여야 할 특허료의 2배 이내의 범위에서 납부해야한다. 추가납부기간 이내에 특허료를 납부하지 못한 경우에는 특허권리를 소멸하게 되는데, 이때 특허권자는 추가납부기간 만료일부터 3개월 이내에 특허료의 3배를 납부하고 그 소멸한 권리의 회복을 신청 할 수 있다."
137,10-2022-0027287,1020220027287,1020220027287,,8,PG1601,등록공고,20240805,특허권은 설정등록에 의해 발생하며 등록이 있는 때는 그 특허에 관하여 특허공보에 게재하여 등록공고를 하여야 한다. 비밀취급을 요하는 특허발명에 대하여는 비밀취급의 해제시까지 등록공고를 보류하며 그 비밀취급이 해제된 때에는 지체없이 등록공고를 하여야 하며 등록공고가 있는 날부터 3월간 출원서류 및 그 부속물건을 공중의 열람에 제공해야 한다.
138,10-2022-0027497,1020220027497,1020220027497,,1,PA0109,특허출원,20220303,특허를 받고자 하는 자는 특허가 담은 발명에 대한 서류를 작성한 특허출원서를 특허청장에게 제출하여야한다.
138,10-2022-0027497,1020220027497,1020220027497,,2,PA0201,심사청구,20220303,"특허출원 이후 3년 이내에 특허청장에게 그 특허출원에 관하여 출원심사의 청구를 할 수 있고, 다만, 제34조 및 제35조에 따른 정당한 권리자의 특허출원, 분할출원 또는 변경출원에 관하여는 그 기간이 지난 후에도 정당한 권리자가 특허출원을 한 날, 분할출원을 한 날 또는 변경출원을 한 날부터 각각 30일 이내에 출원심사 청구를 할 수 있다. 심사청구가 있을 시에 한하여 특허출원을 심사한다."
138,10-2022-0027497,1020220027497,1020220027497,,3,PG1501,출원공개,20230912,"출원인의 신청에 의하여 조기공개신청  또는 특허출원 이후 1년 6개월 경과 후 심사여부와 관계없이 출원공개를 해야하며 이는  발명의 공개를 통해 제3자의 중복연구, 중복투자 및 중복출원을 방지하는 한편 기술이용의 기회를 제공한다."
138,10-2022-0027497,1020220027497,1020220027497,,4,PE0902,거절이유통지,20231113,심사관은 특허법 제62조(특허거절결정)에 따라 특허거절결정을 하고자 할 때에는 출원인에게 거절이유를 통지하고 기간을 정하여 의견서를 제출할 기회를 주어야 한다. 다만 특허법 제51조(보정각하)에 따라 보정각하결정을 할때는 그러지 아니한다. 심사관이 행하는 거절이유통지는 2종류로 구분되며 그 종류에 따라 출원인이 할 수 있는 명세서 또는 도면의 보정 범위가 다르게 제한된다. 하나는 거절이유통지에 대한 보정에 따라 발생한 거절이유만을 통지하는 거절이유통지(최후거절이유통지)와 다른 하나는 출원인이 처음으로 받거나 최후거절이유통지가 아닌 거절이유통지(최초거절이유통지)를 말한다.
138,10-2022-0027497,1020220027497,1020220027497,,5,PE0701,등록결정,20240713,심사관은 특허출원에 대해 거절이유를 발견할 수 없는 경우 특허결정을 해야 한다. 특허결정이 있는 경우 특허청장은 그 특허결정의 등본을 출원인에게 송달해야 한다. 특허결정은 그 결정 등본이 송달된 때에 확정된다.
138,10-2022-0027497,1020220027497,1020220027497,,6,PG1601,등록공고,20240719,특허권은 설정등록에 의해 발생하며 등록이 있는 때는 그 특허에 관하여 특허공보에 게재하여 등록공고를 하여야 한다. 비밀취급을 요하는 특허발명에 대하여는 비밀취급의 해제시까지 등록공고를 보류하며 그 비밀취급이 해제된 때에는 지체없이 등록공고를 하여야 하며 등록공고가 있는 날부터 3월간 출원서류 및 그 부속물건을 공중의 열람에 제공해야 한다.
138,10-2022-0027497,1020220027497,1020220027497,,7,PR0701,설정등록,20240716,"특허권은 설정등록에 의해 발생하며, 특허결정이 된 후 출원인이 특허료를 납부하거나 보전한 경우 또는 추가납부하거나 특허료가 면제된 경우에 특허청장은 특허권을 설정하기 위한 등록을 해야 한다."
138,10-2022-0027497,1020220027497,1020220027497,,8,PR1002,등록료납부,20240716,"특허권의 설정등록을 받으려는 자는 설정등록받으려는 날 부터 3년분의 특허료를 납부한다.특허권의 설정등록을 받고자 하는자 또는 특허권자는 특허료 납부기간이 경과한 후에도 6개월 이내 특허료를 추가 납부할 수 있으며 특허료 추가 납부할 때에는 납부하여야 할 특허료의 2배 이내의 범위에서 납부해야한다. 추가납부기간 이내에 특허료를 납부하지 못한 경우에는 특허권리를 소멸하게 되는데, 이때 특허권자는 추가납부기간 만료일부터 3개월 이내에 특허료의 3배를 납부하고 그 소멸한 권리의 회복을 신청 할 수 있다."
139,10-2022-0027510,1020220027510,1020220027510,,1,PA0109,특허출원,20220303,특허를 받고자 하는 자는 특허가 담은 발명에 대한 서류를 작성한 특허출원서를 특허청장에게 제출하여야한다.
139,10-2022-0027510,1020220027510,1020220027510,,2,PA0201,심사청구,20220303,"특허출원 이후 3년 이내에 특허청장에게 그 특허출원에 관하여 출원심사의 청구를 할 수 있고, 다만, 제34조 및 제35조에 따른 정당한 권리자의 특허출원, 분할출원 또는 변경출원에 관하여는 그 기간이 지난 후에도 정당한 권리자가 특허출원을 한 날, 분할출원을 한 날 또는 변경출원을 한 날부터 각각 30일 이내에 출원심사 청구를 할 수 있다. 심사청구가 있을 시에 한하여 특허출원을 심사한다."
139,10-2022-0027510,1020220027510,1020220027510,,3,PG1501,출원공개,20230912,"출원인의 신청에 의하여 조기공개신청  또는 특허출원 이후 1년 6개월 경과 후 심사여부와 관계없이 출원공개를 해야하며 이는  발명의 공개를 통해 제3자의 중복연구, 중복투자 및 중복출원을 방지하는 한편 기술이용의 기회를 제공한다."
139,10-2022-0027510,1020220027510,1020220027510,,4,PE0902,거절이유통지,20231120,심사관은 특허법 제62조(특허거절결정)에 따라 특허거절결정을 하고자 할 때에는 출원인에게 거절이유를 통지하고 기간을 정하여 의견서를 제출할 기회를 주어야 한다. 다만 특허법 제51조(보정각하)에 따라 보정각하결정을 할때는 그러지 아니한다. 심사관이 행하는 거절이유통지는 2종류로 구분되며 그 종류에 따라 출원인이 할 수 있는 명세서 또는 도면의 보정 범위가 다르게 제한된다. 하나는 거절이유통지에 대한 보정에 따라 발생한 거절이유만을 통지하는 거절이유통지(최후거절이유통지)와 다른 하나는 출원인이 처음으로 받거나 최후거절이유통지가 아닌 거절이유통지(최초거절이유통지)를 말한다.
139,10-2022-0027510,1020220027510,1020220027510,,5,PE0601,특허거절결정,20240719,심사관은 특허출원이 특허법 제62조 각호의 어느 하나에 해당 할 경우 거절이유 통지 후 거절결정을 해야한다. 다만 거절결정전에 출원인은 심사관의 거절이유통지에 대응하여 의견서를 제출할수 있고 지정한 의견서 제출기간 이내에 보정서를 제출하여 명세서 또는 도면을 보정 할수 있다. 출원인이 의견서를 제출한 경우 제출된 의견서를 반영하여 거절이유가 유지될수 있는지 여부를 다시 심사한다. 만약 의견서 제출기간 이내에 보정서도 같이 제출한 경우에는 해당 보정서에 의한 보정사항을 반영하여 심사한다. 심사관은 의견서 및 보정사항을 반영하여 다시 심사한 후에도 거절이유통지에서 지적한 거절이유가 해소되지 않았다고 인정하는 경우 거절결정을 해야 한다.
139,10-2022-0027510,1020220027510,1020220027510,,6,PX0901,재심사,20241021,심사관이 거절결정한 출원에 대하여 출원인이 거절결정등본을 송달받은 날부터 30일(법정기간이 연장된 경우에는 그 연장된 때까지) 이내에 명세서 또는 도면을 보정하면 심사관은 보정된 출원을 다시 심사 해야 한다. 재심사청구된 경우 종전의 거절결정은 취소된 것으로 보므로 거절결정 전으로 돌아가 보정서가 제출된 통상의 심사와 동일하게 심사를 진행한다. 보정이 적법한 경우 보정사항을 반영하여 특허결정 또는 거절결정 여부를 결정한다. 보정이 부적법해 보정각하가 되면 바로 보정전 명세서를 심사대상으로 하여 심사를 계속 진행한다
139,10-2022-0027510,1020220027510,1020220027510,,7,PX0701,재심사후 등록결정,20241112,심사관이 거절결정한 출원에 대하여 출원인이 거절결정등본을 송달받은 날부터 30일(법정기간이 연장된 경우에는 그 연장된 때까지) 이내에 명세서 또는 도면을 보정하면 심사관은 보정된 출원을 다시 심사 해야 한다. 심사관은 보정서를 반영하여 재심사한 결과 거절이유를 발견할 수 없는 경우 특허결정을 해야 한다.
139,10-2022-0027510,1020220027510,1020220027510,,8,PG1601,등록공고,20241128,특허권은 설정등록에 의해 발생하며 등록이 있는 때는 그 특허에 관하여 특허공보에 게재하여 등록공고를 하여야 한다. 비밀취급을 요하는 특허발명에 대하여는 비밀취급의 해제시까지 등록공고를 보류하며 그 비밀취급이 해제된 때에는 지체없이 등록공고를 하여야 하며 등록공고가 있는 날부터 3월간 출원서류 및 그 부속물건을 공중의 열람에 제공해야 한다.
139,10-2022-0027510,1020220027510,1020220027510,,9,PR0701,설정등록,20241126,"특허권은 설정등록에 의해 발생하며, 특허결정이 된 후 출원인이 특허료를 납부하거나 보전한 경우 또는 추가납부하거나 특허료가 면제된 경우에 특허청장은 특허권을 설정하기 위한 등록을 해야 한다."
139,10-2022-0027510,1020220027510,1020220027510,,10,PR1002,등록료납부,20241126,"특허권의 설정등록을 받으려는 자는 설정등록받으려는 날 부터 3년분의 특허료를 납부한다.특허권의 설정등록을 받고자 하는자 또는 특허권자는 특허료 납부기간이 경과한 후에도 6개월 이내 특허료를 추가 납부할 수 있으며 특허료 추가 납부할 때에는 납부하여야 할 특허료의 2배 이내의 범위에서 납부해야한다. 추가납부기간 이내에 특허료를 납부하지 못한 경우에는 특허권리를 소멸하게 되는데, 이때 특허권자는 추가납부기간 만료일부터 3개월 이내에 특허료의 3배를 납부하고 그 소멸한 권리의 회복을 신청 할 수 있다."
140,10-2022-0049064,1020220049064,1020220049064,,1,PA0109,특허출원,20220420,특허를 받고자 하는 자는 특허가 담은 발명에 대한 서류를 작성한 특허출원서를 특허청장에게 제출하여야한다.
140,10-2022-0049064,1020220049064,1020220049064,,2,PA0201,심사청구,20220420,"특허출원 이후 3년 이내에 특허청장에게 그 특허출원에 관하여 출원심사의 청구를 할 수 있고, 다만, 제34조 및 제35조에 따른 정당한 권리자의 특허출원, 분할출원 또는 변경출원에 관하여는 그 기간이 지난 후에도 정당한 권리자가 특허출원을 한 날, 분할출원을 한 날 또는 변경출원을 한 날부터 각각 30일 이내에 출원심사 청구를 할 수 있다. 심사청구가 있을 시에 한하여 특허출원을 심사한다."
140,10-2022-0049064,1020220049064,1020220049064,,3,PE0902,거절이유통지,20230822,심사관은 특허법 제62조(특허거절결정)에 따라 특허거절결정을 하고자 할 때에는 출원인에게 거절이유를 통지하고 기간을 정하여 의견서를 제출할 기회를 주어야 한다. 다만 특허법 제51조(보정각하)에 따라 보정각하결정을 할때는 그러지 아니한다. 심사관이 행하는 거절이유통지는 2종류로 구분되며 그 종류에 따라 출원인이 할 수 있는 명세서 또는 도면의 보정 범위가 다르게 제한된다. 하나는 거절이유통지에 대한 보정에 따라 발생한 거절이유만을 통지하는 거절이유통지(최후거절이유통지)와 다른 하나는 출원인이 처음으로 받거나 최후거절이유통지가 아닌 거절이유통지(최초거절이유통지)를 말한다.
140,10-2022-0049064,1020220049064,1020220049064,,4,PG1501,출원공개,20231027,"출원인의 신청에 의하여 조기공개신청  또는 특허출원 이후 1년 6개월 경과 후 심사여부와 관계없이 출원공개를 해야하며 이는  발명의 공개를 통해 제3자의 중복연구, 중복투자 및 중복출원을 방지하는 한편 기술이용의 기회를 제공한다."
140,10-2022-0049064,1020220049064,1020220049064,,5,PE0701,등록결정,20240220,심사관은 특허출원에 대해 거절이유를 발견할 수 없는 경우 특허결정을 해야 한다. 특허결정이 있는 경우 특허청장은 그 특허결정의 등본을 출원인에게 송달해야 한다. 특허결정은 그 결정 등본이 송달된 때에 확정된다.
140,10-2022-0049064,1020220049064,1020220049064,,6,PG1601,등록공고,20240229,특허권은 설정등록에 의해 발생하며 등록이 있는 때는 그 특허에 관하여 특허공보에 게재하여 등록공고를 하여야 한다. 비밀취급을 요하는 특허발명에 대하여는 비밀취급의 해제시까지 등록공고를 보류하며 그 비밀취급이 해제된 때에는 지체없이 등록공고를 하여야 하며 등록공고가 있는 날부터 3월간 출원서류 및 그 부속물건을 공중의 열람에 제공해야 한다.
140,10-2022-0049064,1020220049064,1020220049064,,7,PR0701,설정등록,20240227,"특허권은 설정등록에 의해 발생하며, 특허결정이 된 후 출원인이 특허료를 납부하거나 보전한 경우 또는 추가납부하거나 특허료가 면제된 경우에 특허청장은 특허권을 설정하기 위한 등록을 해야 한다."
140,10-2022-0049064,1020220049064,1020220049064,,8,PR1002,등록료납부,20240227,"특허권의 설정등록을 받으려는 자는 설정등록받으려는 날 부터 3년분의 특허료를 납부한다.특허권의 설정등록을 받고자 하는자 또는 특허권자는 특허료 납부기간이 경과한 후에도 6개월 이내 특허료를 추가 납부할 수 있으며 특허료 추가 납부할 때에는 납부하여야 할 특허료의 2배 이내의 범위에서 납부해야한다. 추가납부기간 이내에 특허료를 납부하지 못한 경우에는 특허권리를 소멸하게 되는데, 이때 특허권자는 추가납부기간 만료일부터 3개월 이내에 특허료의 3배를 납부하고 그 소멸한 권리의 회복을 신청 할 수 있다."
141,10-2022-0070827,1020220070827,1020220070827,,1,PA0109,특허출원,20220610,특허를 받고자 하는 자는 특허가 담은 발명에 대한 서류를 작성한 특허출원서를 특허청장에게 제출하여야한다.
141,10-2022-0070827,1020220070827,1020220070827,,2,PA0201,심사청구,20220610,"특허출원 이후 3년 이내에 특허청장에게 그 특허출원에 관하여 출원심사의 청구를 할 수 있고, 다만, 제34조 및 제35조에 따른 정당한 권리자의 특허출원, 분할출원 또는 변경출원에 관하여는 그 기간이 지난 후에도 정당한 권리자가 특허출원을 한 날, 분할출원을 한 날 또는 변경출원을 한 날부터 각각 30일 이내에 출원심사 청구를 할 수 있다. 심사청구가 있을 시에 한하여 특허출원을 심사한다."
141,10-2022-0070827,1020220070827,1020220070827,,3,PG1501,출원공개,20231219,"출원인의 신청에 의하여 조기공개신청  또는 특허출원 이후 1년 6개월 경과 후 심사여부와 관계없이 출원공개를 해야하며 이는  발명의 공개를 통해 제3자의 중복연구, 중복투자 및 중복출원을 방지하는 한편 기술이용의 기회를 제공한다."
141,10-2022-0070827,1020220070827,1020220070827,,4,PE0902,거절이유통지,20240830,심사관은 특허법 제62조(특허거절결정)에 따라 특허거절결정을 하고자 할 때에는 출원인에게 거절이유를 통지하고 기간을 정하여 의견서를 제출할 기회를 주어야 한다. 다만 특허법 제51조(보정각하)에 따라 보정각하결정을 할때는 그러지 아니한다. 심사관이 행하는 거절이유통지는 2종류로 구분되며 그 종류에 따라 출원인이 할 수 있는 명세서 또는 도면의 보정 범위가 다르게 제한된다. 하나는 거절이유통지에 대한 보정에 따라 발생한 거절이유만을 통지하는 거절이유통지(최후거절이유통지)와 다른 하나는 출원인이 처음으로 받거나 최후거절이유통지가 아닌 거절이유통지(최초거절이유통지)를 말한다.
141,10-2022-0070827,1020220070827,1020220070827,,5,PE0601,특허거절결정,20250123,심사관은 특허출원이 특허법 제62조 각호의 어느 하나에 해당 할 경우 거절이유 통지 후 거절결정을 해야한다. 다만 거절결정전에 출원인은 심사관의 거절이유통지에 대응하여 의견서를 제출할수 있고 지정한 의견서 제출기간 이내에 보정서를 제출하여 명세서 또는 도면을 보정 할수 있다. 출원인이 의견서를 제출한 경우 제출된 의견서를 반영하여 거절이유가 유지될수 있는지 여부를 다시 심사한다. 만약 의견서 제출기간 이내에 보정서도 같이 제출한 경우에는 해당 보정서에 의한 보정사항을 반영하여 심사한다. 심사관은 의견서 및 보정사항을 반영하여 다시 심사한 후에도 거절이유통지에서 지적한 거절이유가 해소되지 않았다고 인정하는 경우 거절결정을 해야 한다.
141,10-2022-0070827,1020220070827,1020220070827,,6,PX0701,재심사후 등록결정,20250522,심사관이 거절결정한 출원에 대하여 출원인이 거절결정등본을 송달받은 날부터 30일(법정기간이 연장된 경우에는 그 연장된 때까지) 이내에 명세서 또는 도면을 보정하면 심사관은 보정된 출원을 다시 심사 해야 한다. 심사관은 보정서를 반영하여 재심사한 결과 거절이유를 발견할 수 없는 경우 특허결정을 해야 한다.
141,10-2022-0070827,1020220070827,1020220070827,,7,PG1601,등록공고,20250529,특허권은 설정등록에 의해 발생하며 등록이 있는 때는 그 특허에 관하여 특허공보에 게재하여 등록공고를 하여야 한다. 비밀취급을 요하는 특허발명에 대하여는 비밀취급의 해제시까지 등록공고를 보류하며 그 비밀취급이 해제된 때에는 지체없이 등록공고를 하여야 하며 등록공고가 있는 날부터 3월간 출원서류 및 그 부속물건을 공중의 열람에 제공해야 한다.
141,10-2022-0070827,1020220070827,1020220070827,,8,PR0701,설정등록,20250527,"특허권은 설정등록에 의해 발생하며, 특허결정이 된 후 출원인이 특허료를 납부하거나 보전한 경우 또는 추가납부하거나 특허료가 면제된 경우에 특허청장은 특허권을 설정하기 위한 등록을 해야 한다."
141,10-2022-0070827,1020220070827,1020220070827,,9,PR1002,등록료납부,20250527,"특허권의 설정등록을 받으려는 자는 설정등록받으려는 날 부터 3년분의 특허료를 납부한다.특허권의 설정등록을 받고자 하는자 또는 특허권자는 특허료 납부기간이 경과한 후에도 6개월 이내 특허료를 추가 납부할 수 있으며 특허료 추가 납부할 때에는 납부하여야 할 특허료의 2배 이내의 범위에서 납부해야한다. 추가납부기간 이내에 특허료를 납부하지 못한 경우에는 특허권리를 소멸하게 되는데, 이때 특허권자는 추가납부기간 만료일부터 3개월 이내에 특허료의 3배를 납부하고 그 소멸한 권리의 회복을 신청 할 수 있다."
142,10-2022-0088684,1020220088684,1020220088684,,1,PA0109,특허출원,20220719,특허를 받고자 하는 자는 특허가 담은 발명에 대한 서류를 작성한 특허출원서를 특허청장에게 제출하여야한다.
142,10-2022-0088684,1020220088684,1020220088684,,2,PA0201,심사청구,20220719,"특허출원 이후 3년 이내에 특허청장에게 그 특허출원에 관하여 출원심사의 청구를 할 수 있고, 다만, 제34조 및 제35조에 따른 정당한 권리자의 특허출원, 분할출원 또는 변경출원에 관하여는 그 기간이 지난 후에도 정당한 권리자가 특허출원을 한 날, 분할출원을 한 날 또는 변경출원을 한 날부터 각각 30일 이내에 출원심사 청구를 할 수 있다. 심사청구가 있을 시에 한하여 특허출원을 심사한다."
142,10-2022-0088684,1020220088684,1020220088684,,3,PG1501,출원공개,20240126,"출원인의 신청에 의하여 조기공개신청  또는 특허출원 이후 1년 6개월 경과 후 심사여부와 관계없이 출원공개를 해야하며 이는  발명의 공개를 통해 제3자의 중복연구, 중복투자 및 중복출원을 방지하는 한편 기술이용의 기회를 제공한다."
142,10-2022-0088684,1020220088684,1020220088684,,4,PE0902,거절이유통지,20241223,심사관은 특허법 제62조(특허거절결정)에 따라 특허거절결정을 하고자 할 때에는 출원인에게 거절이유를 통지하고 기간을 정하여 의견서를 제출할 기회를 주어야 한다. 다만 특허법 제51조(보정각하)에 따라 보정각하결정을 할때는 그러지 아니한다. 심사관이 행하는 거절이유통지는 2종류로 구분되며 그 종류에 따라 출원인이 할 수 있는 명세서 또는 도면의 보정 범위가 다르게 제한된다. 하나는 거절이유통지에 대한 보정에 따라 발생한 거절이유만을 통지하는 거절이유통지(최후거절이유통지)와 다른 하나는 출원인이 처음으로 받거나 최후거절이유통지가 아닌 거절이유통지(최초거절이유통지)를 말한다.
143,10-2022-0124832,1020220124832,1020220124832,,1,PA0109,특허출원,20220930,특허를 받고자 하는 자는 특허가 담은 발명에 대한 서류를 작성한 특허출원서를 특허청장에게 제출하여야한다.
143,10-2022-0124832,1020220124832,1020220124832,,2,PA0201,심사청구,20220930,"특허출원 이후 3년 이내에 특허청장에게 그 특허출원에 관하여 출원심사의 청구를 할 수 있고, 다만, 제34조 및 제35조에 따른 정당한 권리자의 특허출원, 분할출원 또는 변경출원에 관하여는 그 기간이 지난 후에도 정당한 권리자가 특허출원을 한 날, 분할출원을 한 날 또는 변경출원을 한 날부터 각각 30일 이내에 출원심사 청구를 할 수 있다. 심사청구가 있을 시에 한하여 특허출원을 심사한다."
143,10-2022-0124832,1020220124832,1020220124832,,3,PA0302,우선심사신청,20221007,"특허출원인이 아닌 자가 업으로서 특허출원된 발명을 실시하고 있다고 인정되거나 대통령령이 정하는 특허출원으로서 긴급처리가 필요하다고 인정되는 경우 우선심사를 신청할 수 있고, 신청사유가 타당할 시 해당하는 특허출원에 대하여 심사관으로 하여금 다른 특허출원에 우선하여 심사하게 하도록 우선심사신청을 한다."
143,10-2022-0124832,1020220124832,1020220124832,,4,PE0701,등록결정,20230710,심사관은 특허출원에 대해 거절이유를 발견할 수 없는 경우 특허결정을 해야 한다. 특허결정이 있는 경우 특허청장은 그 특허결정의 등본을 출원인에게 송달해야 한다. 특허결정은 그 결정 등본이 송달된 때에 확정된다.
143,10-2022-0124832,1020220124832,1020220124832,,5,PE0902,거절이유통지,20230317,심사관은 특허법 제62조(특허거절결정)에 따라 특허거절결정을 하고자 할 때에는 출원인에게 거절이유를 통지하고 기간을 정하여 의견서를 제출할 기회를 주어야 한다. 다만 특허법 제51조(보정각하)에 따라 보정각하결정을 할때는 그러지 아니한다. 심사관이 행하는 거절이유통지는 2종류로 구분되며 그 종류에 따라 출원인이 할 수 있는 명세서 또는 도면의 보정 범위가 다르게 제한된다. 하나는 거절이유통지에 대한 보정에 따라 발생한 거절이유만을 통지하는 거절이유통지(최후거절이유통지)와 다른 하나는 출원인이 처음으로 받거나 최후거절이유통지가 아닌 거절이유통지(최초거절이유통지)를 말한다.
143,10-2022-0124832,1020220124832,1020220124832,,6,PG1601,등록공고,20230713,특허권은 설정등록에 의해 발생하며 등록이 있는 때는 그 특허에 관하여 특허공보에 게재하여 등록공고를 하여야 한다. 비밀취급을 요하는 특허발명에 대하여는 비밀취급의 해제시까지 등록공고를 보류하며 그 비밀취급이 해제된 때에는 지체없이 등록공고를 하여야 하며 등록공고가 있는 날부터 3월간 출원서류 및 그 부속물건을 공중의 열람에 제공해야 한다.
143,10-2022-0124832,1020220124832,1020220124832,,7,PR0701,설정등록,20230711,"특허권은 설정등록에 의해 발생하며, 특허결정이 된 후 출원인이 특허료를 납부하거나 보전한 경우 또는 추가납부하거나 특허료가 면제된 경우에 특허청장은 특허권을 설정하기 위한 등록을 해야 한다."
143,10-2022-0124832,1020220124832,1020220124832,,8,PR1002,등록료납부,20230711,"특허권의 설정등록을 받으려는 자는 설정등록받으려는 날 부터 3년분의 특허료를 납부한다.특허권의 설정등록을 받고자 하는자 또는 특허권자는 특허료 납부기간이 경과한 후에도 6개월 이내 특허료를 추가 납부할 수 있으며 특허료 추가 납부할 때에는 납부하여야 할 특허료의 2배 이내의 범위에서 납부해야한다. 추가납부기간 이내에 특허료를 납부하지 못한 경우에는 특허권리를 소멸하게 되는데, 이때 특허권자는 추가납부기간 만료일부터 3개월 이내에 특허료의 3배를 납부하고 그 소멸한 권리의 회복을 신청 할 수 있다."
144,10-2022-0124840,1020220124840,1020220124840,,1,PA0109,특허출원,20220930,특허를 받고자 하는 자는 특허가 담은 발명에 대한 서류를 작성한 특허출원서를 특허청장에게 제출하여야한다.
144,10-2022-0124840,1020220124840,1020220124840,,2,PA0201,심사청구,20220930,"특허출원 이후 3년 이내에 특허청장에게 그 특허출원에 관하여 출원심사의 청구를 할 수 있고, 다만, 제34조 및 제35조에 따른 정당한 권리자의 특허출원, 분할출원 또는 변경출원에 관하여는 그 기간이 지난 후에도 정당한 권리자가 특허출원을 한 날, 분할출원을 한 날 또는 변경출원을 한 날부터 각각 30일 이내에 출원심사 청구를 할 수 있다. 심사청구가 있을 시에 한하여 특허출원을 심사한다."
144,10-2022-0124840,1020220124840,1020220124840,,3,PA0302,우선심사신청,20221007,"특허출원인이 아닌 자가 업으로서 특허출원된 발명을 실시하고 있다고 인정되거나 대통령령이 정하는 특허출원으로서 긴급처리가 필요하다고 인정되는 경우 우선심사를 신청할 수 있고, 신청사유가 타당할 시 해당하는 특허출원에 대하여 심사관으로 하여금 다른 특허출원에 우선하여 심사하게 하도록 우선심사신청을 한다."
144,10-2022-0124840,1020220124840,1020220124840,,4,PE0701,등록결정,20230918,심사관은 특허출원에 대해 거절이유를 발견할 수 없는 경우 특허결정을 해야 한다. 특허결정이 있는 경우 특허청장은 그 특허결정의 등본을 출원인에게 송달해야 한다. 특허결정은 그 결정 등본이 송달된 때에 확정된다.
144,10-2022-0124840,1020220124840,1020220124840,,5,PE0902,거절이유통지,20230503,심사관은 특허법 제62조(특허거절결정)에 따라 특허거절결정을 하고자 할 때에는 출원인에게 거절이유를 통지하고 기간을 정하여 의견서를 제출할 기회를 주어야 한다. 다만 특허법 제51조(보정각하)에 따라 보정각하결정을 할때는 그러지 아니한다. 심사관이 행하는 거절이유통지는 2종류로 구분되며 그 종류에 따라 출원인이 할 수 있는 명세서 또는 도면의 보정 범위가 다르게 제한된다. 하나는 거절이유통지에 대한 보정에 따라 발생한 거절이유만을 통지하는 거절이유통지(최후거절이유통지)와 다른 하나는 출원인이 처음으로 받거나 최후거절이유통지가 아닌 거절이유통지(최초거절이유통지)를 말한다.
144,10-2022-0124840,1020220124840,1020220124840,,6,PG1601,등록공고,20230921,특허권은 설정등록에 의해 발생하며 등록이 있는 때는 그 특허에 관하여 특허공보에 게재하여 등록공고를 하여야 한다. 비밀취급을 요하는 특허발명에 대하여는 비밀취급의 해제시까지 등록공고를 보류하며 그 비밀취급이 해제된 때에는 지체없이 등록공고를 하여야 하며 등록공고가 있는 날부터 3월간 출원서류 및 그 부속물건을 공중의 열람에 제공해야 한다.
144,10-2022-0124840,1020220124840,1020220124840,,7,PR0701,설정등록,20230919,"특허권은 설정등록에 의해 발생하며, 특허결정이 된 후 출원인이 특허료를 납부하거나 보전한 경우 또는 추가납부하거나 특허료가 면제된 경우에 특허청장은 특허권을 설정하기 위한 등록을 해야 한다."
144,10-2022-0124840,1020220124840,1020220124840,,8,PR1002,등록료납부,20230919,"특허권의 설정등록을 받으려는 자는 설정등록받으려는 날 부터 3년분의 특허료를 납부한다.특허권의 설정등록을 받고자 하는자 또는 특허권자는 특허료 납부기간이 경과한 후에도 6개월 이내 특허료를 추가 납부할 수 있으며 특허료 추가 납부할 때에는 납부하여야 할 특허료의 2배 이내의 범위에서 납부해야한다. 추가납부기간 이내에 특허료를 납부하지 못한 경우에는 특허권리를 소멸하게 되는데, 이때 특허권자는 추가납부기간 만료일부터 3개월 이내에 특허료의 3배를 납부하고 그 소멸한 권리의 회복을 신청 할 수 있다."
145,10-2022-0124849,1020220124849,1020220124849,,1,PA0109,특허출원,20220930,특허를 받고자 하는 자는 특허가 담은 발명에 대한 서류를 작성한 특허출원서를 특허청장에게 제출하여야한다.
145,10-2022-0124849,1020220124849,1020220124849,,2,PA0201,심사청구,20220930,"특허출원 이후 3년 이내에 특허청장에게 그 특허출원에 관하여 출원심사의 청구를 할 수 있고, 다만, 제34조 및 제35조에 따른 정당한 권리자의 특허출원, 분할출원 또는 변경출원에 관하여는 그 기간이 지난 후에도 정당한 권리자가 특허출원을 한 날, 분할출원을 한 날 또는 변경출원을 한 날부터 각각 30일 이내에 출원심사 청구를 할 수 있다. 심사청구가 있을 시에 한하여 특허출원을 심사한다."
145,10-2022-0124849,1020220124849,1020220124849,,3,PA0302,우선심사신청,20221007,"특허출원인이 아닌 자가 업으로서 특허출원된 발명을 실시하고 있다고 인정되거나 대통령령이 정하는 특허출원으로서 긴급처리가 필요하다고 인정되는 경우 우선심사를 신청할 수 있고, 신청사유가 타당할 시 해당하는 특허출원에 대하여 심사관으로 하여금 다른 특허출원에 우선하여 심사하게 하도록 우선심사신청을 한다."
145,10-2022-0124849,1020220124849,1020220124849,,4,PE0701,등록결정,20231205,심사관은 특허출원에 대해 거절이유를 발견할 수 없는 경우 특허결정을 해야 한다. 특허결정이 있는 경우 특허청장은 그 특허결정의 등본을 출원인에게 송달해야 한다. 특허결정은 그 결정 등본이 송달된 때에 확정된다.
145,10-2022-0124849,1020220124849,1020220124849,,5,PE0902,거절이유통지,20230607,심사관은 특허법 제62조(특허거절결정)에 따라 특허거절결정을 하고자 할 때에는 출원인에게 거절이유를 통지하고 기간을 정하여 의견서를 제출할 기회를 주어야 한다. 다만 특허법 제51조(보정각하)에 따라 보정각하결정을 할때는 그러지 아니한다. 심사관이 행하는 거절이유통지는 2종류로 구분되며 그 종류에 따라 출원인이 할 수 있는 명세서 또는 도면의 보정 범위가 다르게 제한된다. 하나는 거절이유통지에 대한 보정에 따라 발생한 거절이유만을 통지하는 거절이유통지(최후거절이유통지)와 다른 하나는 출원인이 처음으로 받거나 최후거절이유통지가 아닌 거절이유통지(최초거절이유통지)를 말한다.
145,10-2022-0124849,1020220124849,1020220124849,,6,PE0902,거절이유통지,20231010,심사관은 특허법 제62조(특허거절결정)에 따라 특허거절결정을 하고자 할 때에는 출원인에게 거절이유를 통지하고 기간을 정하여 의견서를 제출할 기회를 주어야 한다. 다만 특허법 제51조(보정각하)에 따라 보정각하결정을 할때는 그러지 아니한다. 심사관이 행하는 거절이유통지는 2종류로 구분되며 그 종류에 따라 출원인이 할 수 있는 명세서 또는 도면의 보정 범위가 다르게 제한된다. 하나는 거절이유통지에 대한 보정에 따라 발생한 거절이유만을 통지하는 거절이유통지(최후거절이유통지)와 다른 하나는 출원인이 처음으로 받거나 최후거절이유통지가 아닌 거절이유통지(최초거절이유통지)를 말한다.
145,10-2022-0124849,1020220124849,1020220124849,,7,PG1601,등록공고,20231213,특허권은 설정등록에 의해 발생하며 등록이 있는 때는 그 특허에 관하여 특허공보에 게재하여 등록공고를 하여야 한다. 비밀취급을 요하는 특허발명에 대하여는 비밀취급의 해제시까지 등록공고를 보류하며 그 비밀취급이 해제된 때에는 지체없이 등록공고를 하여야 하며 등록공고가 있는 날부터 3월간 출원서류 및 그 부속물건을 공중의 열람에 제공해야 한다.
145,10-2022-0124849,1020220124849,1020220124849,,8,PR0701,설정등록,20231211,"특허권은 설정등록에 의해 발생하며, 특허결정이 된 후 출원인이 특허료를 납부하거나 보전한 경우 또는 추가납부하거나 특허료가 면제된 경우에 특허청장은 특허권을 설정하기 위한 등록을 해야 한다."
145,10-2022-0124849,1020220124849,1020220124849,,9,PR1002,등록료납부,20231211,"특허권의 설정등록을 받으려는 자는 설정등록받으려는 날 부터 3년분의 특허료를 납부한다.특허권의 설정등록을 받고자 하는자 또는 특허권자는 특허료 납부기간이 경과한 후에도 6개월 이내 특허료를 추가 납부할 수 있으며 특허료 추가 납부할 때에는 납부하여야 할 특허료의 2배 이내의 범위에서 납부해야한다. 추가납부기간 이내에 특허료를 납부하지 못한 경우에는 특허권리를 소멸하게 되는데, 이때 특허권자는 추가납부기간 만료일부터 3개월 이내에 특허료의 3배를 납부하고 그 소멸한 권리의 회복을 신청 할 수 있다."
146,10-2022-0124850,1020220124850,1020220124850,,1,PA0109,특허출원,20220930,특허를 받고자 하는 자는 특허가 담은 발명에 대한 서류를 작성한 특허출원서를 특허청장에게 제출하여야한다.
146,10-2022-0124850,1020220124850,1020220124850,,2,PA0201,심사청구,20220930,"특허출원 이후 3년 이내에 특허청장에게 그 특허출원에 관하여 출원심사의 청구를 할 수 있고, 다만, 제34조 및 제35조에 따른 정당한 권리자의 특허출원, 분할출원 또는 변경출원에 관하여는 그 기간이 지난 후에도 정당한 권리자가 특허출원을 한 날, 분할출원을 한 날 또는 변경출원을 한 날부터 각각 30일 이내에 출원심사 청구를 할 수 있다. 심사청구가 있을 시에 한하여 특허출원을 심사한다."
146,10-2022-0124850,1020220124850,1020220124850,,3,PA0302,우선심사신청,20221007,"특허출원인이 아닌 자가 업으로서 특허출원된 발명을 실시하고 있다고 인정되거나 대통령령이 정하는 특허출원으로서 긴급처리가 필요하다고 인정되는 경우 우선심사를 신청할 수 있고, 신청사유가 타당할 시 해당하는 특허출원에 대하여 심사관으로 하여금 다른 특허출원에 우선하여 심사하게 하도록 우선심사신청을 한다."
146,10-2022-0124850,1020220124850,1020220124850,,4,PE0701,등록결정,20230822,심사관은 특허출원에 대해 거절이유를 발견할 수 없는 경우 특허결정을 해야 한다. 특허결정이 있는 경우 특허청장은 그 특허결정의 등본을 출원인에게 송달해야 한다. 특허결정은 그 결정 등본이 송달된 때에 확정된다.
146,10-2022-0124850,1020220124850,1020220124850,,5,PE0902,거절이유통지,20230615,심사관은 특허법 제62조(특허거절결정)에 따라 특허거절결정을 하고자 할 때에는 출원인에게 거절이유를 통지하고 기간을 정하여 의견서를 제출할 기회를 주어야 한다. 다만 특허법 제51조(보정각하)에 따라 보정각하결정을 할때는 그러지 아니한다. 심사관이 행하는 거절이유통지는 2종류로 구분되며 그 종류에 따라 출원인이 할 수 있는 명세서 또는 도면의 보정 범위가 다르게 제한된다. 하나는 거절이유통지에 대한 보정에 따라 발생한 거절이유만을 통지하는 거절이유통지(최후거절이유통지)와 다른 하나는 출원인이 처음으로 받거나 최후거절이유통지가 아닌 거절이유통지(최초거절이유통지)를 말한다.
146,10-2022-0124850,1020220124850,1020220124850,,6,PG1601,등록공고,20230828,특허권은 설정등록에 의해 발생하며 등록이 있는 때는 그 특허에 관하여 특허공보에 게재하여 등록공고를 하여야 한다. 비밀취급을 요하는 특허발명에 대하여는 비밀취급의 해제시까지 등록공고를 보류하며 그 비밀취급이 해제된 때에는 지체없이 등록공고를 하여야 하며 등록공고가 있는 날부터 3월간 출원서류 및 그 부속물건을 공중의 열람에 제공해야 한다.
146,10-2022-0124850,1020220124850,1020220124850,,7,PR0701,설정등록,20230824,"특허권은 설정등록에 의해 발생하며, 특허결정이 된 후 출원인이 특허료를 납부하거나 보전한 경우 또는 추가납부하거나 특허료가 면제된 경우에 특허청장은 특허권을 설정하기 위한 등록을 해야 한다."
146,10-2022-0124850,1020220124850,1020220124850,,8,PR1002,등록료납부,20230824,"특허권의 설정등록을 받으려는 자는 설정등록받으려는 날 부터 3년분의 특허료를 납부한다.특허권의 설정등록을 받고자 하는자 또는 특허권자는 특허료 납부기간이 경과한 후에도 6개월 이내 특허료를 추가 납부할 수 있으며 특허료 추가 납부할 때에는 납부하여야 할 특허료의 2배 이내의 범위에서 납부해야한다. 추가납부기간 이내에 특허료를 납부하지 못한 경우에는 특허권리를 소멸하게 되는데, 이때 특허권자는 추가납부기간 만료일부터 3개월 이내에 특허료의 3배를 납부하고 그 소멸한 권리의 회복을 신청 할 수 있다."
147,10-2022-0134195,1020220134195,1020220134195,,1,PA0109,특허출원,20221018,특허를 받고자 하는 자는 특허가 담은 발명에 대한 서류를 작성한 특허출원서를 특허청장에게 제출하여야한다.
147,10-2022-0134195,1020220134195,1020220134195,,2,PA0201,심사청구,20221018,"특허출원 이후 3년 이내에 특허청장에게 그 특허출원에 관하여 출원심사의 청구를 할 수 있고, 다만, 제34조 및 제35조에 따른 정당한 권리자의 특허출원, 분할출원 또는 변경출원에 관하여는 그 기간이 지난 후에도 정당한 권리자가 특허출원을 한 날, 분할출원을 한 날 또는 변경출원을 한 날부터 각각 30일 이내에 출원심사 청구를 할 수 있다. 심사청구가 있을 시에 한하여 특허출원을 심사한다."
147,10-2022-0134195,1020220134195,1020220134195,,3,PG1501,출원공개,20240425,"출원인의 신청에 의하여 조기공개신청  또는 특허출원 이후 1년 6개월 경과 후 심사여부와 관계없이 출원공개를 해야하며 이는  발명의 공개를 통해 제3자의 중복연구, 중복투자 및 중복출원을 방지하는 한편 기술이용의 기회를 제공한다."
147,10-2022-0134195,1020220134195,1020220134195,,4,PE0902,거절이유통지,20250512,심사관은 특허법 제62조(특허거절결정)에 따라 특허거절결정을 하고자 할 때에는 출원인에게 거절이유를 통지하고 기간을 정하여 의견서를 제출할 기회를 주어야 한다. 다만 특허법 제51조(보정각하)에 따라 보정각하결정을 할때는 그러지 아니한다. 심사관이 행하는 거절이유통지는 2종류로 구분되며 그 종류에 따라 출원인이 할 수 있는 명세서 또는 도면의 보정 범위가 다르게 제한된다. 하나는 거절이유통지에 대한 보정에 따라 발생한 거절이유만을 통지하는 거절이유통지(최후거절이유통지)와 다른 하나는 출원인이 처음으로 받거나 최후거절이유통지가 아닌 거절이유통지(최초거절이유통지)를 말한다.
148,10-2022-0144193,1020220144193,1020220144193,,1,PA0109,특허출원,20221102,특허를 받고자 하는 자는 특허가 담은 발명에 대한 서류를 작성한 특허출원서를 특허청장에게 제출하여야한다.
148,10-2022-0144193,1020220144193,1020220144193,,2,PA0201,심사청구,20221102,"특허출원 이후 3년 이내에 특허청장에게 그 특허출원에 관하여 출원심사의 청구를 할 수 있고, 다만, 제34조 및 제35조에 따른 정당한 권리자의 특허출원, 분할출원 또는 변경출원에 관하여는 그 기간이 지난 후에도 정당한 권리자가 특허출원을 한 날, 분할출원을 한 날 또는 변경출원을 한 날부터 각각 30일 이내에 출원심사 청구를 할 수 있다. 심사청구가 있을 시에 한하여 특허출원을 심사한다."
148,10-2022-0144193,1020220144193,1020220144193,,3,PG1501,출원공개,20240509,"출원인의 신청에 의하여 조기공개신청  또는 특허출원 이후 1년 6개월 경과 후 심사여부와 관계없이 출원공개를 해야하며 이는  발명의 공개를 통해 제3자의 중복연구, 중복투자 및 중복출원을 방지하는 한편 기술이용의 기회를 제공한다."
148,10-2022-0144193,1020220144193,1020220144193,,4,PE0902,거절이유통지,20241114,심사관은 특허법 제62조(특허거절결정)에 따라 특허거절결정을 하고자 할 때에는 출원인에게 거절이유를 통지하고 기간을 정하여 의견서를 제출할 기회를 주어야 한다. 다만 특허법 제51조(보정각하)에 따라 보정각하결정을 할때는 그러지 아니한다. 심사관이 행하는 거절이유통지는 2종류로 구분되며 그 종류에 따라 출원인이 할 수 있는 명세서 또는 도면의 보정 범위가 다르게 제한된다. 하나는 거절이유통지에 대한 보정에 따라 발생한 거절이유만을 통지하는 거절이유통지(최후거절이유통지)와 다른 하나는 출원인이 처음으로 받거나 최후거절이유통지가 아닌 거절이유통지(최초거절이유통지)를 말한다.
148,10-2022-0144193,1020220144193,1020220144193,,5,PE0902,거절이유통지,20250306,심사관은 특허법 제62조(특허거절결정)에 따라 특허거절결정을 하고자 할 때에는 출원인에게 거절이유를 통지하고 기간을 정하여 의견서를 제출할 기회를 주어야 한다. 다만 특허법 제51조(보정각하)에 따라 보정각하결정을 할때는 그러지 아니한다. 심사관이 행하는 거절이유통지는 2종류로 구분되며 그 종류에 따라 출원인이 할 수 있는 명세서 또는 도면의 보정 범위가 다르게 제한된다. 하나는 거절이유통지에 대한 보정에 따라 발생한 거절이유만을 통지하는 거절이유통지(최후거절이유통지)와 다른 하나는 출원인이 처음으로 받거나 최후거절이유통지가 아닌 거절이유통지(최초거절이유통지)를 말한다.
149,10-2022-0144203,1020220144203,1020220144203,,1,PA0109,특허출원,20221102,특허를 받고자 하는 자는 특허가 담은 발명에 대한 서류를 작성한 특허출원서를 특허청장에게 제출하여야한다.
149,10-2022-0144203,1020220144203,1020220144203,,2,PA0201,심사청구,20221102,"특허출원 이후 3년 이내에 특허청장에게 그 특허출원에 관하여 출원심사의 청구를 할 수 있고, 다만, 제34조 및 제35조에 따른 정당한 권리자의 특허출원, 분할출원 또는 변경출원에 관하여는 그 기간이 지난 후에도 정당한 권리자가 특허출원을 한 날, 분할출원을 한 날 또는 변경출원을 한 날부터 각각 30일 이내에 출원심사 청구를 할 수 있다. 심사청구가 있을 시에 한하여 특허출원을 심사한다."
149,10-2022-0144203,1020220144203,1020220144203,,3,PG1501,출원공개,20240509,"출원인의 신청에 의하여 조기공개신청  또는 특허출원 이후 1년 6개월 경과 후 심사여부와 관계없이 출원공개를 해야하며 이는  발명의 공개를 통해 제3자의 중복연구, 중복투자 및 중복출원을 방지하는 한편 기술이용의 기회를 제공한다."
149,10-2022-0144203,1020220144203,1020220144203,,4,PE0902,거절이유통지,20241114,심사관은 특허법 제62조(특허거절결정)에 따라 특허거절결정을 하고자 할 때에는 출원인에게 거절이유를 통지하고 기간을 정하여 의견서를 제출할 기회를 주어야 한다. 다만 특허법 제51조(보정각하)에 따라 보정각하결정을 할때는 그러지 아니한다. 심사관이 행하는 거절이유통지는 2종류로 구분되며 그 종류에 따라 출원인이 할 수 있는 명세서 또는 도면의 보정 범위가 다르게 제한된다. 하나는 거절이유통지에 대한 보정에 따라 발생한 거절이유만을 통지하는 거절이유통지(최후거절이유통지)와 다른 하나는 출원인이 처음으로 받거나 최후거절이유통지가 아닌 거절이유통지(최초거절이유통지)를 말한다.
149,10-2022-0144203,1020220144203,1020220144203,,5,PE0701,등록결정,20250306,심사관은 특허출원에 대해 거절이유를 발견할 수 없는 경우 특허결정을 해야 한다. 특허결정이 있는 경우 특허청장은 그 특허결정의 등본을 출원인에게 송달해야 한다. 특허결정은 그 결정 등본이 송달된 때에 확정된다.
149,10-2022-0144203,1020220144203,1020220144203,,6,PG1601,등록공고,20250328,특허권은 설정등록에 의해 발생하며 등록이 있는 때는 그 특허에 관하여 특허공보에 게재하여 등록공고를 하여야 한다. 비밀취급을 요하는 특허발명에 대하여는 비밀취급의 해제시까지 등록공고를 보류하며 그 비밀취급이 해제된 때에는 지체없이 등록공고를 하여야 하며 등록공고가 있는 날부터 3월간 출원서류 및 그 부속물건을 공중의 열람에 제공해야 한다.
149,10-2022-0144203,1020220144203,1020220144203,,7,PR0701,설정등록,20250326,"특허권은 설정등록에 의해 발생하며, 특허결정이 된 후 출원인이 특허료를 납부하거나 보전한 경우 또는 추가납부하거나 특허료가 면제된 경우에 특허청장은 특허권을 설정하기 위한 등록을 해야 한다."
149,10-2022-0144203,1020220144203,1020220144203,,8,PR1002,등록료납부,20250326,"특허권의 설정등록을 받으려는 자는 설정등록받으려는 날 부터 3년분의 특허료를 납부한다.특허권의 설정등록을 받고자 하는자 또는 특허권자는 특허료 납부기간이 경과한 후에도 6개월 이내 특허료를 추가 납부할 수 있으며 특허료 추가 납부할 때에는 납부하여야 할 특허료의 2배 이내의 범위에서 납부해야한다. 추가납부기간 이내에 특허료를 납부하지 못한 경우에는 특허권리를 소멸하게 되는데, 이때 특허권자는 추가납부기간 만료일부터 3개월 이내에 특허료의 3배를 납부하고 그 소멸한 권리의 회복을 신청 할 수 있다."
150,10-2022-0144207,1020220144207,1020220144207,,1,PA0109,특허출원,20221102,특허를 받고자 하는 자는 특허가 담은 발명에 대한 서류를 작성한 특허출원서를 특허청장에게 제출하여야한다.
150,10-2022-0144207,1020220144207,1020220144207,,2,PA0201,심사청구,20221102,"특허출원 이후 3년 이내에 특허청장에게 그 특허출원에 관하여 출원심사의 청구를 할 수 있고, 다만, 제34조 및 제35조에 따른 정당한 권리자의 특허출원, 분할출원 또는 변경출원에 관하여는 그 기간이 지난 후에도 정당한 권리자가 특허출원을 한 날, 분할출원을 한 날 또는 변경출원을 한 날부터 각각 30일 이내에 출원심사 청구를 할 수 있다. 심사청구가 있을 시에 한하여 특허출원을 심사한다."
150,10-2022-0144207,1020220144207,1020220144207,,3,PG1501,출원공개,20240509,"출원인의 신청에 의하여 조기공개신청  또는 특허출원 이후 1년 6개월 경과 후 심사여부와 관계없이 출원공개를 해야하며 이는  발명의 공개를 통해 제3자의 중복연구, 중복투자 및 중복출원을 방지하는 한편 기술이용의 기회를 제공한다."
150,10-2022-0144207,1020220144207,1020220144207,,4,PE0902,거절이유통지,20250411,심사관은 특허법 제62조(특허거절결정)에 따라 특허거절결정을 하고자 할 때에는 출원인에게 거절이유를 통지하고 기간을 정하여 의견서를 제출할 기회를 주어야 한다. 다만 특허법 제51조(보정각하)에 따라 보정각하결정을 할때는 그러지 아니한다. 심사관이 행하는 거절이유통지는 2종류로 구분되며 그 종류에 따라 출원인이 할 수 있는 명세서 또는 도면의 보정 범위가 다르게 제한된다. 하나는 거절이유통지에 대한 보정에 따라 발생한 거절이유만을 통지하는 거절이유통지(최후거절이유통지)와 다른 하나는 출원인이 처음으로 받거나 최후거절이유통지가 아닌 거절이유통지(최초거절이유통지)를 말한다.
151,10-2022-0144212,1020220144212,1020220144212,,1,PA0109,특허출원,20221102,특허를 받고자 하는 자는 특허가 담은 발명에 대한 서류를 작성한 특허출원서를 특허청장에게 제출하여야한다.
151,10-2022-0144212,1020220144212,1020220144212,,2,PA0201,심사청구,20221102,"특허출원 이후 3년 이내에 특허청장에게 그 특허출원에 관하여 출원심사의 청구를 할 수 있고, 다만, 제34조 및 제35조에 따른 정당한 권리자의 특허출원, 분할출원 또는 변경출원에 관하여는 그 기간이 지난 후에도 정당한 권리자가 특허출원을 한 날, 분할출원을 한 날 또는 변경출원을 한 날부터 각각 30일 이내에 출원심사 청구를 할 수 있다. 심사청구가 있을 시에 한하여 특허출원을 심사한다."
151,10-2022-0144212,1020220144212,1020220144212,,3,PG1501,출원공개,20240509,"출원인의 신청에 의하여 조기공개신청  또는 특허출원 이후 1년 6개월 경과 후 심사여부와 관계없이 출원공개를 해야하며 이는  발명의 공개를 통해 제3자의 중복연구, 중복투자 및 중복출원을 방지하는 한편 기술이용의 기회를 제공한다."
151,10-2022-0144212,1020220144212,1020220144212,,4,PE0902,거절이유통지,20250424,심사관은 특허법 제62조(특허거절결정)에 따라 특허거절결정을 하고자 할 때에는 출원인에게 거절이유를 통지하고 기간을 정하여 의견서를 제출할 기회를 주어야 한다. 다만 특허법 제51조(보정각하)에 따라 보정각하결정을 할때는 그러지 아니한다. 심사관이 행하는 거절이유통지는 2종류로 구분되며 그 종류에 따라 출원인이 할 수 있는 명세서 또는 도면의 보정 범위가 다르게 제한된다. 하나는 거절이유통지에 대한 보정에 따라 발생한 거절이유만을 통지하는 거절이유통지(최후거절이유통지)와 다른 하나는 출원인이 처음으로 받거나 최후거절이유통지가 아닌 거절이유통지(최초거절이유통지)를 말한다.
152,10-2022-0144214,1020220144214,1020220144214,,1,PA0109,특허출원,20221102,특허를 받고자 하는 자는 특허가 담은 발명에 대한 서류를 작성한 특허출원서를 특허청장에게 제출하여야한다.
152,10-2022-0144214,1020220144214,1020220144214,,2,PA0201,심사청구,20221102,"특허출원 이후 3년 이내에 특허청장에게 그 특허출원에 관하여 출원심사의 청구를 할 수 있고, 다만, 제34조 및 제35조에 따른 정당한 권리자의 특허출원, 분할출원 또는 변경출원에 관하여는 그 기간이 지난 후에도 정당한 권리자가 특허출원을 한 날, 분할출원을 한 날 또는 변경출원을 한 날부터 각각 30일 이내에 출원심사 청구를 할 수 있다. 심사청구가 있을 시에 한하여 특허출원을 심사한다."
152,10-2022-0144214,1020220144214,1020220144214,,3,PG1501,출원공개,20240509,"출원인의 신청에 의하여 조기공개신청  또는 특허출원 이후 1년 6개월 경과 후 심사여부와 관계없이 출원공개를 해야하며 이는  발명의 공개를 통해 제3자의 중복연구, 중복투자 및 중복출원을 방지하는 한편 기술이용의 기회를 제공한다."
152,10-2022-0144214,1020220144214,1020220144214,,4,PE0902,거절이유통지,20240905,심사관은 특허법 제62조(특허거절결정)에 따라 특허거절결정을 하고자 할 때에는 출원인에게 거절이유를 통지하고 기간을 정하여 의견서를 제출할 기회를 주어야 한다. 다만 특허법 제51조(보정각하)에 따라 보정각하결정을 할때는 그러지 아니한다. 심사관이 행하는 거절이유통지는 2종류로 구분되며 그 종류에 따라 출원인이 할 수 있는 명세서 또는 도면의 보정 범위가 다르게 제한된다. 하나는 거절이유통지에 대한 보정에 따라 발생한 거절이유만을 통지하는 거절이유통지(최후거절이유통지)와 다른 하나는 출원인이 처음으로 받거나 최후거절이유통지가 아닌 거절이유통지(최초거절이유통지)를 말한다.
152,10-2022-0144214,1020220144214,1020220144214,,5,PE0701,등록결정,20250509,심사관은 특허출원에 대해 거절이유를 발견할 수 없는 경우 특허결정을 해야 한다. 특허결정이 있는 경우 특허청장은 그 특허결정의 등본을 출원인에게 송달해야 한다. 특허결정은 그 결정 등본이 송달된 때에 확정된다.
152,10-2022-0144214,1020220144214,1020220144214,,6,PG1601,등록공고,20250530,특허권은 설정등록에 의해 발생하며 등록이 있는 때는 그 특허에 관하여 특허공보에 게재하여 등록공고를 하여야 한다. 비밀취급을 요하는 특허발명에 대하여는 비밀취급의 해제시까지 등록공고를 보류하며 그 비밀취급이 해제된 때에는 지체없이 등록공고를 하여야 하며 등록공고가 있는 날부터 3월간 출원서류 및 그 부속물건을 공중의 열람에 제공해야 한다.
152,10-2022-0144214,1020220144214,1020220144214,,7,PR0701,설정등록,20250528,"특허권은 설정등록에 의해 발생하며, 특허결정이 된 후 출원인이 특허료를 납부하거나 보전한 경우 또는 추가납부하거나 특허료가 면제된 경우에 특허청장은 특허권을 설정하기 위한 등록을 해야 한다."
152,10-2022-0144214,1020220144214,1020220144214,,8,PR1002,등록료납부,20250528,"특허권의 설정등록을 받으려는 자는 설정등록받으려는 날 부터 3년분의 특허료를 납부한다.특허권의 설정등록을 받고자 하는자 또는 특허권자는 특허료 납부기간이 경과한 후에도 6개월 이내 특허료를 추가 납부할 수 있으며 특허료 추가 납부할 때에는 납부하여야 할 특허료의 2배 이내의 범위에서 납부해야한다. 추가납부기간 이내에 특허료를 납부하지 못한 경우에는 특허권리를 소멸하게 되는데, 이때 특허권자는 추가납부기간 만료일부터 3개월 이내에 특허료의 3배를 납부하고 그 소멸한 권리의 회복을 신청 할 수 있다."
153,10-2022-0150081,1020220150081,1020220150081,,1,PA0109,특허출원,20221111,특허를 받고자 하는 자는 특허가 담은 발명에 대한 서류를 작성한 특허출원서를 특허청장에게 제출하여야한다.
153,10-2022-0150081,1020220150081,1020220150081,,2,PA0201,심사청구,20221111,"특허출원 이후 3년 이내에 특허청장에게 그 특허출원에 관하여 출원심사의 청구를 할 수 있고, 다만, 제34조 및 제35조에 따른 정당한 권리자의 특허출원, 분할출원 또는 변경출원에 관하여는 그 기간이 지난 후에도 정당한 권리자가 특허출원을 한 날, 분할출원을 한 날 또는 변경출원을 한 날부터 각각 30일 이내에 출원심사 청구를 할 수 있다. 심사청구가 있을 시에 한하여 특허출원을 심사한다."
153,10-2022-0150081,1020220150081,1020220150081,,3,PG1501,출원공개,20240520,"출원인의 신청에 의하여 조기공개신청  또는 특허출원 이후 1년 6개월 경과 후 심사여부와 관계없이 출원공개를 해야하며 이는  발명의 공개를 통해 제3자의 중복연구, 중복투자 및 중복출원을 방지하는 한편 기술이용의 기회를 제공한다."
153,10-2022-0150081,1020220150081,1020220150081,,4,PE0902,거절이유통지,20241111,심사관은 특허법 제62조(특허거절결정)에 따라 특허거절결정을 하고자 할 때에는 출원인에게 거절이유를 통지하고 기간을 정하여 의견서를 제출할 기회를 주어야 한다. 다만 특허법 제51조(보정각하)에 따라 보정각하결정을 할때는 그러지 아니한다. 심사관이 행하는 거절이유통지는 2종류로 구분되며 그 종류에 따라 출원인이 할 수 있는 명세서 또는 도면의 보정 범위가 다르게 제한된다. 하나는 거절이유통지에 대한 보정에 따라 발생한 거절이유만을 통지하는 거절이유통지(최후거절이유통지)와 다른 하나는 출원인이 처음으로 받거나 최후거절이유통지가 아닌 거절이유통지(최초거절이유통지)를 말한다.
153,10-2022-0150081,1020220150081,1020220150081,,5,PE0701,등록결정,20250121,심사관은 특허출원에 대해 거절이유를 발견할 수 없는 경우 특허결정을 해야 한다. 특허결정이 있는 경우 특허청장은 그 특허결정의 등본을 출원인에게 송달해야 한다. 특허결정은 그 결정 등본이 송달된 때에 확정된다.
153,10-2022-0150081,1020220150081,1020220150081,,6,PR0701,설정등록,20250124,"특허권은 설정등록에 의해 발생하며, 특허결정이 된 후 출원인이 특허료를 납부하거나 보전한 경우 또는 추가납부하거나 특허료가 면제된 경우에 특허청장은 특허권을 설정하기 위한 등록을 해야 한다."
153,10-2022-0150081,1020220150081,1020220150081,,7,PR1002,등록료납부,20250124,"특허권의 설정등록을 받으려는 자는 설정등록받으려는 날 부터 3년분의 특허료를 납부한다.특허권의 설정등록을 받고자 하는자 또는 특허권자는 특허료 납부기간이 경과한 후에도 6개월 이내 특허료를 추가 납부할 수 있으며 특허료 추가 납부할 때에는 납부하여야 할 특허료의 2배 이내의 범위에서 납부해야한다. 추가납부기간 이내에 특허료를 납부하지 못한 경우에는 특허권리를 소멸하게 되는데, 이때 특허권자는 추가납부기간 만료일부터 3개월 이내에 특허료의 3배를 납부하고 그 소멸한 권리의 회복을 신청 할 수 있다."
153,10-2022-0150081,1020220150081,1020220150081,,8,PG1601,등록공고,20250204,특허권은 설정등록에 의해 발생하며 등록이 있는 때는 그 특허에 관하여 특허공보에 게재하여 등록공고를 하여야 한다. 비밀취급을 요하는 특허발명에 대하여는 비밀취급의 해제시까지 등록공고를 보류하며 그 비밀취급이 해제된 때에는 지체없이 등록공고를 하여야 하며 등록공고가 있는 날부터 3월간 출원서류 및 그 부속물건을 공중의 열람에 제공해야 한다.
154,10-2022-0150099,1020220150099,1020220150099,,1,PA0109,특허출원,20221111,특허를 받고자 하는 자는 특허가 담은 발명에 대한 서류를 작성한 특허출원서를 특허청장에게 제출하여야한다.
154,10-2022-0150099,1020220150099,1020220150099,,2,PA0201,심사청구,20221111,"특허출원 이후 3년 이내에 특허청장에게 그 특허출원에 관하여 출원심사의 청구를 할 수 있고, 다만, 제34조 및 제35조에 따른 정당한 권리자의 특허출원, 분할출원 또는 변경출원에 관하여는 그 기간이 지난 후에도 정당한 권리자가 특허출원을 한 날, 분할출원을 한 날 또는 변경출원을 한 날부터 각각 30일 이내에 출원심사 청구를 할 수 있다. 심사청구가 있을 시에 한하여 특허출원을 심사한다."
154,10-2022-0150099,1020220150099,1020220150099,,3,PG1501,출원공개,20240520,"출원인의 신청에 의하여 조기공개신청  또는 특허출원 이후 1년 6개월 경과 후 심사여부와 관계없이 출원공개를 해야하며 이는  발명의 공개를 통해 제3자의 중복연구, 중복투자 및 중복출원을 방지하는 한편 기술이용의 기회를 제공한다."
154,10-2022-0150099,1020220150099,1020220150099,,4,PE0902,거절이유통지,20241111,심사관은 특허법 제62조(특허거절결정)에 따라 특허거절결정을 하고자 할 때에는 출원인에게 거절이유를 통지하고 기간을 정하여 의견서를 제출할 기회를 주어야 한다. 다만 특허법 제51조(보정각하)에 따라 보정각하결정을 할때는 그러지 아니한다. 심사관이 행하는 거절이유통지는 2종류로 구분되며 그 종류에 따라 출원인이 할 수 있는 명세서 또는 도면의 보정 범위가 다르게 제한된다. 하나는 거절이유통지에 대한 보정에 따라 발생한 거절이유만을 통지하는 거절이유통지(최후거절이유통지)와 다른 하나는 출원인이 처음으로 받거나 최후거절이유통지가 아닌 거절이유통지(최초거절이유통지)를 말한다.
154,10-2022-0150099,1020220150099,1020220150099,,5,PE0701,등록결정,20250121,심사관은 특허출원에 대해 거절이유를 발견할 수 없는 경우 특허결정을 해야 한다. 특허결정이 있는 경우 특허청장은 그 특허결정의 등본을 출원인에게 송달해야 한다. 특허결정은 그 결정 등본이 송달된 때에 확정된다.
154,10-2022-0150099,1020220150099,1020220150099,,6,PR0701,설정등록,20250124,"특허권은 설정등록에 의해 발생하며, 특허결정이 된 후 출원인이 특허료를 납부하거나 보전한 경우 또는 추가납부하거나 특허료가 면제된 경우에 특허청장은 특허권을 설정하기 위한 등록을 해야 한다."
154,10-2022-0150099,1020220150099,1020220150099,,7,PR1002,등록료납부,20250124,"특허권의 설정등록을 받으려는 자는 설정등록받으려는 날 부터 3년분의 특허료를 납부한다.특허권의 설정등록을 받고자 하는자 또는 특허권자는 특허료 납부기간이 경과한 후에도 6개월 이내 특허료를 추가 납부할 수 있으며 특허료 추가 납부할 때에는 납부하여야 할 특허료의 2배 이내의 범위에서 납부해야한다. 추가납부기간 이내에 특허료를 납부하지 못한 경우에는 특허권리를 소멸하게 되는데, 이때 특허권자는 추가납부기간 만료일부터 3개월 이내에 특허료의 3배를 납부하고 그 소멸한 권리의 회복을 신청 할 수 있다."
154,10-2022-0150099,1020220150099,1020220150099,,8,PG1601,등록공고,20250204,특허권은 설정등록에 의해 발생하며 등록이 있는 때는 그 특허에 관하여 특허공보에 게재하여 등록공고를 하여야 한다. 비밀취급을 요하는 특허발명에 대하여는 비밀취급의 해제시까지 등록공고를 보류하며 그 비밀취급이 해제된 때에는 지체없이 등록공고를 하여야 하며 등록공고가 있는 날부터 3월간 출원서류 및 그 부속물건을 공중의 열람에 제공해야 한다.
155,10-2022-0158313,1020220158313,1020220158313,,1,PA0109,특허출원,20221123,특허를 받고자 하는 자는 특허가 담은 발명에 대한 서류를 작성한 특허출원서를 특허청장에게 제출하여야한다.
155,10-2022-0158313,1020220158313,1020220158313,,2,PA0201,심사청구,20221123,"특허출원 이후 3년 이내에 특허청장에게 그 특허출원에 관하여 출원심사의 청구를 할 수 있고, 다만, 제34조 및 제35조에 따른 정당한 권리자의 특허출원, 분할출원 또는 변경출원에 관하여는 그 기간이 지난 후에도 정당한 권리자가 특허출원을 한 날, 분할출원을 한 날 또는 변경출원을 한 날부터 각각 30일 이내에 출원심사 청구를 할 수 있다. 심사청구가 있을 시에 한하여 특허출원을 심사한다."
155,10-2022-0158313,1020220158313,1020220158313,,3,PG1501,출원공개,20240625,"출원인의 신청에 의하여 조기공개신청  또는 특허출원 이후 1년 6개월 경과 후 심사여부와 관계없이 출원공개를 해야하며 이는  발명의 공개를 통해 제3자의 중복연구, 중복투자 및 중복출원을 방지하는 한편 기술이용의 기회를 제공한다."
155,10-2022-0158313,1020220158313,1020220158313,,4,PE0902,거절이유통지,20241030,심사관은 특허법 제62조(특허거절결정)에 따라 특허거절결정을 하고자 할 때에는 출원인에게 거절이유를 통지하고 기간을 정하여 의견서를 제출할 기회를 주어야 한다. 다만 특허법 제51조(보정각하)에 따라 보정각하결정을 할때는 그러지 아니한다. 심사관이 행하는 거절이유통지는 2종류로 구분되며 그 종류에 따라 출원인이 할 수 있는 명세서 또는 도면의 보정 범위가 다르게 제한된다. 하나는 거절이유통지에 대한 보정에 따라 발생한 거절이유만을 통지하는 거절이유통지(최후거절이유통지)와 다른 하나는 출원인이 처음으로 받거나 최후거절이유통지가 아닌 거절이유통지(최초거절이유통지)를 말한다.
156,10-2022-0180291,1020220180291,1020220180291,,1,PA0109,특허출원,20221221,특허를 받고자 하는 자는 특허가 담은 발명에 대한 서류를 작성한 특허출원서를 특허청장에게 제출하여야한다.
156,10-2022-0180291,1020220180291,1020220180291,,2,PA0201,심사청구,20221221,"특허출원 이후 3년 이내에 특허청장에게 그 특허출원에 관하여 출원심사의 청구를 할 수 있고, 다만, 제34조 및 제35조에 따른 정당한 권리자의 특허출원, 분할출원 또는 변경출원에 관하여는 그 기간이 지난 후에도 정당한 권리자가 특허출원을 한 날, 분할출원을 한 날 또는 변경출원을 한 날부터 각각 30일 이내에 출원심사 청구를 할 수 있다. 심사청구가 있을 시에 한하여 특허출원을 심사한다."
156,10-2022-0180291,1020220180291,1020220180291,,3,PG1501,출원공개,20240628,"출원인의 신청에 의하여 조기공개신청  또는 특허출원 이후 1년 6개월 경과 후 심사여부와 관계없이 출원공개를 해야하며 이는  발명의 공개를 통해 제3자의 중복연구, 중복투자 및 중복출원을 방지하는 한편 기술이용의 기회를 제공한다."
156,10-2022-0180291,1020220180291,1020220180291,,4,PE0902,거절이유통지,20250416,심사관은 특허법 제62조(특허거절결정)에 따라 특허거절결정을 하고자 할 때에는 출원인에게 거절이유를 통지하고 기간을 정하여 의견서를 제출할 기회를 주어야 한다. 다만 특허법 제51조(보정각하)에 따라 보정각하결정을 할때는 그러지 아니한다. 심사관이 행하는 거절이유통지는 2종류로 구분되며 그 종류에 따라 출원인이 할 수 있는 명세서 또는 도면의 보정 범위가 다르게 제한된다. 하나는 거절이유통지에 대한 보정에 따라 발생한 거절이유만을 통지하는 거절이유통지(최후거절이유통지)와 다른 하나는 출원인이 처음으로 받거나 최후거절이유통지가 아닌 거절이유통지(최초거절이유통지)를 말한다.
157,10-2022-0180301,1020220180301,1020220180301,,1,PA0109,특허출원,20221221,특허를 받고자 하는 자는 특허가 담은 발명에 대한 서류를 작성한 특허출원서를 특허청장에게 제출하여야한다.
157,10-2022-0180301,1020220180301,1020220180301,,2,PA0201,심사청구,20221221,"특허출원 이후 3년 이내에 특허청장에게 그 특허출원에 관하여 출원심사의 청구를 할 수 있고, 다만, 제34조 및 제35조에 따른 정당한 권리자의 특허출원, 분할출원 또는 변경출원에 관하여는 그 기간이 지난 후에도 정당한 권리자가 특허출원을 한 날, 분할출원을 한 날 또는 변경출원을 한 날부터 각각 30일 이내에 출원심사 청구를 할 수 있다. 심사청구가 있을 시에 한하여 특허출원을 심사한다."
157,10-2022-0180301,1020220180301,1020220180301,,3,PG1501,출원공개,20240628,"출원인의 신청에 의하여 조기공개신청  또는 특허출원 이후 1년 6개월 경과 후 심사여부와 관계없이 출원공개를 해야하며 이는  발명의 공개를 통해 제3자의 중복연구, 중복투자 및 중복출원을 방지하는 한편 기술이용의 기회를 제공한다."
157,10-2022-0180301,1020220180301,1020220180301,,4,PE0902,거절이유통지,20250331,심사관은 특허법 제62조(특허거절결정)에 따라 특허거절결정을 하고자 할 때에는 출원인에게 거절이유를 통지하고 기간을 정하여 의견서를 제출할 기회를 주어야 한다. 다만 특허법 제51조(보정각하)에 따라 보정각하결정을 할때는 그러지 아니한다. 심사관이 행하는 거절이유통지는 2종류로 구분되며 그 종류에 따라 출원인이 할 수 있는 명세서 또는 도면의 보정 범위가 다르게 제한된다. 하나는 거절이유통지에 대한 보정에 따라 발생한 거절이유만을 통지하는 거절이유통지(최후거절이유통지)와 다른 하나는 출원인이 처음으로 받거나 최후거절이유통지가 아닌 거절이유통지(최초거절이유통지)를 말한다.
158,10-2023-0003811,1020230003811,1020230003811,,1,PA0109,특허출원,20230111,특허를 받고자 하는 자는 특허가 담은 발명에 대한 서류를 작성한 특허출원서를 특허청장에게 제출하여야한다.
158,10-2023-0003811,1020230003811,1020230003811,,2,PA0201,심사청구,20230111,"특허출원 이후 3년 이내에 특허청장에게 그 특허출원에 관하여 출원심사의 청구를 할 수 있고, 다만, 제34조 및 제35조에 따른 정당한 권리자의 특허출원, 분할출원 또는 변경출원에 관하여는 그 기간이 지난 후에도 정당한 권리자가 특허출원을 한 날, 분할출원을 한 날 또는 변경출원을 한 날부터 각각 30일 이내에 출원심사 청구를 할 수 있다. 심사청구가 있을 시에 한하여 특허출원을 심사한다."
158,10-2023-0003811,1020230003811,1020230003811,,3,PE0902,거절이유통지,20240529,심사관은 특허법 제62조(특허거절결정)에 따라 특허거절결정을 하고자 할 때에는 출원인에게 거절이유를 통지하고 기간을 정하여 의견서를 제출할 기회를 주어야 한다. 다만 특허법 제51조(보정각하)에 따라 보정각하결정을 할때는 그러지 아니한다. 심사관이 행하는 거절이유통지는 2종류로 구분되며 그 종류에 따라 출원인이 할 수 있는 명세서 또는 도면의 보정 범위가 다르게 제한된다. 하나는 거절이유통지에 대한 보정에 따라 발생한 거절이유만을 통지하는 거절이유통지(최후거절이유통지)와 다른 하나는 출원인이 처음으로 받거나 최후거절이유통지가 아닌 거절이유통지(최초거절이유통지)를 말한다.
158,10-2023-0003811,1020230003811,1020230003811,,4,PG1501,출원공개,20240718,"출원인의 신청에 의하여 조기공개신청  또는 특허출원 이후 1년 6개월 경과 후 심사여부와 관계없이 출원공개를 해야하며 이는  발명의 공개를 통해 제3자의 중복연구, 중복투자 및 중복출원을 방지하는 한편 기술이용의 기회를 제공한다."
158,10-2023-0003811,1020230003811,1020230003811,,5,PE0701,등록결정,20241030,심사관은 특허출원에 대해 거절이유를 발견할 수 없는 경우 특허결정을 해야 한다. 특허결정이 있는 경우 특허청장은 그 특허결정의 등본을 출원인에게 송달해야 한다. 특허결정은 그 결정 등본이 송달된 때에 확정된다.
158,10-2023-0003811,1020230003811,1020230003811,,6,PG1601,등록공고,20241106,특허권은 설정등록에 의해 발생하며 등록이 있는 때는 그 특허에 관하여 특허공보에 게재하여 등록공고를 하여야 한다. 비밀취급을 요하는 특허발명에 대하여는 비밀취급의 해제시까지 등록공고를 보류하며 그 비밀취급이 해제된 때에는 지체없이 등록공고를 하여야 하며 등록공고가 있는 날부터 3월간 출원서류 및 그 부속물건을 공중의 열람에 제공해야 한다.
158,10-2023-0003811,1020230003811,1020230003811,,7,PR0701,설정등록,20241104,"특허권은 설정등록에 의해 발생하며, 특허결정이 된 후 출원인이 특허료를 납부하거나 보전한 경우 또는 추가납부하거나 특허료가 면제된 경우에 특허청장은 특허권을 설정하기 위한 등록을 해야 한다."
158,10-2023-0003811,1020230003811,1020230003811,,8,PR1002,등록료납부,20241104,"특허권의 설정등록을 받으려는 자는 설정등록받으려는 날 부터 3년분의 특허료를 납부한다.특허권의 설정등록을 받고자 하는자 또는 특허권자는 특허료 납부기간이 경과한 후에도 6개월 이내 특허료를 추가 납부할 수 있으며 특허료 추가 납부할 때에는 납부하여야 할 특허료의 2배 이내의 범위에서 납부해야한다. 추가납부기간 이내에 특허료를 납부하지 못한 경우에는 특허권리를 소멸하게 되는데, 이때 특허권자는 추가납부기간 만료일부터 3개월 이내에 특허료의 3배를 납부하고 그 소멸한 권리의 회복을 신청 할 수 있다."
159,10-2023-0012295,1020230012295,1020230012295,,1,PA0109,특허출원,20230131,특허를 받고자 하는 자는 특허가 담은 발명에 대한 서류를 작성한 특허출원서를 특허청장에게 제출하여야한다.
159,10-2023-0012295,1020230012295,1020230012295,,2,PA0201,심사청구,20230131,"특허출원 이후 3년 이내에 특허청장에게 그 특허출원에 관하여 출원심사의 청구를 할 수 있고, 다만, 제34조 및 제35조에 따른 정당한 권리자의 특허출원, 분할출원 또는 변경출원에 관하여는 그 기간이 지난 후에도 정당한 권리자가 특허출원을 한 날, 분할출원을 한 날 또는 변경출원을 한 날부터 각각 30일 이내에 출원심사 청구를 할 수 있다. 심사청구가 있을 시에 한하여 특허출원을 심사한다."
159,10-2023-0012295,1020230012295,1020230012295,,3,PG1501,출원공개,20240807,"출원인의 신청에 의하여 조기공개신청  또는 특허출원 이후 1년 6개월 경과 후 심사여부와 관계없이 출원공개를 해야하며 이는  발명의 공개를 통해 제3자의 중복연구, 중복투자 및 중복출원을 방지하는 한편 기술이용의 기회를 제공한다."
159,10-2023-0012295,1020230012295,1020230012295,,4,PE0902,거절이유통지,20250531,심사관은 특허법 제62조(특허거절결정)에 따라 특허거절결정을 하고자 할 때에는 출원인에게 거절이유를 통지하고 기간을 정하여 의견서를 제출할 기회를 주어야 한다. 다만 특허법 제51조(보정각하)에 따라 보정각하결정을 할때는 그러지 아니한다. 심사관이 행하는 거절이유통지는 2종류로 구분되며 그 종류에 따라 출원인이 할 수 있는 명세서 또는 도면의 보정 범위가 다르게 제한된다. 하나는 거절이유통지에 대한 보정에 따라 발생한 거절이유만을 통지하는 거절이유통지(최후거절이유통지)와 다른 하나는 출원인이 처음으로 받거나 최후거절이유통지가 아닌 거절이유통지(최초거절이유통지)를 말한다.
160,10-2023-0012300,1020230012300,1020230012300,,1,PA0109,특허출원,20230131,특허를 받고자 하는 자는 특허가 담은 발명에 대한 서류를 작성한 특허출원서를 특허청장에게 제출하여야한다.
160,10-2023-0012300,1020230012300,1020230012300,,2,PA0201,심사청구,20230131,"특허출원 이후 3년 이내에 특허청장에게 그 특허출원에 관하여 출원심사의 청구를 할 수 있고, 다만, 제34조 및 제35조에 따른 정당한 권리자의 특허출원, 분할출원 또는 변경출원에 관하여는 그 기간이 지난 후에도 정당한 권리자가 특허출원을 한 날, 분할출원을 한 날 또는 변경출원을 한 날부터 각각 30일 이내에 출원심사 청구를 할 수 있다. 심사청구가 있을 시에 한하여 특허출원을 심사한다."
160,10-2023-0012300,1020230012300,1020230012300,,3,PG1501,출원공개,20240807,"출원인의 신청에 의하여 조기공개신청  또는 특허출원 이후 1년 6개월 경과 후 심사여부와 관계없이 출원공개를 해야하며 이는  발명의 공개를 통해 제3자의 중복연구, 중복투자 및 중복출원을 방지하는 한편 기술이용의 기회를 제공한다."
160,10-2023-0012300,1020230012300,1020230012300,,4,PE0902,거절이유통지,20250531,심사관은 특허법 제62조(특허거절결정)에 따라 특허거절결정을 하고자 할 때에는 출원인에게 거절이유를 통지하고 기간을 정하여 의견서를 제출할 기회를 주어야 한다. 다만 특허법 제51조(보정각하)에 따라 보정각하결정을 할때는 그러지 아니한다. 심사관이 행하는 거절이유통지는 2종류로 구분되며 그 종류에 따라 출원인이 할 수 있는 명세서 또는 도면의 보정 범위가 다르게 제한된다. 하나는 거절이유통지에 대한 보정에 따라 발생한 거절이유만을 통지하는 거절이유통지(최후거절이유통지)와 다른 하나는 출원인이 처음으로 받거나 최후거절이유통지가 아닌 거절이유통지(최초거절이유통지)를 말한다.
161,10-2023-0037961,1020230037961,1020230037961,,1,PA0109,특허출원,20230323,특허를 받고자 하는 자는 특허가 담은 발명에 대한 서류를 작성한 특허출원서를 특허청장에게 제출하여야한다.
161,10-2023-0037961,1020230037961,1020230037961,,2,PA0201,심사청구,20230323,"특허출원 이후 3년 이내에 특허청장에게 그 특허출원에 관하여 출원심사의 청구를 할 수 있고, 다만, 제34조 및 제35조에 따른 정당한 권리자의 특허출원, 분할출원 또는 변경출원에 관하여는 그 기간이 지난 후에도 정당한 권리자가 특허출원을 한 날, 분할출원을 한 날 또는 변경출원을 한 날부터 각각 30일 이내에 출원심사 청구를 할 수 있다. 심사청구가 있을 시에 한하여 특허출원을 심사한다."
161,10-2023-0037961,1020230037961,1020230037961,,3,PG1501,출원공개,20241002,"출원인의 신청에 의하여 조기공개신청  또는 특허출원 이후 1년 6개월 경과 후 심사여부와 관계없이 출원공개를 해야하며 이는  발명의 공개를 통해 제3자의 중복연구, 중복투자 및 중복출원을 방지하는 한편 기술이용의 기회를 제공한다."
161,10-2023-0037961,1020230037961,1020230037961,,4,PE0902,거절이유통지,20250115,심사관은 특허법 제62조(특허거절결정)에 따라 특허거절결정을 하고자 할 때에는 출원인에게 거절이유를 통지하고 기간을 정하여 의견서를 제출할 기회를 주어야 한다. 다만 특허법 제51조(보정각하)에 따라 보정각하결정을 할때는 그러지 아니한다. 심사관이 행하는 거절이유통지는 2종류로 구분되며 그 종류에 따라 출원인이 할 수 있는 명세서 또는 도면의 보정 범위가 다르게 제한된다. 하나는 거절이유통지에 대한 보정에 따라 발생한 거절이유만을 통지하는 거절이유통지(최후거절이유통지)와 다른 하나는 출원인이 처음으로 받거나 최후거절이유통지가 아닌 거절이유통지(최초거절이유통지)를 말한다.
162,10-2023-0089515,1020230089515,1020230089515,,1,PA0109,특허출원,20230711,특허를 받고자 하는 자는 특허가 담은 발명에 대한 서류를 작성한 특허출원서를 특허청장에게 제출하여야한다.
162,10-2023-0089515,1020230089515,1020230089515,,2,PA0201,심사청구,20230711,"특허출원 이후 3년 이내에 특허청장에게 그 특허출원에 관하여 출원심사의 청구를 할 수 있고, 다만, 제34조 및 제35조에 따른 정당한 권리자의 특허출원, 분할출원 또는 변경출원에 관하여는 그 기간이 지난 후에도 정당한 권리자가 특허출원을 한 날, 분할출원을 한 날 또는 변경출원을 한 날부터 각각 30일 이내에 출원심사 청구를 할 수 있다. 심사청구가 있을 시에 한하여 특허출원을 심사한다."
162,10-2023-0089515,1020230089515,1020230089515,,3,PE0701,등록결정,20250103,심사관은 특허출원에 대해 거절이유를 발견할 수 없는 경우 특허결정을 해야 한다. 특허결정이 있는 경우 특허청장은 그 특허결정의 등본을 출원인에게 송달해야 한다. 특허결정은 그 결정 등본이 송달된 때에 확정된다.
162,10-2023-0089515,1020230089515,1020230089515,,4,PE0902,거절이유통지,20241002,심사관은 특허법 제62조(특허거절결정)에 따라 특허거절결정을 하고자 할 때에는 출원인에게 거절이유를 통지하고 기간을 정하여 의견서를 제출할 기회를 주어야 한다. 다만 특허법 제51조(보정각하)에 따라 보정각하결정을 할때는 그러지 아니한다. 심사관이 행하는 거절이유통지는 2종류로 구분되며 그 종류에 따라 출원인이 할 수 있는 명세서 또는 도면의 보정 범위가 다르게 제한된다. 하나는 거절이유통지에 대한 보정에 따라 발생한 거절이유만을 통지하는 거절이유통지(최후거절이유통지)와 다른 하나는 출원인이 처음으로 받거나 최후거절이유통지가 아닌 거절이유통지(최초거절이유통지)를 말한다.
162,10-2023-0089515,1020230089515,1020230089515,,5,PG1601,등록공고,20250114,특허권은 설정등록에 의해 발생하며 등록이 있는 때는 그 특허에 관하여 특허공보에 게재하여 등록공고를 하여야 한다. 비밀취급을 요하는 특허발명에 대하여는 비밀취급의 해제시까지 등록공고를 보류하며 그 비밀취급이 해제된 때에는 지체없이 등록공고를 하여야 하며 등록공고가 있는 날부터 3월간 출원서류 및 그 부속물건을 공중의 열람에 제공해야 한다.
162,10-2023-0089515,1020230089515,1020230089515,,6,PR0701,설정등록,20250108,"특허권은 설정등록에 의해 발생하며, 특허결정이 된 후 출원인이 특허료를 납부하거나 보전한 경우 또는 추가납부하거나 특허료가 면제된 경우에 특허청장은 특허권을 설정하기 위한 등록을 해야 한다."
162,10-2023-0089515,1020230089515,1020230089515,,7,PR1002,등록료납부,20250108,"특허권의 설정등록을 받으려는 자는 설정등록받으려는 날 부터 3년분의 특허료를 납부한다.특허권의 설정등록을 받고자 하는자 또는 특허권자는 특허료 납부기간이 경과한 후에도 6개월 이내 특허료를 추가 납부할 수 있으며 특허료 추가 납부할 때에는 납부하여야 할 특허료의 2배 이내의 범위에서 납부해야한다. 추가납부기간 이내에 특허료를 납부하지 못한 경우에는 특허권리를 소멸하게 되는데, 이때 특허권자는 추가납부기간 만료일부터 3개월 이내에 특허료의 3배를 납부하고 그 소멸한 권리의 회복을 신청 할 수 있다."
163,10-2023-0089517,1020230089517,1020230089517,,1,PA0109,특허출원,20230711,특허를 받고자 하는 자는 특허가 담은 발명에 대한 서류를 작성한 특허출원서를 특허청장에게 제출하여야한다.
163,10-2023-0089517,1020230089517,1020230089517,,2,PA0201,심사청구,20230711,"특허출원 이후 3년 이내에 특허청장에게 그 특허출원에 관하여 출원심사의 청구를 할 수 있고, 다만, 제34조 및 제35조에 따른 정당한 권리자의 특허출원, 분할출원 또는 변경출원에 관하여는 그 기간이 지난 후에도 정당한 권리자가 특허출원을 한 날, 분할출원을 한 날 또는 변경출원을 한 날부터 각각 30일 이내에 출원심사 청구를 할 수 있다. 심사청구가 있을 시에 한하여 특허출원을 심사한다."
163,10-2023-0089517,1020230089517,1020230089517,,3,PE0902,거절이유통지,20250103,심사관은 특허법 제62조(특허거절결정)에 따라 특허거절결정을 하고자 할 때에는 출원인에게 거절이유를 통지하고 기간을 정하여 의견서를 제출할 기회를 주어야 한다. 다만 특허법 제51조(보정각하)에 따라 보정각하결정을 할때는 그러지 아니한다. 심사관이 행하는 거절이유통지는 2종류로 구분되며 그 종류에 따라 출원인이 할 수 있는 명세서 또는 도면의 보정 범위가 다르게 제한된다. 하나는 거절이유통지에 대한 보정에 따라 발생한 거절이유만을 통지하는 거절이유통지(최후거절이유통지)와 다른 하나는 출원인이 처음으로 받거나 최후거절이유통지가 아닌 거절이유통지(최초거절이유통지)를 말한다.
163,10-2023-0089517,1020230089517,1020230089517,,4,PG1501,출원공개,20250120,"출원인의 신청에 의하여 조기공개신청  또는 특허출원 이후 1년 6개월 경과 후 심사여부와 관계없이 출원공개를 해야하며 이는  발명의 공개를 통해 제3자의 중복연구, 중복투자 및 중복출원을 방지하는 한편 기술이용의 기회를 제공한다."
163,10-2023-0089517,1020230089517,1020230089517,,5,PE0701,등록결정,20250311,심사관은 특허출원에 대해 거절이유를 발견할 수 없는 경우 특허결정을 해야 한다. 특허결정이 있는 경우 특허청장은 그 특허결정의 등본을 출원인에게 송달해야 한다. 특허결정은 그 결정 등본이 송달된 때에 확정된다.
163,10-2023-0089517,1020230089517,1020230089517,,6,PG1601,등록공고,20250319,특허권은 설정등록에 의해 발생하며 등록이 있는 때는 그 특허에 관하여 특허공보에 게재하여 등록공고를 하여야 한다. 비밀취급을 요하는 특허발명에 대하여는 비밀취급의 해제시까지 등록공고를 보류하며 그 비밀취급이 해제된 때에는 지체없이 등록공고를 하여야 하며 등록공고가 있는 날부터 3월간 출원서류 및 그 부속물건을 공중의 열람에 제공해야 한다.
164,10-2023-0089519,1020230089519,1020230089519,,1,PA0109,특허출원,20230711,특허를 받고자 하는 자는 특허가 담은 발명에 대한 서류를 작성한 특허출원서를 특허청장에게 제출하여야한다.
164,10-2023-0089519,1020230089519,1020230089519,,2,PA0201,심사청구,20230711,"특허출원 이후 3년 이내에 특허청장에게 그 특허출원에 관하여 출원심사의 청구를 할 수 있고, 다만, 제34조 및 제35조에 따른 정당한 권리자의 특허출원, 분할출원 또는 변경출원에 관하여는 그 기간이 지난 후에도 정당한 권리자가 특허출원을 한 날, 분할출원을 한 날 또는 변경출원을 한 날부터 각각 30일 이내에 출원심사 청구를 할 수 있다. 심사청구가 있을 시에 한하여 특허출원을 심사한다."
164,10-2023-0089519,1020230089519,1020230089519,,3,PG1501,출원공개,20250120,"출원인의 신청에 의하여 조기공개신청  또는 특허출원 이후 1년 6개월 경과 후 심사여부와 관계없이 출원공개를 해야하며 이는  발명의 공개를 통해 제3자의 중복연구, 중복투자 및 중복출원을 방지하는 한편 기술이용의 기회를 제공한다."
164,10-2023-0089519,1020230089519,1020230089519,,4,PE0902,거절이유통지,20250221,심사관은 특허법 제62조(특허거절결정)에 따라 특허거절결정을 하고자 할 때에는 출원인에게 거절이유를 통지하고 기간을 정하여 의견서를 제출할 기회를 주어야 한다. 다만 특허법 제51조(보정각하)에 따라 보정각하결정을 할때는 그러지 아니한다. 심사관이 행하는 거절이유통지는 2종류로 구분되며 그 종류에 따라 출원인이 할 수 있는 명세서 또는 도면의 보정 범위가 다르게 제한된다. 하나는 거절이유통지에 대한 보정에 따라 발생한 거절이유만을 통지하는 거절이유통지(최후거절이유통지)와 다른 하나는 출원인이 처음으로 받거나 최후거절이유통지가 아닌 거절이유통지(최초거절이유통지)를 말한다.
165,10-2023-0089527,1020230089527,1020230089527,,1,PA0109,특허출원,20230711,특허를 받고자 하는 자는 특허가 담은 발명에 대한 서류를 작성한 특허출원서를 특허청장에게 제출하여야한다.
165,10-2023-0089527,1020230089527,1020230089527,,2,PA0201,심사청구,20230711,"특허출원 이후 3년 이내에 특허청장에게 그 특허출원에 관하여 출원심사의 청구를 할 수 있고, 다만, 제34조 및 제35조에 따른 정당한 권리자의 특허출원, 분할출원 또는 변경출원에 관하여는 그 기간이 지난 후에도 정당한 권리자가 특허출원을 한 날, 분할출원을 한 날 또는 변경출원을 한 날부터 각각 30일 이내에 출원심사 청구를 할 수 있다. 심사청구가 있을 시에 한하여 특허출원을 심사한다."
165,10-2023-0089527,1020230089527,1020230089527,,3,PG1501,출원공개,20250120,"출원인의 신청에 의하여 조기공개신청  또는 특허출원 이후 1년 6개월 경과 후 심사여부와 관계없이 출원공개를 해야하며 이는  발명의 공개를 통해 제3자의 중복연구, 중복투자 및 중복출원을 방지하는 한편 기술이용의 기회를 제공한다."
165,10-2023-0089527,1020230089527,1020230089527,,4,PE0902,거절이유통지,20250224,심사관은 특허법 제62조(특허거절결정)에 따라 특허거절결정을 하고자 할 때에는 출원인에게 거절이유를 통지하고 기간을 정하여 의견서를 제출할 기회를 주어야 한다. 다만 특허법 제51조(보정각하)에 따라 보정각하결정을 할때는 그러지 아니한다. 심사관이 행하는 거절이유통지는 2종류로 구분되며 그 종류에 따라 출원인이 할 수 있는 명세서 또는 도면의 보정 범위가 다르게 제한된다. 하나는 거절이유통지에 대한 보정에 따라 발생한 거절이유만을 통지하는 거절이유통지(최후거절이유통지)와 다른 하나는 출원인이 처음으로 받거나 최후거절이유통지가 아닌 거절이유통지(최초거절이유통지)를 말한다.
166,10-2023-0093778,1020230093778,1020230093778,,1,PA0109,특허출원,20230719,특허를 받고자 하는 자는 특허가 담은 발명에 대한 서류를 작성한 특허출원서를 특허청장에게 제출하여야한다.
166,10-2023-0093778,1020230093778,1020230093778,,2,PA0201,심사청구,20230719,"특허출원 이후 3년 이내에 특허청장에게 그 특허출원에 관하여 출원심사의 청구를 할 수 있고, 다만, 제34조 및 제35조에 따른 정당한 권리자의 특허출원, 분할출원 또는 변경출원에 관하여는 그 기간이 지난 후에도 정당한 권리자가 특허출원을 한 날, 분할출원을 한 날 또는 변경출원을 한 날부터 각각 30일 이내에 출원심사 청구를 할 수 있다. 심사청구가 있을 시에 한하여 특허출원을 심사한다."
166,10-2023-0093778,1020230093778,1020230093778,,3,PG1501,출원공개,20250203,"출원인의 신청에 의하여 조기공개신청  또는 특허출원 이후 1년 6개월 경과 후 심사여부와 관계없이 출원공개를 해야하며 이는  발명의 공개를 통해 제3자의 중복연구, 중복투자 및 중복출원을 방지하는 한편 기술이용의 기회를 제공한다."
166,10-2023-0093778,1020230093778,1020230093778,,4,PE0902,거절이유통지,20250514,심사관은 특허법 제62조(특허거절결정)에 따라 특허거절결정을 하고자 할 때에는 출원인에게 거절이유를 통지하고 기간을 정하여 의견서를 제출할 기회를 주어야 한다. 다만 특허법 제51조(보정각하)에 따라 보정각하결정을 할때는 그러지 아니한다. 심사관이 행하는 거절이유통지는 2종류로 구분되며 그 종류에 따라 출원인이 할 수 있는 명세서 또는 도면의 보정 범위가 다르게 제한된다. 하나는 거절이유통지에 대한 보정에 따라 발생한 거절이유만을 통지하는 거절이유통지(최후거절이유통지)와 다른 하나는 출원인이 처음으로 받거나 최후거절이유통지가 아닌 거절이유통지(최초거절이유통지)를 말한다.
167,10-2023-0137369,1020230137369,1020230137369,,1,PA0109,특허출원,20231016,특허를 받고자 하는 자는 특허가 담은 발명에 대한 서류를 작성한 특허출원서를 특허청장에게 제출하여야한다.
167,10-2023-0137369,1020230137369,1020230137369,,2,PA0201,심사청구,20231016,"특허출원 이후 3년 이내에 특허청장에게 그 특허출원에 관하여 출원심사의 청구를 할 수 있고, 다만, 제34조 및 제35조에 따른 정당한 권리자의 특허출원, 분할출원 또는 변경출원에 관하여는 그 기간이 지난 후에도 정당한 권리자가 특허출원을 한 날, 분할출원을 한 날 또는 변경출원을 한 날부터 각각 30일 이내에 출원심사 청구를 할 수 있다. 심사청구가 있을 시에 한하여 특허출원을 심사한다."
167,10-2023-0137369,1020230137369,1020230137369,,3,PG1501,출원공개,20250423,"출원인의 신청에 의하여 조기공개신청  또는 특허출원 이후 1년 6개월 경과 후 심사여부와 관계없이 출원공개를 해야하며 이는  발명의 공개를 통해 제3자의 중복연구, 중복투자 및 중복출원을 방지하는 한편 기술이용의 기회를 제공한다."
167,10-2023-0137369,1020230137369,1020230137369,,4,PE0902,거절이유통지,20250623,심사관은 특허법 제62조(특허거절결정)에 따라 특허거절결정을 하고자 할 때에는 출원인에게 거절이유를 통지하고 기간을 정하여 의견서를 제출할 기회를 주어야 한다. 다만 특허법 제51조(보정각하)에 따라 보정각하결정을 할때는 그러지 아니한다. 심사관이 행하는 거절이유통지는 2종류로 구분되며 그 종류에 따라 출원인이 할 수 있는 명세서 또는 도면의 보정 범위가 다르게 제한된다. 하나는 거절이유통지에 대한 보정에 따라 발생한 거절이유만을 통지하는 거절이유통지(최후거절이유통지)와 다른 하나는 출원인이 처음으로 받거나 최후거절이유통지가 아닌 거절이유통지(최초거절이유통지)를 말한다.
